ISO-10303-21;
HEADER;
FILE_DESCRIPTION(('ViewDefinition [Renga View]'),'2;1');
FILE_NAME('Renga \X2\043A043E04420442043504340436\X0\ \X2\0434043B044F\X0\ \X2\04410435044004380430043B0430\X0\.ifc','2025-06-03T17:29:37',('a.n.babinov'),(''),'IfcPlusPlus','Renga Professional 8.4.16817.0','');
FILE_SCHEMA(('IFC4'));
ENDSEC;
DATA;
#1= IFCCARTESIANPOINT((0.,0.,0.));
#2= IFCDIRECTION((0.,0.,1.));
#3= IFCDIRECTION((1.,0.,0.));
#4= IFCAXIS2PLACEMENT3D(#1,#2,#3);
#5= IFCGEOMETRICREPRESENTATIONCONTEXT('Model','Model',3,0.000001,#4,$);
#6= IFCSIUNIT(*,.VOLUMEUNIT.,$,.CUBIC_METRE.);
#7= IFCSIUNIT(*,.MASSUNIT.,.KILO.,.GRAM.);
#8= IFCSIUNIT(*,.LENGTHUNIT.,.MILLI.,.METRE.);
#9= IFCSIUNIT(*,.AREAUNIT.,$,.SQUARE_METRE.);
#10= IFCSIUNIT(*,.ELECTRICVOLTAGEUNIT.,.KILO.,.VOLT.);
#11= IFCSIUNIT(*,.THERMODYNAMICTEMPERATUREUNIT.,$,.DEGREE_CELSIUS.);
#12= IFCSIUNIT(*,.PRESSUREUNIT.,.MEGA.,.PASCAL.);
#13= IFCSIUNIT(*,.PLANEANGLEUNIT.,$,.RADIAN.);
#14= IFCMEASUREWITHUNIT(IFCPLANEANGLEMEASURE(0.017453292519943),#13);
#15= IFCDIMENSIONALEXPONENTS(0,0,0,0,0,0,0);
#16= IFCCONVERSIONBASEDUNIT(#15,.PLANEANGLEUNIT.,'degree',#14);
#17= IFCSIUNIT(*,.POWERUNIT.,$,.WATT.);
#18= IFCSIUNIT(*,.LENGTHUNIT.,$,.METRE.);
#19= IFCSIUNIT(*,.THERMODYNAMICTEMPERATUREUNIT.,$,.KELVIN.);
#20= IFCDERIVEDUNITELEMENT(#17,1);
#21= IFCDERIVEDUNITELEMENT(#18,-1);
#22= IFCDERIVEDUNITELEMENT(#19,-1);
#23= IFCDERIVEDUNIT((#20,#21,#22),.THERMALCONDUCTANCEUNIT.,$);
#24= IFCDERIVEDUNITELEMENT(#7,1);
#25= IFCDERIVEDUNITELEMENT(#6,-1);
#26= IFCDERIVEDUNIT((#24,#25),.MASSDENSITYUNIT.,$);
#27= IFCUNITASSIGNMENT((#8,#9,#6,#7,#10,#11,#12,#13,#23,#26));
#28= IFCPROJECT('2d4J4_DD9AQhJSAeEumYGK',$,$,$,$,$,$,(#5),#27);
#29= IFCCARTESIANPOINT((0.,0.,0.));
#30= IFCDIRECTION((0.,0.,1.));
#31= IFCDIRECTION((1.,0.,0.));
#32= IFCAXIS2PLACEMENT3D(#29,#30,#31);
#33= IFCLOCALPLACEMENT($,#32);
#34= IFCSITE('1He3tZn$RoGRWM3MoIGi77',$,$,$,$,#33,$,$,.ELEMENT.,$,$,$,$,$);
#35= IFCCARTESIANPOINT((0.,0.,0.));
#36= IFCDIRECTION((0.,0.,1.));
#37= IFCDIRECTION((1.,0.,0.));
#38= IFCAXIS2PLACEMENT3D(#35,#36,#37);
#39= IFCLOCALPLACEMENT(#33,#38);
#40= IFCBUILDING('3p7dXSxDArI9bq8a_ef7Us',$,$,$,$,#39,$,$,.ELEMENT.,$,$,$);
#41= IFCGEOMETRICREPRESENTATIONSUBCONTEXT('Body','Model',*,*,*,*,#5,$,.MODEL_VIEW.,$);
#42= IFCGEOMETRICREPRESENTATIONSUBCONTEXT('Axis','Model',*,*,*,*,#5,$,.GRAPH_VIEW.,$);
#43= IFCGEOMETRICREPRESENTATIONSUBCONTEXT('FootPrint','Model',*,*,*,*,#5,$,.MODEL_VIEW.,$);
#44= IFCGEOMETRICREPRESENTATIONSUBCONTEXT('Reference','Model',*,*,*,*,#5,$,.MODEL_VIEW.,$);
#45= IFCRELAGGREGATES('1Jzj2xjLj4e8rdSG1r6eMS',$,$,$,#28,(#34));
#46= IFCRELAGGREGATES('0j64n51tjFCxefc_2lo9EN',$,$,$,#34,(#40));
#47= IFCCARTESIANPOINT((0.,0.,0.));
#48= IFCDIRECTION((0.,0.,1.));
#49= IFCDIRECTION((1.,0.,0.));
#50= IFCAXIS2PLACEMENT3D(#47,#48,#49);
#51= IFCLOCALPLACEMENT(#39,#50);
#52= IFCBUILDINGSTOREY('10j525UPTEIRdPU5z8tiSN',$,'1 \X2\044D0442\X0\',$,$,#51,$,$,.ELEMENT.,0.);
#53= IFCRELAGGREGATES('1WUja46TPCIv5ub7Wskmn6',$,$,$,#40,(#52));
#54= IFCWALL('2ck2lu7Gf6wfAYpNZMhESh',$,'\X2\042104420435043D0430\X0\: 480,00 \X2\043C043C\X0\',$,$,#59,#118,$,.STANDARD.);
#55= IFCCARTESIANPOINT((-0.000000000000683,0.000000000005457,-200.));
#56= IFCDIRECTION((0.,-0.,1.));
#57= IFCDIRECTION((1.,0.,0.));
#58= IFCAXIS2PLACEMENT3D(#55,#56,#57);
#59= IFCLOCALPLACEMENT(#51,#58);
#60= IFCPOLYLOOP((#61,#62,#63,#64));
#61= IFCCARTESIANPOINT((0.,-240.,0.));
#62= IFCCARTESIANPOINT((5100.000000000002728,-240.,0.));
#63= IFCCARTESIANPOINT((5100.000000000002728,-240.,3390.));
#64= IFCCARTESIANPOINT((0.,-240.,3390.));
#65= IFCFACEOUTERBOUND(#60,.T.);
#66= IFCPOLYLOOP((#67,#68,#69,#70));
#67= IFCCARTESIANPOINT((3949.999999999997272,-240.,900.));
#68= IFCCARTESIANPOINT((1149.999999999997272,-240.,900.));
#69= IFCCARTESIANPOINT((1149.999999999997272,-240.,2600.));
#70= IFCCARTESIANPOINT((3949.999999999997272,-240.,2600.));
#71= IFCFACEBOUND(#66,.T.);
#72= IFCFACE((#65,#71));
#73= IFCPOLYLOOP((#61,#74,#75,#62));
#74= IFCCARTESIANPOINT((0.,240.,0.));
#75= IFCCARTESIANPOINT((5100.000000000002728,240.,0.));
#76= IFCFACEOUTERBOUND(#73,.T.);
#77= IFCFACE((#76));
#78= IFCPOLYLOOP((#62,#75,#79,#63));
#79= IFCCARTESIANPOINT((5100.000000000002728,240.,3390.));
#80= IFCFACEOUTERBOUND(#78,.T.);
#81= IFCFACE((#80));
#82= IFCPOLYLOOP((#64,#63,#79,#83));
#83= IFCCARTESIANPOINT((0.,240.,3390.));
#84= IFCFACEOUTERBOUND(#82,.T.);
#85= IFCFACE((#84));
#86= IFCPOLYLOOP((#74,#61,#64,#83));
#87= IFCFACEOUTERBOUND(#86,.T.);
#88= IFCFACE((#87));
#89= IFCPOLYLOOP((#68,#67,#90,#91));
#90= IFCCARTESIANPOINT((3949.999999999997272,240.,900.));
#91= IFCCARTESIANPOINT((1149.999999999997272,240.,900.));
#92= IFCFACEOUTERBOUND(#89,.T.);
#93= IFCFACE((#92));
#94= IFCPOLYLOOP((#69,#68,#91,#95));
#95= IFCCARTESIANPOINT((1149.999999999997272,240.,2600.));
#96= IFCFACEOUTERBOUND(#94,.T.);
#97= IFCFACE((#96));
#98= IFCPOLYLOOP((#70,#69,#95,#99));
#99= IFCCARTESIANPOINT((3949.999999999997272,240.,2600.));
#100= IFCFACEOUTERBOUND(#98,.T.);
#101= IFCFACE((#100));
#102= IFCPOLYLOOP((#67,#70,#99,#90));
#103= IFCFACEOUTERBOUND(#102,.T.);
#104= IFCFACE((#103));
#105= IFCPOLYLOOP((#75,#74,#83,#79));
#106= IFCFACEOUTERBOUND(#105,.T.);
#107= IFCPOLYLOOP((#91,#90,#99,#95));
#108= IFCFACEBOUND(#107,.T.);
#109= IFCFACE((#106,#108));
#110= IFCCLOSEDSHELL((#72,#77,#81,#85,#88,#93,#97,#101,#104,#109));
#111= IFCFACETEDBREP(#110);
#112= IFCSHAPEREPRESENTATION(#41,'Body','Brep',(#111));
#113= IFCSHAPEREPRESENTATION(#41,'Body','Brep',(#111));
#114= IFCSHAPEASPECT((#112),'\X2\0421043B043E0439\X0\ 1 - BWS_\X2\041A043B04300434043A0430\X0\: 480,00 \X2\043C043C\X0\',$,.U.,#118);
#115= IFCCARTESIANPOINTLIST2D(((0.,0.),(5100.000000000002728,0.)));
#116= IFCINDEXEDPOLYCURVE(#115,$,$);
#117= IFCSHAPEREPRESENTATION(#42,'Axis','Curve2D',(#116));
#118= IFCPRODUCTDEFINITIONSHAPE($,$,(#113,#117));
#119= IFCRELCONTAINEDINSPATIALSTRUCTURE('1lleHiyIHDCfGRTkWf5CT6',$,$,$,(#54,#130,#184,#245,#311,#440,#525,#634,#699,#760,#814,#888,#951,#1008,#1072,#1124,#1176,#1228,#1280,#1332,#1386,#1438,#1490,#1540,#1592,#1644,#1696,#1748,#1800,#1820,#1840,#1860,#1914,#1966,#2018,#2070,#2090,#2144,#2164,#2184,#2204,#2258,#2391,#2476,#2581,#2631,#2692,#2760,#2821,#2875,#2928,#2985,#3047,#3101,#3163,#3217,#3269,#3289,#3346,#3423,#3478,#3531,#3584,#3638,#3691,#3711,#3764,#3825,#3886,#3940,#3994,#4055,#4116,#4173,#4236,#4300,#4354,#4524,#4730,#4924,#5118,#5174,#5368,#5424,#6031,#6235,#6514,#6565,#6616,#6973,#7330,#7381,#7492,#7829,#7865,#7880,#7913,#7928,#7943,#7958,#8016,#8089,#8160,#8304,#8367,#8430,#8559,#8622,#8685,#8735,#8784,#8833,#8902,#8970,#9093,#9107,#9175,#9599,#9964,#10138,#10312,#10583,#10975,#11228,#11341),#52);
#120= IFCMATERIAL('BWS_\X2\041A043B04300434043A0430\X0\',$,$);
#121= IFCCOLOURRGB($,0.556862745098039,0.32156862745098,0.282352941176471);
#122= IFCSURFACESTYLESHADING(#121,$);
#123= IFCSURFACESTYLE($,.BOTH.,(#122));
#124= IFCSTYLEDITEM($,(#123),$);
#125= IFCSTYLEDREPRESENTATION(#5,$,$,(#124));
#126= IFCMATERIALDEFINITIONREPRESENTATION($,$,(#125),#120);
#127= IFCMATERIALCONSTITUENT('\X2\0421043B043E0439\X0\ 1 - BWS_\X2\041A043B04300434043A0430\X0\: 480,00 \X2\043C043C\X0\',$,#120,$,$);
#128= IFCMATERIALCONSTITUENTSET('BWS_480_480 \X2\041A043B04300434043A0430\X0\',$,(#127));
#129= IFCRELASSOCIATESMATERIAL('1d6zXvz$54WeNP6pA$GM0G',$,$,$,(#54,#130,#184,#311,#440,#525),#128);
#130= IFCWALL('0$3wCKnnbAjAs9cMhJodYW',$,'\X2\042104420435043D0430\X0\: 480,00 \X2\043C043C\X0\',$,$,#135,#182,$,.STANDARD.);
#131= IFCCARTESIANPOINT((5100.000000000001819,-0.000000000014959,-200.));
#132= IFCDIRECTION((0.,-0.,1.));
#133= IFCDIRECTION((0.,1.,0.));
#134= IFCAXIS2PLACEMENT3D(#131,#132,#133);
#135= IFCLOCALPLACEMENT(#51,#134);
#136= IFCPOLYLOOP((#137,#138,#139,#140));
#137= IFCCARTESIANPOINT((5340.000000000001819,-0.000000000014959,-200.));
#138= IFCCARTESIANPOINT((5340.000000000001819,1399.999999999984993,-200.));
#139= IFCCARTESIANPOINT((5340.000000000001819,1399.999999999984993,3190.));
#140= IFCCARTESIANPOINT((5340.000000000001819,-0.000000000014959,3190.));
#141= IFCFACEOUTERBOUND(#136,.T.);
#142= IFCFACE((#141));
#143= IFCPOLYLOOP((#137,#144,#145,#138));
#144= IFCCARTESIANPOINT((4860.000000000001819,-0.000000000014959,-200.));
#145= IFCCARTESIANPOINT((4860.000000000001819,1399.999999999984993,-200.));
#146= IFCFACEOUTERBOUND(#143,.T.);
#147= IFCFACE((#146));
#148= IFCPOLYLOOP((#138,#145,#149,#139));
#149= IFCCARTESIANPOINT((4860.000000000001819,1399.999999999984993,3190.));
#150= IFCFACEOUTERBOUND(#148,.T.);
#151= IFCFACE((#150));
#152= IFCPOLYLOOP((#140,#139,#149,#153));
#153= IFCCARTESIANPOINT((4860.000000000001819,-0.000000000014959,3190.));
#154= IFCFACEOUTERBOUND(#152,.T.);
#155= IFCFACE((#154));
#156= IFCPOLYLOOP((#144,#137,#140,#153));
#157= IFCFACEOUTERBOUND(#156,.T.);
#158= IFCFACE((#157));
#159= IFCPOLYLOOP((#145,#144,#153,#149));
#160= IFCFACEOUTERBOUND(#159,.T.);
#161= IFCFACE((#160));
#162= IFCCLOSEDSHELL((#142,#147,#151,#155,#158,#161));
#163= IFCFACETEDBREP(#162);
#164= IFCSHAPEREPRESENTATION(#41,'Body','Brep',(#163));
#165= IFCCARTESIANPOINT((0.,0.,0.));
#166= IFCDIRECTION((0.,0.,1.));
#167= IFCDIRECTION((1.,0.,0.));
#168= IFCAXIS2PLACEMENT3D(#165,#166,#167);
#169= IFCREPRESENTATIONMAP(#168,#164);
#170= IFCDIRECTION((0.,-1.,0.));
#171= IFCDIRECTION((1.,0.,-0.));
#172= IFCDIRECTION((0.,0.,1.));
#173= IFCCARTESIANPOINT((0.000000000014959,5100.000000000001819,200.));
#174= IFCCARTESIANTRANSFORMATIONOPERATOR3D(#170,#171,#173,1.,#172);
#175= IFCMAPPEDITEM(#169,#174);
#176= IFCSHAPEREPRESENTATION(#41,'Body','MappedRepresentation',(#175));
#177= IFCSHAPEREPRESENTATION(#41,'Body','MappedRepresentation',(#175));
#178= IFCSHAPEASPECT((#176),'Gross material layer',$,.U.,#182);
#179= IFCCARTESIANPOINTLIST2D(((0.,0.),(1400.,0.)));
#180= IFCINDEXEDPOLYCURVE(#179,$,$);
#181= IFCSHAPEREPRESENTATION(#42,'Axis','Curve2D',(#180));
#182= IFCPRODUCTDEFINITIONSHAPE($,$,(#177,#181));
#183= IFCSTYLEDITEM(#175,(#123),$);
#184= IFCWALL('2aZ$de1RP8xwZXnFx0OXF7',$,'\X2\042104420435043D0430\X0\: 480,00 \X2\043C043C\X0\',$,$,#189,#244,$,.STANDARD.);
#185= IFCCARTESIANPOINT((5100.000000000001819,1399.999999999984993,-200.));
#186= IFCDIRECTION((0.,-0.,1.));
#187= IFCDIRECTION((1.,0.,0.));
#188= IFCAXIS2PLACEMENT3D(#185,#186,#187);
#189= IFCLOCALPLACEMENT(#51,#188);
#190= IFCPOLYLOOP((#61,#191,#192,#64));
#191= IFCCARTESIANPOINT((4900.,-240.,0.));
#192= IFCCARTESIANPOINT((4900.,-240.,3390.));
#193= IFCFACEOUTERBOUND(#190,.T.);
#194= IFCPOLYLOOP((#195,#196,#197,#198));
#195= IFCCARTESIANPOINT((4210.000000000005457,-240.,900.));
#196= IFCCARTESIANPOINT((1410.000000000005457,-240.,900.));
#197= IFCCARTESIANPOINT((1410.000000000005457,-240.,2600.));
#198= IFCCARTESIANPOINT((4210.000000000005457,-240.,2600.));
#199= IFCFACEBOUND(#194,.T.);
#200= IFCFACE((#193,#199));
#201= IFCPOLYLOOP((#61,#74,#202,#191));
#202= IFCCARTESIANPOINT((4900.,240.,0.));
#203= IFCFACEOUTERBOUND(#201,.T.);
#204= IFCFACE((#203));
#205= IFCPOLYLOOP((#191,#202,#206,#192));
#206= IFCCARTESIANPOINT((4900.,240.,3390.));
#207= IFCFACEOUTERBOUND(#205,.T.);
#208= IFCFACE((#207));
#209= IFCPOLYLOOP((#64,#192,#206,#83));
#210= IFCFACEOUTERBOUND(#209,.T.);
#211= IFCFACE((#210));
#212= IFCPOLYLOOP((#74,#61,#64,#83));
#213= IFCFACEOUTERBOUND(#212,.T.);
#214= IFCFACE((#213));
#215= IFCPOLYLOOP((#196,#195,#216,#217));
#216= IFCCARTESIANPOINT((4210.000000000005457,240.,900.));
#217= IFCCARTESIANPOINT((1410.000000000005457,240.,900.));
#218= IFCFACEOUTERBOUND(#215,.T.);
#219= IFCFACE((#218));
#220= IFCPOLYLOOP((#197,#196,#217,#221));
#221= IFCCARTESIANPOINT((1410.000000000005457,240.,2600.));
#222= IFCFACEOUTERBOUND(#220,.T.);
#223= IFCFACE((#222));
#224= IFCPOLYLOOP((#198,#197,#221,#225));
#225= IFCCARTESIANPOINT((4210.000000000005457,240.,2600.));
#226= IFCFACEOUTERBOUND(#224,.T.);
#227= IFCFACE((#226));
#228= IFCPOLYLOOP((#195,#198,#225,#216));
#229= IFCFACEOUTERBOUND(#228,.T.);
#230= IFCFACE((#229));
#231= IFCPOLYLOOP((#202,#74,#83,#206));
#232= IFCFACEOUTERBOUND(#231,.T.);
#233= IFCPOLYLOOP((#217,#216,#225,#221));
#234= IFCFACEBOUND(#233,.T.);
#235= IFCFACE((#232,#234));
#236= IFCCLOSEDSHELL((#200,#204,#208,#211,#214,#219,#223,#227,#230,#235));
#237= IFCFACETEDBREP(#236);
#238= IFCSHAPEREPRESENTATION(#41,'Body','Brep',(#237));
#239= IFCSHAPEREPRESENTATION(#41,'Body','Brep',(#237));
#240= IFCSHAPEASPECT((#238),'\X2\0421043B043E0439\X0\ 1 - BWS_\X2\041A043B04300434043A0430\X0\: 480,00 \X2\043C043C\X0\',$,.U.,#244);
#241= IFCCARTESIANPOINTLIST2D(((0.,0.),(4900.,0.)));
#242= IFCINDEXEDPOLYCURVE(#241,$,$);
#243= IFCSHAPEREPRESENTATION(#42,'Axis','Curve2D',(#242));
#244= IFCPRODUCTDEFINITIONSHAPE($,$,(#239,#243));
#245= IFCWALL('2usMJe6N56K8NM9KMFcpWi',$,'\X2\042104420435043D0430\X0\: 400,00 \X2\043C043C\X0\',$,$,#250,#307,$,.STANDARD.);
#246= IFCCARTESIANPOINT((5100.000000000005457,1399.999999999985221,-200.));
#247= IFCDIRECTION((0.,-0.,1.));
#248= IFCDIRECTION((0.,1.,0.));
#249= IFCAXIS2PLACEMENT3D(#246,#247,#248);
#250= IFCLOCALPLACEMENT(#51,#249);
#251= IFCPOLYLOOP((#252,#253,#254,#255));
#252= IFCCARTESIANPOINT((0.,-160.,0.));
#253= IFCCARTESIANPOINT((4999.999999999983629,-160.,0.));
#254= IFCCARTESIANPOINT((4999.999999999983629,-160.,3390.));
#255= IFCCARTESIANPOINT((0.,-160.,3390.));
#256= IFCFACEOUTERBOUND(#251,.T.);
#257= IFCPOLYLOOP((#258,#259,#260,#261));
#258= IFCCARTESIANPOINT((4100.00000000003638,-160.,200.));
#259= IFCCARTESIANPOINT((2100.00000000003638,-160.,200.));
#260= IFCCARTESIANPOINT((2100.00000000003638,-160.,2300.));
#261= IFCCARTESIANPOINT((4100.00000000003638,-160.,2300.));
#262= IFCFACEBOUND(#257,.T.);
#263= IFCFACE((#256,#262));
#264= IFCPOLYLOOP((#252,#74,#265,#253));
#265= IFCCARTESIANPOINT((4999.999999999983629,240.,0.));
#266= IFCFACEOUTERBOUND(#264,.T.);
#267= IFCFACE((#266));
#268= IFCPOLYLOOP((#253,#265,#269,#254));
#269= IFCCARTESIANPOINT((4999.999999999983629,240.,3390.));
#270= IFCFACEOUTERBOUND(#268,.T.);
#271= IFCFACE((#270));
#272= IFCPOLYLOOP((#255,#254,#269,#83));
#273= IFCFACEOUTERBOUND(#272,.T.);
#274= IFCFACE((#273));
#275= IFCPOLYLOOP((#74,#252,#255,#83));
#276= IFCFACEOUTERBOUND(#275,.T.);
#277= IFCFACE((#276));
#278= IFCPOLYLOOP((#259,#258,#279,#280));
#279= IFCCARTESIANPOINT((4100.00000000003638,240.,200.));
#280= IFCCARTESIANPOINT((2100.00000000003638,240.,200.));
#281= IFCFACEOUTERBOUND(#278,.T.);
#282= IFCFACE((#281));
#283= IFCPOLYLOOP((#260,#259,#280,#284));
#284= IFCCARTESIANPOINT((2100.00000000003638,240.,2300.));
#285= IFCFACEOUTERBOUND(#283,.T.);
#286= IFCFACE((#285));
#287= IFCPOLYLOOP((#261,#260,#284,#288));
#288= IFCCARTESIANPOINT((4100.00000000003638,240.,2300.));
#289= IFCFACEOUTERBOUND(#287,.T.);
#290= IFCFACE((#289));
#291= IFCPOLYLOOP((#258,#261,#288,#279));
#292= IFCFACEOUTERBOUND(#291,.T.);
#293= IFCFACE((#292));
#294= IFCPOLYLOOP((#265,#74,#83,#269));
#295= IFCFACEOUTERBOUND(#294,.T.);
#296= IFCPOLYLOOP((#280,#279,#288,#284));
#297= IFCFACEBOUND(#296,.T.);
#298= IFCFACE((#295,#297));
#299= IFCCLOSEDSHELL((#263,#267,#271,#274,#277,#282,#286,#290,#293,#298));
#300= IFCFACETEDBREP(#299);
#301= IFCSHAPEREPRESENTATION(#41,'Body','Brep',(#300));
#302= IFCSHAPEREPRESENTATION(#41,'Body','Brep',(#300));
#303= IFCSHAPEASPECT((#301),'\X2\0421043B043E0439\X0\ 1 - BWS_\X2\041A043B04300434043A0430\X0\: 400,00 \X2\043C043C\X0\',$,.U.,#307);
#304= IFCCARTESIANPOINTLIST2D(((0.,0.),(4999.999999999983629,0.)));
#305= IFCINDEXEDPOLYCURVE(#304,$,$);
#306= IFCSHAPEREPRESENTATION(#42,'Axis','Curve2D',(#305));
#307= IFCPRODUCTDEFINITIONSHAPE($,$,(#302,#306));
#308= IFCMATERIALCONSTITUENT('\X2\0421043B043E0439\X0\ 1 - BWS_\X2\041A043B04300434043A0430\X0\: 400,00 \X2\043C043C\X0\',$,#120,$,$);
#309= IFCMATERIALCONSTITUENTSET('BWS_400_400 \X2\041A043B04300434043A0430\X0\',$,(#308));
#310= IFCRELASSOCIATESMATERIAL('3qJD5HlMjDWuAq__e$wUKX',$,$,$,(#245,#634,#699,#760),#309);
#311= IFCWALL('3Xqz6KgN5E2gwp8I6GYsCT',$,'\X2\042104420435043D0430\X0\: 480,00 \X2\043C043C\X0\',$,$,#316,#439,$,.STANDARD.);
#312= IFCCARTESIANPOINT((10000.000000000001819,1399.999999999984993,-200.));
#313= IFCDIRECTION((0.,-0.,1.));
#314= IFCDIRECTION((0.,1.,0.));
#315= IFCAXIS2PLACEMENT3D(#312,#313,#314);
#316= IFCLOCALPLACEMENT(#51,#315);
#317= IFCPOLYLOOP((#318,#319,#320,#64,#61,#321,#322,#323));
#318= IFCCARTESIANPOINT((6683.915670774859791,-239.999999999998181,2700.));
#319= IFCCARTESIANPOINT((5783.915670774859791,-239.999999999998181,2700.));
#320= IFCCARTESIANPOINT((5783.915670774859791,-240.,3390.));
#321= IFCCARTESIANPOINT((10799.999999999989086,-240.,0.));
#322= IFCCARTESIANPOINT((10799.999999999989086,-240.,3390.));
#323= IFCCARTESIANPOINT((6683.915670774859791,-240.,3390.));
#324= IFCFACEOUTERBOUND(#317,.T.);
#325= IFCPOLYLOOP((#326,#327,#328,#329));
#326= IFCCARTESIANPOINT((3949.666059627953473,-240.,200.));
#327= IFCCARTESIANPOINT((2949.666059627953473,-240.,200.));
#328= IFCCARTESIANPOINT((2949.666059627953473,-240.,2300.));
#329= IFCCARTESIANPOINT((3949.666059627953473,-240.,2300.));
#330= IFCFACEBOUND(#325,.T.);
#331= IFCPOLYLOOP((#332,#333,#334,#335));
#332= IFCCARTESIANPOINT((10194.99999999998181,-240.,200.));
#333= IFCCARTESIANPOINT((9194.99999999998181,-240.,200.));
#334= IFCCARTESIANPOINT((9194.99999999998181,-240.,2300.));
#335= IFCCARTESIANPOINT((10194.99999999998181,-240.,2300.));
#336= IFCFACEBOUND(#331,.T.);
#337= IFCPOLYLOOP((#338,#339,#340,#341));
#338= IFCCARTESIANPOINT((8699.99999999998181,-239.999999999998181,900.));
#339= IFCCARTESIANPOINT((7799.99999999998272,-239.999999999998181,900.));
#340= IFCCARTESIANPOINT((7799.99999999998272,-239.999999999998181,2600.));
#341= IFCCARTESIANPOINT((8699.99999999998181,-239.999999999998181,2600.));
#342= IFCFACEBOUND(#337,.T.);
#343= IFCFACE((#324,#330,#336,#342));
#344= IFCPOLYLOOP((#319,#318,#345,#346));
#345= IFCCARTESIANPOINT((6683.915670774859791,240.000000000001819,2700.));
#346= IFCCARTESIANPOINT((5783.915670774859791,240.000000000001819,2700.));
#347= IFCFACEOUTERBOUND(#344,.T.);
#348= IFCFACE((#347));
#349= IFCPOLYLOOP((#320,#319,#346,#350));
#350= IFCCARTESIANPOINT((5783.915670774859791,240.,3390.));
#351= IFCFACEOUTERBOUND(#349,.T.);
#352= IFCFACE((#351));
#353= IFCPOLYLOOP((#320,#350,#83,#64));
#354= IFCFACEOUTERBOUND(#353,.T.);
#355= IFCFACE((#354));
#356= IFCPOLYLOOP((#74,#61,#64,#83));
#357= IFCFACEOUTERBOUND(#356,.T.);
#358= IFCFACE((#357));
#359= IFCPOLYLOOP((#61,#74,#360,#321));
#360= IFCCARTESIANPOINT((10799.999999999989086,240.,0.));
#361= IFCFACEOUTERBOUND(#359,.T.);
#362= IFCFACE((#361));
#363= IFCPOLYLOOP((#321,#360,#364,#322));
#364= IFCCARTESIANPOINT((10799.999999999989086,240.,3390.));
#365= IFCFACEOUTERBOUND(#363,.T.);
#366= IFCFACE((#365));
#367= IFCPOLYLOOP((#368,#323,#322,#364));
#368= IFCCARTESIANPOINT((6683.915670774859791,240.,3390.));
#369= IFCFACEOUTERBOUND(#367,.T.);
#370= IFCFACE((#369));
#371= IFCPOLYLOOP((#318,#323,#368,#345));
#372= IFCFACEOUTERBOUND(#371,.T.);
#373= IFCFACE((#372));
#374= IFCPOLYLOOP((#327,#326,#375,#376));
#375= IFCCARTESIANPOINT((3949.666059627953473,240.,200.));
#376= IFCCARTESIANPOINT((2949.666059627953473,240.,200.));
#377= IFCFACEOUTERBOUND(#374,.T.);
#378= IFCFACE((#377));
#379= IFCPOLYLOOP((#328,#327,#376,#380));
#380= IFCCARTESIANPOINT((2949.666059627953473,240.,2300.));
#381= IFCFACEOUTERBOUND(#379,.T.);
#382= IFCFACE((#381));
#383= IFCPOLYLOOP((#329,#328,#380,#384));
#384= IFCCARTESIANPOINT((3949.666059627953473,240.,2300.));
#385= IFCFACEOUTERBOUND(#383,.T.);
#386= IFCFACE((#385));
#387= IFCPOLYLOOP((#326,#329,#384,#375));
#388= IFCFACEOUTERBOUND(#387,.T.);
#389= IFCFACE((#388));
#390= IFCPOLYLOOP((#333,#332,#391,#392));
#391= IFCCARTESIANPOINT((10194.99999999998181,240.,200.));
#392= IFCCARTESIANPOINT((9194.99999999998181,240.,200.));
#393= IFCFACEOUTERBOUND(#390,.T.);
#394= IFCFACE((#393));
#395= IFCPOLYLOOP((#334,#333,#392,#396));
#396= IFCCARTESIANPOINT((9194.99999999998181,240.,2300.));
#397= IFCFACEOUTERBOUND(#395,.T.);
#398= IFCFACE((#397));
#399= IFCPOLYLOOP((#335,#334,#396,#400));
#400= IFCCARTESIANPOINT((10194.99999999998181,240.,2300.));
#401= IFCFACEOUTERBOUND(#399,.T.);
#402= IFCFACE((#401));
#403= IFCPOLYLOOP((#332,#335,#400,#391));
#404= IFCFACEOUTERBOUND(#403,.T.);
#405= IFCFACE((#404));
#406= IFCPOLYLOOP((#339,#338,#407,#408));
#407= IFCCARTESIANPOINT((8699.99999999998181,240.000000000001819,900.));
#408= IFCCARTESIANPOINT((7799.99999999998272,240.000000000001819,900.));
#409= IFCFACEOUTERBOUND(#406,.T.);
#410= IFCFACE((#409));
#411= IFCPOLYLOOP((#340,#339,#408,#412));
#412= IFCCARTESIANPOINT((7799.99999999998272,240.000000000001819,2600.));
#413= IFCFACEOUTERBOUND(#411,.T.);
#414= IFCFACE((#413));
#415= IFCPOLYLOOP((#341,#340,#412,#416));
#416= IFCCARTESIANPOINT((8699.99999999998181,240.000000000001819,2600.));
#417= IFCFACEOUTERBOUND(#415,.T.);
#418= IFCFACE((#417));
#419= IFCPOLYLOOP((#338,#341,#416,#407));
#420= IFCFACEOUTERBOUND(#419,.T.);
#421= IFCFACE((#420));
#422= IFCPOLYLOOP((#346,#345,#368,#364,#360,#74,#83,#350));
#423= IFCFACEOUTERBOUND(#422,.T.);
#424= IFCPOLYLOOP((#376,#375,#384,#380));
#425= IFCFACEBOUND(#424,.T.);
#426= IFCPOLYLOOP((#392,#391,#400,#396));
#427= IFCFACEBOUND(#426,.T.);
#428= IFCPOLYLOOP((#408,#407,#416,#412));
#429= IFCFACEBOUND(#428,.T.);
#430= IFCFACE((#423,#425,#427,#429));
#431= IFCCLOSEDSHELL((#343,#348,#352,#355,#358,#362,#366,#370,#373,#378,#382,#386,#389,#394,#398,#402,#405,#410,#414,#418,#421,#430));
#432= IFCFACETEDBREP(#431);
#433= IFCSHAPEREPRESENTATION(#41,'Body','Brep',(#432));
#434= IFCSHAPEREPRESENTATION(#41,'Body','Brep',(#432));
#435= IFCSHAPEASPECT((#433),'\X2\0421043B043E0439\X0\ 1 - BWS_\X2\041A043B04300434043A0430\X0\: 480,00 \X2\043C043C\X0\',$,.U.,#439);
#436= IFCCARTESIANPOINTLIST2D(((0.,0.),(10799.999999999989086,0.)));
#437= IFCINDEXEDPOLYCURVE(#436,$,$);
#438= IFCSHAPEREPRESENTATION(#42,'Axis','Curve2D',(#437));
#439= IFCPRODUCTDEFINITIONSHAPE($,$,(#434,#438));
#440= IFCWALL('0jtrCYMgT3SezNp1p8HFUJ',$,'\X2\042104420435043D0430\X0\: 480,00 \X2\043C043C\X0\',$,$,#445,#524,$,.STANDARD.);
#441= IFCCARTESIANPOINT((10000.000000000003638,12199.999999999974534,-200.));
#442= IFCDIRECTION((0.,0.,1.));
#443= IFCDIRECTION((-1.,0.,0.));
#444= IFCAXIS2PLACEMENT3D(#441,#442,#443);
#445= IFCLOCALPLACEMENT(#51,#444);
#446= IFCPOLYLOOP((#61,#447,#448,#64));
#447= IFCCARTESIANPOINT((9999.999999999983629,-240.,0.));
#448= IFCCARTESIANPOINT((9999.999999999983629,-240.,3390.));
#449= IFCFACEOUTERBOUND(#446,.T.);
#450= IFCPOLYLOOP((#451,#452,#453,#454));
#451= IFCCARTESIANPOINT((4571.405775609731791,-240.,2000.));
#452= IFCCARTESIANPOINT((3371.405775609731791,-240.,2000.));
#453= IFCCARTESIANPOINT((3371.405775609731791,-240.,2600.));
#454= IFCCARTESIANPOINT((4571.405775609731791,-240.,2600.));
#455= IFCFACEBOUND(#450,.T.);
#456= IFCPOLYLOOP((#457,#458,#459,#460));
#457= IFCCARTESIANPOINT((6579.777033255602873,-240.,900.));
#458= IFCCARTESIANPOINT((5679.777033255602873,-240.,900.));
#459= IFCCARTESIANPOINT((5679.777033255602873,-240.,2600.));
#460= IFCCARTESIANPOINT((6579.777033255602873,-240.,2600.));
#461= IFCFACEBOUND(#456,.T.);
#462= IFCFACE((#449,#455,#461));
#463= IFCPOLYLOOP((#61,#74,#464,#447));
#464= IFCCARTESIANPOINT((9999.999999999983629,240.,0.));
#465= IFCFACEOUTERBOUND(#463,.T.);
#466= IFCFACE((#465));
#467= IFCPOLYLOOP((#447,#464,#468,#448));
#468= IFCCARTESIANPOINT((9999.999999999983629,240.,3390.));
#469= IFCFACEOUTERBOUND(#467,.T.);
#470= IFCFACE((#469));
#471= IFCPOLYLOOP((#64,#448,#468,#83));
#472= IFCFACEOUTERBOUND(#471,.T.);
#473= IFCFACE((#472));
#474= IFCPOLYLOOP((#74,#61,#64,#83));
#475= IFCFACEOUTERBOUND(#474,.T.);
#476= IFCFACE((#475));
#477= IFCPOLYLOOP((#452,#451,#478,#479));
#478= IFCCARTESIANPOINT((4571.405775609731791,240.,2000.));
#479= IFCCARTESIANPOINT((3371.405775609731791,240.,2000.));
#480= IFCFACEOUTERBOUND(#477,.T.);
#481= IFCFACE((#480));
#482= IFCPOLYLOOP((#453,#452,#479,#483));
#483= IFCCARTESIANPOINT((3371.405775609731791,240.,2600.));
#484= IFCFACEOUTERBOUND(#482,.T.);
#485= IFCFACE((#484));
#486= IFCPOLYLOOP((#454,#453,#483,#487));
#487= IFCCARTESIANPOINT((4571.405775609731791,240.,2600.));
#488= IFCFACEOUTERBOUND(#486,.T.);
#489= IFCFACE((#488));
#490= IFCPOLYLOOP((#451,#454,#487,#478));
#491= IFCFACEOUTERBOUND(#490,.T.);
#492= IFCFACE((#491));
#493= IFCPOLYLOOP((#458,#457,#494,#495));
#494= IFCCARTESIANPOINT((6579.777033255602873,240.,900.));
#495= IFCCARTESIANPOINT((5679.777033255602873,240.,900.));
#496= IFCFACEOUTERBOUND(#493,.T.);
#497= IFCFACE((#496));
#498= IFCPOLYLOOP((#459,#458,#495,#499));
#499= IFCCARTESIANPOINT((5679.777033255602873,240.,2600.));
#500= IFCFACEOUTERBOUND(#498,.T.);
#501= IFCFACE((#500));
#502= IFCPOLYLOOP((#460,#459,#499,#503));
#503= IFCCARTESIANPOINT((6579.777033255602873,240.,2600.));
#504= IFCFACEOUTERBOUND(#502,.T.);
#505= IFCFACE((#504));
#506= IFCPOLYLOOP((#457,#460,#503,#494));
#507= IFCFACEOUTERBOUND(#506,.T.);
#508= IFCFACE((#507));
#509= IFCPOLYLOOP((#464,#74,#83,#468));
#510= IFCFACEOUTERBOUND(#509,.T.);
#511= IFCPOLYLOOP((#479,#478,#487,#483));
#512= IFCFACEBOUND(#511,.T.);
#513= IFCPOLYLOOP((#495,#494,#503,#499));
#514= IFCFACEBOUND(#513,.T.);
#515= IFCFACE((#510,#512,#514));
#516= IFCCLOSEDSHELL((#462,#466,#470,#473,#476,#481,#485,#489,#492,#497,#501,#505,#508,#515));
#517= IFCFACETEDBREP(#516);
#518= IFCSHAPEREPRESENTATION(#41,'Body','Brep',(#517));
#519= IFCSHAPEREPRESENTATION(#41,'Body','Brep',(#517));
#520= IFCSHAPEASPECT((#518),'\X2\0421043B043E0439\X0\ 1 - BWS_\X2\041A043B04300434043A0430\X0\: 480,00 \X2\043C043C\X0\',$,.U.,#524);
#521= IFCCARTESIANPOINTLIST2D(((0.,0.),(9999.999999999983629,0.)));
#522= IFCINDEXEDPOLYCURVE(#521,$,$);
#523= IFCSHAPEREPRESENTATION(#42,'Axis','Curve2D',(#522));
#524= IFCPRODUCTDEFINITIONSHAPE($,$,(#519,#523));
#525= IFCWALL('2xf052BsX7C9tboL6VaFai',$,'\X2\042104420435043D0430\X0\: 480,00 \X2\043C043C\X0\',$,$,#530,#633,$,.STANDARD.);
#526= IFCCARTESIANPOINT((0.000000000019682,12199.999999999974534,-200.));
#527= IFCDIRECTION((0.,0.,1.));
#528= IFCDIRECTION((-0.,-1.,0.));
#529= IFCAXIS2PLACEMENT3D(#526,#527,#528);
#530= IFCLOCALPLACEMENT(#51,#529);
#531= IFCPOLYLOOP((#61,#532,#533,#64));
#532= IFCCARTESIANPOINT((12199.999999999972715,-239.999999999999972,0.));
#533= IFCCARTESIANPOINT((12199.999999999972715,-239.999999999999972,3390.));
#534= IFCFACEOUTERBOUND(#531,.T.);
#535= IFCPOLYLOOP((#536,#537,#538,#539));
#536= IFCCARTESIANPOINT((4904.406754598530824,-239.999999999999972,200.));
#537= IFCCARTESIANPOINT((4004.406754598530824,-239.999999999999972,200.));
#538= IFCCARTESIANPOINT((4004.406754598530824,-239.999999999999972,2300.));
#539= IFCCARTESIANPOINT((4904.406754598530824,-239.999999999999972,2300.));
#540= IFCFACEBOUND(#535,.T.);
#541= IFCPOLYLOOP((#542,#543,#544,#545));
#542= IFCCARTESIANPOINT((1985.884330363864137,-239.999999999999972,900.));
#543= IFCCARTESIANPOINT((1085.884330363864137,-239.999999999999972,900.));
#544= IFCCARTESIANPOINT((1085.884330363864137,-239.999999999999972,2600.));
#545= IFCCARTESIANPOINT((1985.884330363864137,-239.999999999999972,2600.));
#546= IFCFACEBOUND(#541,.T.);
#547= IFCPOLYLOOP((#548,#549,#550,#551));
#548= IFCCARTESIANPOINT((8357.505887775081646,-239.999999999999972,900.));
#549= IFCCARTESIANPOINT((7457.505887775081646,-240.,900.));
#550= IFCCARTESIANPOINT((7457.505887775081646,-240.,2600.));
#551= IFCCARTESIANPOINT((8357.505887775081646,-239.999999999999972,2600.));
#552= IFCFACEBOUND(#547,.T.);
#553= IFCFACE((#534,#540,#546,#552));
#554= IFCPOLYLOOP((#61,#74,#555,#532));
#555= IFCCARTESIANPOINT((12199.999999999972715,240.000000000000028,0.));
#556= IFCFACEOUTERBOUND(#554,.T.);
#557= IFCFACE((#556));
#558= IFCPOLYLOOP((#532,#555,#559,#533));
#559= IFCCARTESIANPOINT((12199.999999999972715,240.000000000000028,3390.));
#560= IFCFACEOUTERBOUND(#558,.T.);
#561= IFCFACE((#560));
#562= IFCPOLYLOOP((#64,#533,#559,#83));
#563= IFCFACEOUTERBOUND(#562,.T.);
#564= IFCFACE((#563));
#565= IFCPOLYLOOP((#74,#61,#64,#83));
#566= IFCFACEOUTERBOUND(#565,.T.);
#567= IFCFACE((#566));
#568= IFCPOLYLOOP((#537,#536,#569,#570));
#569= IFCCARTESIANPOINT((4904.406754598530824,240.000000000000028,200.));
#570= IFCCARTESIANPOINT((4004.406754598530824,240.000000000000028,200.));
#571= IFCFACEOUTERBOUND(#568,.T.);
#572= IFCFACE((#571));
#573= IFCPOLYLOOP((#538,#537,#570,#574));
#574= IFCCARTESIANPOINT((4004.406754598530824,240.000000000000028,2300.));
#575= IFCFACEOUTERBOUND(#573,.T.);
#576= IFCFACE((#575));
#577= IFCPOLYLOOP((#539,#538,#574,#578));
#578= IFCCARTESIANPOINT((4904.406754598530824,240.000000000000028,2300.));
#579= IFCFACEOUTERBOUND(#577,.T.);
#580= IFCFACE((#579));
#581= IFCPOLYLOOP((#536,#539,#578,#569));
#582= IFCFACEOUTERBOUND(#581,.T.);
#583= IFCFACE((#582));
#584= IFCPOLYLOOP((#543,#542,#585,#586));
#585= IFCCARTESIANPOINT((1985.884330363864137,240.000000000000028,900.));
#586= IFCCARTESIANPOINT((1085.884330363864137,240.000000000000028,900.));
#587= IFCFACEOUTERBOUND(#584,.T.);
#588= IFCFACE((#587));
#589= IFCPOLYLOOP((#544,#543,#586,#590));
#590= IFCCARTESIANPOINT((1085.884330363864137,240.000000000000028,2600.));
#591= IFCFACEOUTERBOUND(#589,.T.);
#592= IFCFACE((#591));
#593= IFCPOLYLOOP((#545,#544,#590,#594));
#594= IFCCARTESIANPOINT((1985.884330363864137,240.000000000000028,2600.));
#595= IFCFACEOUTERBOUND(#593,.T.);
#596= IFCFACE((#595));
#597= IFCPOLYLOOP((#542,#545,#594,#585));
#598= IFCFACEOUTERBOUND(#597,.T.);
#599= IFCFACE((#598));
#600= IFCPOLYLOOP((#549,#548,#601,#602));
#601= IFCCARTESIANPOINT((8357.505887775081646,240.000000000000028,900.));
#602= IFCCARTESIANPOINT((7457.505887775081646,240.,900.));
#603= IFCFACEOUTERBOUND(#600,.T.);
#604= IFCFACE((#603));
#605= IFCPOLYLOOP((#550,#549,#602,#606));
#606= IFCCARTESIANPOINT((7457.505887775081646,240.,2600.));
#607= IFCFACEOUTERBOUND(#605,.T.);
#608= IFCFACE((#607));
#609= IFCPOLYLOOP((#551,#550,#606,#610));
#610= IFCCARTESIANPOINT((8357.505887775081646,240.000000000000028,2600.));
#611= IFCFACEOUTERBOUND(#609,.T.);
#612= IFCFACE((#611));
#613= IFCPOLYLOOP((#548,#551,#610,#601));
#614= IFCFACEOUTERBOUND(#613,.T.);
#615= IFCFACE((#614));
#616= IFCPOLYLOOP((#555,#74,#83,#559));
#617= IFCFACEOUTERBOUND(#616,.T.);
#618= IFCPOLYLOOP((#570,#569,#578,#574));
#619= IFCFACEBOUND(#618,.T.);
#620= IFCPOLYLOOP((#586,#585,#594,#590));
#621= IFCFACEBOUND(#620,.T.);
#622= IFCPOLYLOOP((#602,#601,#610,#606));
#623= IFCFACEBOUND(#622,.T.);
#624= IFCFACE((#617,#619,#621,#623));
#625= IFCCLOSEDSHELL((#553,#557,#561,#564,#567,#572,#576,#580,#583,#588,#592,#596,#599,#604,#608,#612,#615,#624));
#626= IFCFACETEDBREP(#625);
#627= IFCSHAPEREPRESENTATION(#41,'Body','Brep',(#626));
#628= IFCSHAPEREPRESENTATION(#41,'Body','Brep',(#626));
#629= IFCSHAPEASPECT((#627),'\X2\0421043B043E0439\X0\ 1 - BWS_\X2\041A043B04300434043A0430\X0\: 480,00 \X2\043C043C\X0\',$,.U.,#633);
#630= IFCCARTESIANPOINTLIST2D(((0.,0.),(12199.999999999972715,0.)));
#631= IFCINDEXEDPOLYCURVE(#630,$,$);
#632= IFCSHAPEREPRESENTATION(#42,'Axis','Curve2D',(#631));
#633= IFCPRODUCTDEFINITIONSHAPE($,$,(#628,#632));
#634= IFCWALL('1rvvNxWKLCfwS_MtAQ6BVm',$,'\X2\042104420435043D0430\X0\: 400,00 \X2\043C043C\X0\',$,$,#639,#698,$,.STANDARD.);
#635= IFCCARTESIANPOINT((10000.000000000003638,6399.999999999968168,-200.));
#636= IFCDIRECTION((0.,0.,1.));
#637= IFCDIRECTION((-1.,0.,0.));
#638= IFCAXIS2PLACEMENT3D(#635,#636,#637);
#639= IFCLOCALPLACEMENT(#51,#638);
#640= IFCPOLYLOOP((#641,#642,#643,#644));
#641= IFCCARTESIANPOINT((0.,-200.,0.));
#642= IFCCARTESIANPOINT((9999.999999999983629,-200.,0.));
#643= IFCCARTESIANPOINT((9999.999999999983629,-200.,3390.));
#644= IFCCARTESIANPOINT((0.,-200.,3390.));
#645= IFCFACEOUTERBOUND(#640,.T.);
#646= IFCPOLYLOOP((#647,#648,#649,#650));
#647= IFCCARTESIANPOINT((7059.99999999998181,-199.999999999999091,200.));
#648= IFCCARTESIANPOINT((5419.999999999983629,-200.,200.));
#649= IFCCARTESIANPOINT((5419.999999999983629,-200.,2300.));
#650= IFCCARTESIANPOINT((7059.99999999998181,-199.999999999999091,2300.));
#651= IFCFACEBOUND(#646,.T.);
#652= IFCFACE((#645,#651));
#653= IFCPOLYLOOP((#641,#654,#655,#642));
#654= IFCCARTESIANPOINT((0.,200.,0.));
#655= IFCCARTESIANPOINT((9999.999999999983629,200.,0.));
#656= IFCFACEOUTERBOUND(#653,.T.);
#657= IFCFACE((#656));
#658= IFCPOLYLOOP((#642,#655,#659,#643));
#659= IFCCARTESIANPOINT((9999.999999999983629,200.,3390.));
#660= IFCFACEOUTERBOUND(#658,.T.);
#661= IFCFACE((#660));
#662= IFCPOLYLOOP((#644,#643,#659,#663));
#663= IFCCARTESIANPOINT((0.,200.,3390.));
#664= IFCFACEOUTERBOUND(#662,.T.);
#665= IFCFACE((#664));
#666= IFCPOLYLOOP((#654,#641,#644,#663));
#667= IFCFACEOUTERBOUND(#666,.T.);
#668= IFCFACE((#667));
#669= IFCPOLYLOOP((#648,#647,#670,#671));
#670= IFCCARTESIANPOINT((7059.99999999998181,200.000000000000909,200.));
#671= IFCCARTESIANPOINT((5419.999999999983629,200.,200.));
#672= IFCFACEOUTERBOUND(#669,.T.);
#673= IFCFACE((#672));
#674= IFCPOLYLOOP((#649,#648,#671,#675));
#675= IFCCARTESIANPOINT((5419.999999999983629,200.,2300.));
#676= IFCFACEOUTERBOUND(#674,.T.);
#677= IFCFACE((#676));
#678= IFCPOLYLOOP((#650,#649,#675,#679));
#679= IFCCARTESIANPOINT((7059.99999999998181,200.000000000000909,2300.));
#680= IFCFACEOUTERBOUND(#678,.T.);
#681= IFCFACE((#680));
#682= IFCPOLYLOOP((#647,#650,#679,#670));
#683= IFCFACEOUTERBOUND(#682,.T.);
#684= IFCFACE((#683));
#685= IFCPOLYLOOP((#655,#654,#663,#659));
#686= IFCFACEOUTERBOUND(#685,.T.);
#687= IFCPOLYLOOP((#671,#670,#679,#675));
#688= IFCFACEBOUND(#687,.T.);
#689= IFCFACE((#686,#688));
#690= IFCCLOSEDSHELL((#652,#657,#661,#665,#668,#673,#677,#681,#684,#689));
#691= IFCFACETEDBREP(#690);
#692= IFCSHAPEREPRESENTATION(#41,'Body','Brep',(#691));
#693= IFCSHAPEREPRESENTATION(#41,'Body','Brep',(#691));
#694= IFCSHAPEASPECT((#692),'\X2\0421043B043E0439\X0\ 1 - BWS_\X2\041A043B04300434043A0430\X0\: 400,00 \X2\043C043C\X0\',$,.U.,#698);
#695= IFCCARTESIANPOINTLIST2D(((0.,0.),(9999.999999999983629,0.)));
#696= IFCINDEXEDPOLYCURVE(#695,$,$);
#697= IFCSHAPEREPRESENTATION(#42,'Axis','Curve2D',(#696));
#698= IFCPRODUCTDEFINITIONSHAPE($,$,(#693,#697));
#699= IFCWALL('3pAcb0Caf8PQEEM2Wu7hB6',$,'\X2\042104420435043D0430\X0\: 400,00 \X2\043C043C\X0\',$,$,#704,#759,$,.STANDARD.);
#700= IFCCARTESIANPOINT((10000.000000000003638,8799.999999999974534,-200.));
#701= IFCDIRECTION((0.,0.,1.));
#702= IFCDIRECTION((-1.,0.,0.));
#703= IFCAXIS2PLACEMENT3D(#700,#701,#702);
#704= IFCLOCALPLACEMENT(#51,#703);
#705= IFCPOLYLOOP((#641,#706,#707,#644));
#706= IFCCARTESIANPOINT((4899.999999999987267,-200.,0.));
#707= IFCCARTESIANPOINT((4899.999999999987267,-200.,3390.));
#708= IFCFACEOUTERBOUND(#705,.T.);
#709= IFCPOLYLOOP((#710,#711,#712,#713));
#710= IFCCARTESIANPOINT((4722.134963662532755,-200.,200.));
#711= IFCCARTESIANPOINT((3822.134963662532755,-200.,200.));
#712= IFCCARTESIANPOINT((3822.134963662532755,-200.,2300.));
#713= IFCCARTESIANPOINT((4722.134963662532755,-200.,2300.));
#714= IFCFACEBOUND(#709,.T.);
#715= IFCFACE((#708,#714));
#716= IFCPOLYLOOP((#641,#654,#717,#706));
#717= IFCCARTESIANPOINT((4899.999999999987267,200.,0.));
#718= IFCFACEOUTERBOUND(#716,.T.);
#719= IFCFACE((#718));
#720= IFCPOLYLOOP((#706,#717,#721,#707));
#721= IFCCARTESIANPOINT((4899.999999999987267,200.,3390.));
#722= IFCFACEOUTERBOUND(#720,.T.);
#723= IFCFACE((#722));
#724= IFCPOLYLOOP((#644,#707,#721,#663));
#725= IFCFACEOUTERBOUND(#724,.T.);
#726= IFCFACE((#725));
#727= IFCPOLYLOOP((#654,#641,#644,#663));
#728= IFCFACEOUTERBOUND(#727,.T.);
#729= IFCFACE((#728));
#730= IFCPOLYLOOP((#711,#710,#731,#732));
#731= IFCCARTESIANPOINT((4722.134963662532755,200.,200.));
#732= IFCCARTESIANPOINT((3822.134963662532755,200.,200.));
#733= IFCFACEOUTERBOUND(#730,.T.);
#734= IFCFACE((#733));
#735= IFCPOLYLOOP((#712,#711,#732,#736));
#736= IFCCARTESIANPOINT((3822.134963662532755,200.,2300.));
#737= IFCFACEOUTERBOUND(#735,.T.);
#738= IFCFACE((#737));
#739= IFCPOLYLOOP((#713,#712,#736,#740));
#740= IFCCARTESIANPOINT((4722.134963662532755,200.,2300.));
#741= IFCFACEOUTERBOUND(#739,.T.);
#742= IFCFACE((#741));
#743= IFCPOLYLOOP((#710,#713,#740,#731));
#744= IFCFACEOUTERBOUND(#743,.T.);
#745= IFCFACE((#744));
#746= IFCPOLYLOOP((#717,#654,#663,#721));
#747= IFCFACEOUTERBOUND(#746,.T.);
#748= IFCPOLYLOOP((#732,#731,#740,#736));
#749= IFCFACEBOUND(#748,.T.);
#750= IFCFACE((#747,#749));
#751= IFCCLOSEDSHELL((#715,#719,#723,#726,#729,#734,#738,#742,#745,#750));
#752= IFCFACETEDBREP(#751);
#753= IFCSHAPEREPRESENTATION(#41,'Body','Brep',(#752));
#754= IFCSHAPEREPRESENTATION(#41,'Body','Brep',(#752));
#755= IFCSHAPEASPECT((#753),'\X2\0421043B043E0439\X0\ 1 - BWS_\X2\041A043B04300434043A0430\X0\: 400,00 \X2\043C043C\X0\',$,.U.,#759);
#756= IFCCARTESIANPOINTLIST2D(((0.,0.),(4899.999999999987267,0.)));
#757= IFCINDEXEDPOLYCURVE(#756,$,$);
#758= IFCSHAPEREPRESENTATION(#42,'Axis','Curve2D',(#757));
#759= IFCPRODUCTDEFINITIONSHAPE($,$,(#754,#758));
#760= IFCWALL('3ya05aIub2GRjiriwOnoNT',$,'\X2\042104420435043D0430\X0\: 400,00 \X2\043C043C\X0\',$,$,#765,#812,$,.STANDARD.);
#761= IFCCARTESIANPOINT((5100.000000000016371,8799.999999999974534,-200.));
#762= IFCDIRECTION((0.,-0.,1.));
#763= IFCDIRECTION((0.,1.,0.));
#764= IFCAXIS2PLACEMENT3D(#761,#762,#763);
#765= IFCLOCALPLACEMENT(#51,#764);
#766= IFCPOLYLOOP((#767,#768,#769,#770));
#767= IFCCARTESIANPOINT((5210.000000000016371,8799.999999999974534,-200.));
#768= IFCCARTESIANPOINT((5210.000000000016371,12199.999999999974534,-200.));
#769= IFCCARTESIANPOINT((5210.000000000016371,12199.999999999974534,3190.));
#770= IFCCARTESIANPOINT((5210.000000000016371,8799.999999999974534,3190.));
#771= IFCFACEOUTERBOUND(#766,.T.);
#772= IFCFACE((#771));
#773= IFCPOLYLOOP((#767,#774,#775,#768));
#774= IFCCARTESIANPOINT((4810.000000000016371,8799.999999999974534,-200.));
#775= IFCCARTESIANPOINT((4810.000000000016371,12199.999999999974534,-200.));
#776= IFCFACEOUTERBOUND(#773,.T.);
#777= IFCFACE((#776));
#778= IFCPOLYLOOP((#768,#775,#779,#769));
#779= IFCCARTESIANPOINT((4810.000000000016371,12199.999999999974534,3190.));
#780= IFCFACEOUTERBOUND(#778,.T.);
#781= IFCFACE((#780));
#782= IFCPOLYLOOP((#770,#769,#779,#783));
#783= IFCCARTESIANPOINT((4810.000000000016371,8799.999999999974534,3190.));
#784= IFCFACEOUTERBOUND(#782,.T.);
#785= IFCFACE((#784));
#786= IFCPOLYLOOP((#774,#767,#770,#783));
#787= IFCFACEOUTERBOUND(#786,.T.);
#788= IFCFACE((#787));
#789= IFCPOLYLOOP((#775,#774,#783,#779));
#790= IFCFACEOUTERBOUND(#789,.T.);
#791= IFCFACE((#790));
#792= IFCCLOSEDSHELL((#772,#777,#781,#785,#788,#791));
#793= IFCFACETEDBREP(#792);
#794= IFCSHAPEREPRESENTATION(#41,'Body','Brep',(#793));
#795= IFCCARTESIANPOINT((0.,0.,0.));
#796= IFCDIRECTION((0.,0.,1.));
#797= IFCDIRECTION((1.,0.,0.));
#798= IFCAXIS2PLACEMENT3D(#795,#796,#797);
#799= IFCREPRESENTATIONMAP(#798,#794);
#800= IFCDIRECTION((0.,-1.,0.));
#801= IFCDIRECTION((1.,0.,-0.));
#802= IFCDIRECTION((0.,0.,1.));
#803= IFCCARTESIANPOINT((-8799.999999999974534,5100.000000000016371,200.));
#804= IFCCARTESIANTRANSFORMATIONOPERATOR3D(#800,#801,#803,1.,#802);
#805= IFCMAPPEDITEM(#799,#804);
#806= IFCSHAPEREPRESENTATION(#41,'Body','MappedRepresentation',(#805));
#807= IFCSHAPEREPRESENTATION(#41,'Body','MappedRepresentation',(#805));
#808= IFCSHAPEASPECT((#806),'Gross material layer',$,.U.,#812);
#809= IFCCARTESIANPOINTLIST2D(((0.,0.),(3400.,0.)));
#810= IFCINDEXEDPOLYCURVE(#809,$,$);
#811= IFCSHAPEREPRESENTATION(#42,'Axis','Curve2D',(#810));
#812= IFCPRODUCTDEFINITIONSHAPE($,$,(#807,#811));
#813= IFCSTYLEDITEM(#805,(#123),$);
#814= IFCWALL('1GC$7pT8PFHhyEbb9$wI_b',$,'\X2\042104420435043D0430\X0\: 160,00 \X2\043C043C\X0\',$,$,#819,#877,$,.STANDARD.);
#815= IFCCARTESIANPOINT((4810.000000000016371,8599.999999999974534,-10.));
#816= IFCDIRECTION((0.,0.,1.));
#817= IFCDIRECTION((-1.,0.,0.));
#818= IFCAXIS2PLACEMENT3D(#815,#816,#817);
#819= IFCLOCALPLACEMENT(#51,#818);
#820= IFCPOLYLOOP((#252,#821,#822,#823));
#821= IFCCARTESIANPOINT((4809.999999999997272,-160.,0.));
#822= IFCCARTESIANPOINT((4809.999999999997272,-160.,3200.));
#823= IFCCARTESIANPOINT((0.,-160.,3200.));
#824= IFCFACEOUTERBOUND(#820,.T.);
#825= IFCPOLYLOOP((#826,#827,#828,#829));
#826= IFCCARTESIANPOINT((1679.024918233712924,-160.,10.));
#827= IFCCARTESIANPOINT((779.024918233712924,-160.,10.));
#828= IFCCARTESIANPOINT((779.024918233712924,-160.,2110.));
#829= IFCCARTESIANPOINT((1679.024918233712924,-160.,2110.));
#830= IFCFACEBOUND(#825,.T.);
#831= IFCFACE((#824,#830));
#832= IFCPOLYLOOP((#252,#833,#834,#821));
#833= IFCCARTESIANPOINT((0.,0.,0.));
#834= IFCCARTESIANPOINT((4809.999999999997272,0.,0.));
#835= IFCFACEOUTERBOUND(#832,.T.);
#836= IFCFACE((#835));
#837= IFCPOLYLOOP((#821,#834,#838,#822));
#838= IFCCARTESIANPOINT((4809.999999999997272,0.,3200.));
#839= IFCFACEOUTERBOUND(#837,.T.);
#840= IFCFACE((#839));
#841= IFCPOLYLOOP((#823,#822,#838,#842));
#842= IFCCARTESIANPOINT((0.,0.,3200.));
#843= IFCFACEOUTERBOUND(#841,.T.);
#844= IFCFACE((#843));
#845= IFCPOLYLOOP((#833,#252,#823,#842));
#846= IFCFACEOUTERBOUND(#845,.T.);
#847= IFCFACE((#846));
#848= IFCPOLYLOOP((#827,#826,#849,#850));
#849= IFCCARTESIANPOINT((1679.024918233712924,0.,10.));
#850= IFCCARTESIANPOINT((779.024918233712924,0.,10.));
#851= IFCFACEOUTERBOUND(#848,.T.);
#852= IFCFACE((#851));
#853= IFCPOLYLOOP((#828,#827,#850,#854));
#854= IFCCARTESIANPOINT((779.024918233712924,0.,2110.));
#855= IFCFACEOUTERBOUND(#853,.T.);
#856= IFCFACE((#855));
#857= IFCPOLYLOOP((#829,#828,#854,#858));
#858= IFCCARTESIANPOINT((1679.024918233712924,0.,2110.));
#859= IFCFACEOUTERBOUND(#857,.T.);
#860= IFCFACE((#859));
#861= IFCPOLYLOOP((#826,#829,#858,#849));
#862= IFCFACEOUTERBOUND(#861,.T.);
#863= IFCFACE((#862));
#864= IFCPOLYLOOP((#834,#833,#842,#838));
#865= IFCFACEOUTERBOUND(#864,.T.);
#866= IFCPOLYLOOP((#850,#849,#858,#854));
#867= IFCFACEBOUND(#866,.T.);
#868= IFCFACE((#865,#867));
#869= IFCCLOSEDSHELL((#831,#836,#840,#844,#847,#852,#856,#860,#863,#868));
#870= IFCFACETEDBREP(#869);
#871= IFCSHAPEREPRESENTATION(#41,'Body','Brep',(#870));
#872= IFCSHAPEREPRESENTATION(#41,'Body','Brep',(#870));
#873= IFCSHAPEASPECT((#871),'\X2\0421043B043E0439\X0\ 1 - \X2\04130438043F0441043E043A043004400442043E043D\X0\: 160,00 \X2\043C043C\X0\',$,.U.,#877);
#874= IFCCARTESIANPOINTLIST2D(((0.,0.),(4809.999999999997272,0.)));
#875= IFCINDEXEDPOLYCURVE(#874,$,$);
#876= IFCSHAPEREPRESENTATION(#42,'Axis','Curve2D',(#875));
#877= IFCPRODUCTDEFINITIONSHAPE($,$,(#872,#876));
#878= IFCMATERIAL('\X2\04130438043F0441043E043A043004400442043E043D\X0\',$,$);
#879= IFCCOLOURRGB($,0.901960784313726,0.901960784313726,0.901960784313726);
#880= IFCSURFACESTYLESHADING(#879,$);
#881= IFCSURFACESTYLE($,.BOTH.,(#880));
#882= IFCSTYLEDITEM($,(#881),$);
#883= IFCSTYLEDREPRESENTATION(#5,$,$,(#882));
#884= IFCMATERIALDEFINITIONREPRESENTATION($,$,(#883),#878);
#885= IFCMATERIALCONSTITUENT('\X2\0421043B043E0439\X0\ 1 - \X2\04130438043F0441043E043A043004400442043E043D\X0\: 160,00 \X2\043C043C\X0\',$,#878,$,$);
#886= IFCMATERIALCONSTITUENTSET('BWS_160 \X2\04130438043F0441043E043A043004400442043E043D\X0\',$,(#885));
#887= IFCRELASSOCIATESMATERIAL('26l9Elbjv9duuWAoNyG1Yi',$,$,$,(#814,#888),#886);
#888= IFCWALL('3zOa_DVg59ExnVj5LE0l6Z',$,'\X2\042104420435043D0430\X0\: 160,00 \X2\043C043C\X0\',$,$,#893,#950,$,.STANDARD.);
#889= IFCCARTESIANPOINT((2070.000000000014552,6599.999999999990905,-10.));
#890= IFCDIRECTION((0.,-0.,1.));
#891= IFCDIRECTION((0.,1.,0.));
#892= IFCAXIS2PLACEMENT3D(#889,#890,#891);
#893= IFCLOCALPLACEMENT(#51,#892);
#894= IFCPOLYLOOP((#833,#895,#896,#842));
#895= IFCCARTESIANPOINT((1999.999999999983629,0.,0.));
#896= IFCCARTESIANPOINT((1999.999999999983629,0.,3200.));
#897= IFCFACEOUTERBOUND(#894,.T.);
#898= IFCPOLYLOOP((#899,#900,#901,#902));
#899= IFCCARTESIANPOINT((1690.021987920188622,0.,10.));
#900= IFCCARTESIANPOINT((790.021987920188622,0.,10.));
#901= IFCCARTESIANPOINT((790.021987920188622,0.,2110.));
#902= IFCCARTESIANPOINT((1690.021987920188622,0.,2110.));
#903= IFCFACEBOUND(#898,.T.);
#904= IFCFACE((#897,#903));
#905= IFCPOLYLOOP((#833,#906,#907,#895));
#906= IFCCARTESIANPOINT((0.,160.,0.));
#907= IFCCARTESIANPOINT((1999.999999999983629,160.,0.));
#908= IFCFACEOUTERBOUND(#905,.T.);
#909= IFCFACE((#908));
#910= IFCPOLYLOOP((#895,#907,#911,#896));
#911= IFCCARTESIANPOINT((1999.999999999983629,160.,3200.));
#912= IFCFACEOUTERBOUND(#910,.T.);
#913= IFCFACE((#912));
#914= IFCPOLYLOOP((#842,#896,#911,#915));
#915= IFCCARTESIANPOINT((0.,160.,3200.));
#916= IFCFACEOUTERBOUND(#914,.T.);
#917= IFCFACE((#916));
#918= IFCPOLYLOOP((#906,#833,#842,#915));
#919= IFCFACEOUTERBOUND(#918,.T.);
#920= IFCFACE((#919));
#921= IFCPOLYLOOP((#900,#899,#922,#923));
#922= IFCCARTESIANPOINT((1690.021987920188622,160.,10.));
#923= IFCCARTESIANPOINT((790.021987920188622,160.,10.));
#924= IFCFACEOUTERBOUND(#921,.T.);
#925= IFCFACE((#924));
#926= IFCPOLYLOOP((#901,#900,#923,#927));
#927= IFCCARTESIANPOINT((790.021987920188622,160.,2110.));
#928= IFCFACEOUTERBOUND(#926,.T.);
#929= IFCFACE((#928));
#930= IFCPOLYLOOP((#902,#901,#927,#931));
#931= IFCCARTESIANPOINT((1690.021987920188622,160.,2110.));
#932= IFCFACEOUTERBOUND(#930,.T.);
#933= IFCFACE((#932));
#934= IFCPOLYLOOP((#899,#902,#931,#922));
#935= IFCFACEOUTERBOUND(#934,.T.);
#936= IFCFACE((#935));
#937= IFCPOLYLOOP((#907,#906,#915,#911));
#938= IFCFACEOUTERBOUND(#937,.T.);
#939= IFCPOLYLOOP((#923,#922,#931,#927));
#940= IFCFACEBOUND(#939,.T.);
#941= IFCFACE((#938,#940));
#942= IFCCLOSEDSHELL((#904,#909,#913,#917,#920,#925,#929,#933,#936,#941));
#943= IFCFACETEDBREP(#942);
#944= IFCSHAPEREPRESENTATION(#41,'Body','Brep',(#943));
#945= IFCSHAPEREPRESENTATION(#41,'Body','Brep',(#943));
#946= IFCSHAPEASPECT((#944),'\X2\0421043B043E0439\X0\ 1 - \X2\04130438043F0441043E043A043004400442043E043D\X0\: 160,00 \X2\043C043C\X0\',$,.U.,#950);
#947= IFCCARTESIANPOINTLIST2D(((0.,0.),(1999.999999999983629,0.)));
#948= IFCINDEXEDPOLYCURVE(#947,$,$);
#949= IFCSHAPEREPRESENTATION(#42,'Axis','Curve2D',(#948));
#950= IFCPRODUCTDEFINITIONSHAPE($,$,(#945,#949));
#951= IFCWALL('1hWVDc1cb66vn7x8n89QvT',$,'\X2\042104420435043D0430\X0\: 320,00 \X2\043C043C\X0\',$,$,#956,#1003,$,.STANDARD.);
#952= IFCCARTESIANPOINT((7480.00000000001819,8799.999999999974534,-200.));
#953= IFCDIRECTION((0.,-0.,1.));
#954= IFCDIRECTION((0.,1.,0.));
#955= IFCAXIS2PLACEMENT3D(#952,#953,#954);
#956= IFCLOCALPLACEMENT(#51,#955);
#957= IFCPOLYLOOP((#958,#959,#960,#961));
#958= IFCCARTESIANPOINT((7480.00000000001819,8799.999999999974534,-200.));
#959= IFCCARTESIANPOINT((7480.00000000001819,12199.999999999974534,-200.));
#960= IFCCARTESIANPOINT((7480.00000000001819,12199.999999999974534,3190.));
#961= IFCCARTESIANPOINT((7480.00000000001819,8799.999999999974534,3190.));
#962= IFCFACEOUTERBOUND(#957,.T.);
#963= IFCFACE((#962));
#964= IFCPOLYLOOP((#958,#965,#966,#959));
#965= IFCCARTESIANPOINT((7160.00000000001819,8799.999999999974534,-200.));
#966= IFCCARTESIANPOINT((7160.00000000001819,12199.999999999974534,-200.));
#967= IFCFACEOUTERBOUND(#964,.T.);
#968= IFCFACE((#967));
#969= IFCPOLYLOOP((#959,#966,#970,#960));
#970= IFCCARTESIANPOINT((7160.00000000001819,12199.999999999974534,3190.));
#971= IFCFACEOUTERBOUND(#969,.T.);
#972= IFCFACE((#971));
#973= IFCPOLYLOOP((#961,#960,#970,#974));
#974= IFCCARTESIANPOINT((7160.00000000001819,8799.999999999974534,3190.));
#975= IFCFACEOUTERBOUND(#973,.T.);
#976= IFCFACE((#975));
#977= IFCPOLYLOOP((#965,#958,#961,#974));
#978= IFCFACEOUTERBOUND(#977,.T.);
#979= IFCFACE((#978));
#980= IFCPOLYLOOP((#966,#965,#974,#970));
#981= IFCFACEOUTERBOUND(#980,.T.);
#982= IFCFACE((#981));
#983= IFCCLOSEDSHELL((#963,#968,#972,#976,#979,#982));
#984= IFCFACETEDBREP(#983);
#985= IFCSHAPEREPRESENTATION(#41,'Body','Brep',(#984));
#986= IFCCARTESIANPOINT((0.,0.,0.));
#987= IFCDIRECTION((0.,0.,1.));
#988= IFCDIRECTION((1.,0.,0.));
#989= IFCAXIS2PLACEMENT3D(#986,#987,#988);
#990= IFCREPRESENTATIONMAP(#989,#985);
#991= IFCDIRECTION((0.,-1.,0.));
#992= IFCDIRECTION((1.,0.,-0.));
#993= IFCDIRECTION((0.,0.,1.));
#994= IFCCARTESIANPOINT((-8799.999999999974534,7480.00000000001819,200.));
#995= IFCCARTESIANTRANSFORMATIONOPERATOR3D(#991,#992,#994,1.,#993);
#996= IFCMAPPEDITEM(#990,#995);
#997= IFCSHAPEREPRESENTATION(#41,'Body','MappedRepresentation',(#996));
#998= IFCSHAPEREPRESENTATION(#41,'Body','MappedRepresentation',(#996));
#999= IFCSHAPEASPECT((#997),'Gross material layer',$,.U.,#1003);
#1000= IFCCARTESIANPOINTLIST2D(((0.,0.),(3400.,0.)));
#1001= IFCINDEXEDPOLYCURVE(#1000,$,$);
#1002= IFCSHAPEREPRESENTATION(#42,'Axis','Curve2D',(#1001));
#1003= IFCPRODUCTDEFINITIONSHAPE($,$,(#998,#1002));
#1004= IFCSTYLEDITEM(#996,(#123),$);
#1005= IFCMATERIALCONSTITUENT('\X2\0421043B043E0439\X0\ 1 - BWS_\X2\041A043B04300434043A0430\X0\: 320,00 \X2\043C043C\X0\',$,#120,$,$);
#1006= IFCMATERIALCONSTITUENTSET('BWS_320_320 \X2\041A043B04300434043A0430\X0\',$,(#1005));
#1007= IFCRELASSOCIATESMATERIAL('322kPrfgf8fRlXD9Ux$Oog',$,$,$,(#951),#1006);
#1008= IFCWALL('3uxpD9bLz9WvtQGVf8mp4o',$,'\X2\042104420435043D0430\X0\: 10,00 \X2\043C043C\X0\',$,$,#1013,#1060,$,.STANDARD.);
#1009= IFCCARTESIANPOINT((-239.99999999998181,-239.999999999994543,-460.));
#1010= IFCDIRECTION((0.,-0.,1.));
#1011= IFCDIRECTION((1.,0.,0.));
#1012= IFCAXIS2PLACEMENT3D(#1009,#1010,#1011);
#1013= IFCLOCALPLACEMENT(#51,#1012);
#1014= IFCPOLYLOOP((#1015,#1016,#1017,#1018));
#1015= IFCCARTESIANPOINT((-239.99999999998181,-249.999999999994543,-460.));
#1016= IFCCARTESIANPOINT((5340.,-249.999999999991815,-460.));
#1017= IFCCARTESIANPOINT((5340.,-249.999999999991815,0.));
#1018= IFCCARTESIANPOINT((-239.99999999998181,-249.999999999994543,0.));
#1019= IFCFACEOUTERBOUND(#1014,.T.);
#1020= IFCFACE((#1019));
#1021= IFCPOLYLOOP((#1015,#1022,#1023,#1016));
#1022= IFCCARTESIANPOINT((-239.99999999998181,-239.999999999994543,-460.));
#1023= IFCCARTESIANPOINT((5340.,-239.999999999991815,-460.));
#1024= IFCFACEOUTERBOUND(#1021,.T.);
#1025= IFCFACE((#1024));
#1026= IFCPOLYLOOP((#1016,#1023,#1027,#1017));
#1027= IFCCARTESIANPOINT((5340.,-239.999999999991815,0.));
#1028= IFCFACEOUTERBOUND(#1026,.T.);
#1029= IFCFACE((#1028));
#1030= IFCPOLYLOOP((#1018,#1017,#1027,#1031));
#1031= IFCCARTESIANPOINT((-239.99999999998181,-239.999999999994543,0.));
#1032= IFCFACEOUTERBOUND(#1030,.T.);
#1033= IFCFACE((#1032));
#1034= IFCPOLYLOOP((#1022,#1015,#1018,#1031));
#1035= IFCFACEOUTERBOUND(#1034,.T.);
#1036= IFCFACE((#1035));
#1037= IFCPOLYLOOP((#1023,#1022,#1031,#1027));
#1038= IFCFACEOUTERBOUND(#1037,.T.);
#1039= IFCFACE((#1038));
#1040= IFCCLOSEDSHELL((#1020,#1025,#1029,#1033,#1036,#1039));
#1041= IFCFACETEDBREP(#1040);
#1042= IFCSHAPEREPRESENTATION(#41,'Body','Brep',(#1041));
#1043= IFCCARTESIANPOINT((0.,0.,0.));
#1044= IFCDIRECTION((0.,0.,1.));
#1045= IFCDIRECTION((1.,0.,0.));
#1046= IFCAXIS2PLACEMENT3D(#1043,#1044,#1045);
#1047= IFCREPRESENTATIONMAP(#1046,#1042);
#1048= IFCDIRECTION((1.,0.,0.));
#1049= IFCDIRECTION((0.,1.,0.));
#1050= IFCDIRECTION((0.,0.,1.));
#1051= IFCCARTESIANPOINT((239.99999999998181,239.999999999994543,460.));
#1052= IFCCARTESIANTRANSFORMATIONOPERATOR3D(#1048,#1049,#1051,1.,#1050);
#1053= IFCMAPPEDITEM(#1047,#1052);
#1054= IFCSHAPEREPRESENTATION(#41,'Body','MappedRepresentation',(#1053));
#1055= IFCSHAPEREPRESENTATION(#41,'Body','MappedRepresentation',(#1053));
#1056= IFCSHAPEASPECT((#1054),'Gross material layer',$,.U.,#1060);
#1057= IFCCARTESIANPOINTLIST2D(((0.,0.),(5579.99999999998181,0.000000000002728)));
#1058= IFCINDEXEDPOLYCURVE(#1057,$,$);
#1059= IFCSHAPEREPRESENTATION(#42,'Axis','Curve2D',(#1058));
#1060= IFCPRODUCTDEFINITIONSHAPE($,$,(#1055,#1059));
#1061= IFCCOLOURRGB($,0.501960784313725,0.501960784313725,0.501960784313725);
#1062= IFCSURFACESTYLESHADING(#1061,$);
#1063= IFCSURFACESTYLE($,.BOTH.,(#1062));
#1064= IFCSTYLEDITEM(#1053,(#1063),$);
#1065= IFCMATERIAL('BWS_\X2\0426043E043A043E043B044C\X0\',$,$);
#1066= IFCSTYLEDITEM($,(#1063),$);
#1067= IFCSTYLEDREPRESENTATION(#5,$,$,(#1066));
#1068= IFCMATERIALDEFINITIONREPRESENTATION($,$,(#1067),#1065);
#1069= IFCMATERIALCONSTITUENT('\X2\0421043B043E0439\X0\ 1 - BWS_\X2\0426043E043A043E043B044C\X0\: 10,00 \X2\043C043C\X0\',$,#1065,$,$);
#1070= IFCMATERIALCONSTITUENTSET('BWS_10_10 \X2\0426043E043A043E043B044C\X0\',$,(#1069));
#1071= IFCRELASSOCIATESMATERIAL('2xcV7Wk3n4ghHXoWyUigPY',$,$,$,(#1008,#1072,#1124,#1176,#1228,#1280,#1332,#1386,#1438,#1490,#1540,#1592,#1644,#1696,#1748,#1800,#1820,#1840,#1860,#1914,#1966,#2018,#2070,#2090,#2144,#2164,#2184,#2204),#1070);
#1072= IFCWALL('3AIHLVNH102B202BvrQyBz',$,'\X2\042104420435043D0430\X0\: 10,00 \X2\043C043C\X0\',$,$,#1077,#1122,$,.STANDARD.);
#1073= IFCCARTESIANPOINT((5340.,-239.999999999991815,-460.));
#1074= IFCDIRECTION((0.,-0.,1.));
#1075= IFCDIRECTION((0.000000000000001,1.,0.));
#1076= IFCAXIS2PLACEMENT3D(#1073,#1074,#1075);
#1077= IFCLOCALPLACEMENT(#51,#1076);
#1078= IFCPOLYLOOP((#1079,#1080,#1081,#1082));
#1079= IFCCARTESIANPOINT((5350.,-239.999999999991786,-460.));
#1080= IFCCARTESIANPOINT((5350.000000000001819,1159.999999999985448,-460.));
#1081= IFCCARTESIANPOINT((5350.000000000001819,1159.999999999985448,0.));
#1082= IFCCARTESIANPOINT((5350.,-239.999999999991786,0.));
#1083= IFCFACEOUTERBOUND(#1078,.T.);
#1084= IFCFACE((#1083));
#1085= IFCPOLYLOOP((#1079,#1023,#1086,#1080));
#1086= IFCCARTESIANPOINT((5340.000000000001819,1159.999999999985448,-460.));
#1087= IFCFACEOUTERBOUND(#1085,.T.);
#1088= IFCFACE((#1087));
#1089= IFCPOLYLOOP((#1080,#1086,#1090,#1081));
#1090= IFCCARTESIANPOINT((5340.000000000001819,1159.999999999985448,0.));
#1091= IFCFACEOUTERBOUND(#1089,.T.);
#1092= IFCFACE((#1091));
#1093= IFCPOLYLOOP((#1082,#1081,#1090,#1027));
#1094= IFCFACEOUTERBOUND(#1093,.T.);
#1095= IFCFACE((#1094));
#1096= IFCPOLYLOOP((#1023,#1079,#1082,#1027));
#1097= IFCFACEOUTERBOUND(#1096,.T.);
#1098= IFCFACE((#1097));
#1099= IFCPOLYLOOP((#1086,#1023,#1027,#1090));
#1100= IFCFACEOUTERBOUND(#1099,.T.);
#1101= IFCFACE((#1100));
#1102= IFCCLOSEDSHELL((#1084,#1088,#1092,#1095,#1098,#1101));
#1103= IFCFACETEDBREP(#1102);
#1104= IFCSHAPEREPRESENTATION(#41,'Body','Brep',(#1103));
#1105= IFCCARTESIANPOINT((0.,0.,0.));
#1106= IFCDIRECTION((0.,0.,1.));
#1107= IFCDIRECTION((1.,0.,0.));
#1108= IFCAXIS2PLACEMENT3D(#1105,#1106,#1107);
#1109= IFCREPRESENTATIONMAP(#1108,#1104);
#1110= IFCDIRECTION((0.000000000000001,-1.,0.));
#1111= IFCDIRECTION((1.,0.000000000000001,-0.));
#1112= IFCDIRECTION((0.,0.,1.));
#1113= IFCCARTESIANPOINT((239.99999999998488,5340.,460.));
#1114= IFCCARTESIANTRANSFORMATIONOPERATOR3D(#1110,#1111,#1113,1.,#1112);
#1115= IFCMAPPEDITEM(#1109,#1114);
#1116= IFCSHAPEREPRESENTATION(#41,'Body','MappedRepresentation',(#1115));
#1117= IFCSHAPEREPRESENTATION(#41,'Body','MappedRepresentation',(#1115));
#1118= IFCSHAPEASPECT((#1116),'Gross material layer',$,.U.,#1122);
#1119= IFCCARTESIANPOINTLIST2D(((0.,0.),(1399.999999999977263,0.)));
#1120= IFCINDEXEDPOLYCURVE(#1119,$,$);
#1121= IFCSHAPEREPRESENTATION(#42,'Axis','Curve2D',(#1120));
#1122= IFCPRODUCTDEFINITIONSHAPE($,$,(#1117,#1121));
#1123= IFCSTYLEDITEM(#1115,(#1063),$);
#1124= IFCWALL('1I7T19VvvB5AewkjeebJxN',$,'\X2\042104420435043D0430\X0\: 10,00 \X2\043C043C\X0\',$,$,#1129,#1174,$,.STANDARD.);
#1125= IFCCARTESIANPOINT((5340.000000000001819,1159.999999999985221,-460.));
#1126= IFCDIRECTION((0.,-0.,1.));
#1127= IFCDIRECTION((1.,0.000000000000001,0.));
#1128= IFCAXIS2PLACEMENT3D(#1125,#1126,#1127);
#1129= IFCLOCALPLACEMENT(#51,#1128);
#1130= IFCPOLYLOOP((#1131,#1132,#1133,#1134));
#1131= IFCCARTESIANPOINT((5340.000000000001819,1149.999999999985221,-460.));
#1132= IFCCARTESIANPOINT((10240.000000000014552,1149.999999999990678,-460.));
#1133= IFCCARTESIANPOINT((10240.000000000014552,1149.999999999990678,0.));
#1134= IFCCARTESIANPOINT((5340.000000000001819,1149.999999999985221,0.));
#1135= IFCFACEOUTERBOUND(#1130,.T.);
#1136= IFCFACE((#1135));
#1137= IFCPOLYLOOP((#1131,#1086,#1138,#1132));
#1138= IFCCARTESIANPOINT((10240.000000000014552,1159.999999999990678,-460.));
#1139= IFCFACEOUTERBOUND(#1137,.T.);
#1140= IFCFACE((#1139));
#1141= IFCPOLYLOOP((#1132,#1138,#1142,#1133));
#1142= IFCCARTESIANPOINT((10240.000000000014552,1159.999999999990678,0.));
#1143= IFCFACEOUTERBOUND(#1141,.T.);
#1144= IFCFACE((#1143));
#1145= IFCPOLYLOOP((#1134,#1133,#1142,#1090));
#1146= IFCFACEOUTERBOUND(#1145,.T.);
#1147= IFCFACE((#1146));
#1148= IFCPOLYLOOP((#1086,#1131,#1134,#1090));
#1149= IFCFACEOUTERBOUND(#1148,.T.);
#1150= IFCFACE((#1149));
#1151= IFCPOLYLOOP((#1138,#1086,#1090,#1142));
#1152= IFCFACEOUTERBOUND(#1151,.T.);
#1153= IFCFACE((#1152));
#1154= IFCCLOSEDSHELL((#1136,#1140,#1144,#1147,#1150,#1153));
#1155= IFCFACETEDBREP(#1154);
#1156= IFCSHAPEREPRESENTATION(#41,'Body','Brep',(#1155));
#1157= IFCCARTESIANPOINT((0.,0.,0.));
#1158= IFCDIRECTION((0.,0.,1.));
#1159= IFCDIRECTION((1.,0.,0.));
#1160= IFCAXIS2PLACEMENT3D(#1157,#1158,#1159);
#1161= IFCREPRESENTATIONMAP(#1160,#1156);
#1162= IFCDIRECTION((1.,0.,0.));
#1163= IFCDIRECTION((0.,1.,0.));
#1164= IFCDIRECTION((0.,0.,1.));
#1165= IFCCARTESIANPOINT((-5340.000000000001819,-1159.999999999985221,460.));
#1166= IFCCARTESIANTRANSFORMATIONOPERATOR3D(#1162,#1163,#1165,1.,#1164);
#1167= IFCMAPPEDITEM(#1161,#1166);
#1168= IFCSHAPEREPRESENTATION(#41,'Body','MappedRepresentation',(#1167));
#1169= IFCSHAPEREPRESENTATION(#41,'Body','MappedRepresentation',(#1167));
#1170= IFCSHAPEASPECT((#1168),'Gross material layer',$,.U.,#1174);
#1171= IFCCARTESIANPOINTLIST2D(((0.,0.),(4900.000000000012733,0.000000000005457)));
#1172= IFCINDEXEDPOLYCURVE(#1171,$,$);
#1173= IFCSHAPEREPRESENTATION(#42,'Axis','Curve2D',(#1172));
#1174= IFCPRODUCTDEFINITIONSHAPE($,$,(#1169,#1173));
#1175= IFCSTYLEDITEM(#1167,(#1063),$);
#1176= IFCWALL('0FFvD57GjBtOrlieDd_bXm',$,'\X2\042104420435043D0430\X0\: 10,00 \X2\043C043C\X0\',$,$,#1181,#1226,$,.STANDARD.);
#1177= IFCCARTESIANPOINT((10240.000000000014552,1159.999999999990678,-460.));
#1178= IFCDIRECTION((-0.,0.,1.));
#1179= IFCDIRECTION((0.,-1.,0.));
#1180= IFCAXIS2PLACEMENT3D(#1177,#1178,#1179);
#1181= IFCLOCALPLACEMENT(#51,#1180);
#1182= IFCPOLYLOOP((#1183,#1184,#1185,#1186));
#1183= IFCCARTESIANPOINT((10230.000000000014552,1159.999999999990678,-460.));
#1184= IFCCARTESIANPOINT((10230.000000000014552,643.333333333314386,-460.));
#1185= IFCCARTESIANPOINT((10230.000000000014552,643.333333333314386,0.));
#1186= IFCCARTESIANPOINT((10230.000000000014552,1159.999999999990678,0.));
#1187= IFCFACEOUTERBOUND(#1182,.T.);
#1188= IFCFACE((#1187));
#1189= IFCPOLYLOOP((#1183,#1138,#1190,#1184));
#1190= IFCCARTESIANPOINT((10240.000000000014552,643.333333333314386,-460.));
#1191= IFCFACEOUTERBOUND(#1189,.T.);
#1192= IFCFACE((#1191));
#1193= IFCPOLYLOOP((#1184,#1190,#1194,#1185));
#1194= IFCCARTESIANPOINT((10240.000000000014552,643.333333333314386,0.));
#1195= IFCFACEOUTERBOUND(#1193,.T.);
#1196= IFCFACE((#1195));
#1197= IFCPOLYLOOP((#1186,#1185,#1194,#1142));
#1198= IFCFACEOUTERBOUND(#1197,.T.);
#1199= IFCFACE((#1198));
#1200= IFCPOLYLOOP((#1138,#1183,#1186,#1142));
#1201= IFCFACEOUTERBOUND(#1200,.T.);
#1202= IFCFACE((#1201));
#1203= IFCPOLYLOOP((#1190,#1138,#1142,#1194));
#1204= IFCFACEOUTERBOUND(#1203,.T.);
#1205= IFCFACE((#1204));
#1206= IFCCLOSEDSHELL((#1188,#1192,#1196,#1199,#1202,#1205));
#1207= IFCFACETEDBREP(#1206);
#1208= IFCSHAPEREPRESENTATION(#41,'Body','Brep',(#1207));
#1209= IFCCARTESIANPOINT((0.,0.,0.));
#1210= IFCDIRECTION((0.,0.,1.));
#1211= IFCDIRECTION((1.,0.,0.));
#1212= IFCAXIS2PLACEMENT3D(#1209,#1210,#1211);
#1213= IFCREPRESENTATIONMAP(#1212,#1208);
#1214= IFCDIRECTION((0.,1.,-0.));
#1215= IFCDIRECTION((-1.,0.,0.));
#1216= IFCDIRECTION((0.,0.,1.));
#1217= IFCCARTESIANPOINT((1159.999999999990678,-10240.000000000014552,460.));
#1218= IFCCARTESIANTRANSFORMATIONOPERATOR3D(#1214,#1215,#1217,1.,#1216);
#1219= IFCMAPPEDITEM(#1213,#1218);
#1220= IFCSHAPEREPRESENTATION(#41,'Body','MappedRepresentation',(#1219));
#1221= IFCSHAPEREPRESENTATION(#41,'Body','MappedRepresentation',(#1219));
#1222= IFCSHAPEASPECT((#1220),'Gross material layer',$,.U.,#1226);
#1223= IFCCARTESIANPOINTLIST2D(((0.,0.),(516.666666666676292,0.)));
#1224= IFCINDEXEDPOLYCURVE(#1223,$,$);
#1225= IFCSHAPEREPRESENTATION(#42,'Axis','Curve2D',(#1224));
#1226= IFCPRODUCTDEFINITIONSHAPE($,$,(#1221,#1225));
#1227= IFCSTYLEDITEM(#1219,(#1063),$);
#1228= IFCWALL('0JhT8zK8nDlf6eMJXRvxQ$',$,'\X2\042104420435043D0430\X0\: 10,00 \X2\043C043C\X0\',$,$,#1233,#1278,$,.STANDARD.);
#1229= IFCCARTESIANPOINT((10240.000000000014552,643.333333333314386,-460.));
#1230= IFCDIRECTION((-0.,0.,1.));
#1231= IFCDIRECTION((0.,-1.,0.));
#1232= IFCAXIS2PLACEMENT3D(#1229,#1230,#1231);
#1233= IFCLOCALPLACEMENT(#51,#1232);
#1234= IFCPOLYLOOP((#1184,#1235,#1236,#1237));
#1235= IFCCARTESIANPOINT((10230.000000000014552,126.66666666663798,-460.));
#1236= IFCCARTESIANPOINT((10230.000000000014552,126.66666666663798,-150.));
#1237= IFCCARTESIANPOINT((10230.000000000014552,643.333333333314386,-150.));
#1238= IFCFACEOUTERBOUND(#1234,.T.);
#1239= IFCFACE((#1238));
#1240= IFCPOLYLOOP((#1184,#1190,#1241,#1235));
#1241= IFCCARTESIANPOINT((10240.000000000014552,126.66666666663798,-460.));
#1242= IFCFACEOUTERBOUND(#1240,.T.);
#1243= IFCFACE((#1242));
#1244= IFCPOLYLOOP((#1235,#1241,#1245,#1236));
#1245= IFCCARTESIANPOINT((10240.000000000014552,126.66666666663798,-150.));
#1246= IFCFACEOUTERBOUND(#1244,.T.);
#1247= IFCFACE((#1246));
#1248= IFCPOLYLOOP((#1237,#1236,#1245,#1249));
#1249= IFCCARTESIANPOINT((10240.000000000014552,643.333333333314386,-150.));
#1250= IFCFACEOUTERBOUND(#1248,.T.);
#1251= IFCFACE((#1250));
#1252= IFCPOLYLOOP((#1190,#1184,#1237,#1249));
#1253= IFCFACEOUTERBOUND(#1252,.T.);
#1254= IFCFACE((#1253));
#1255= IFCPOLYLOOP((#1241,#1190,#1249,#1245));
#1256= IFCFACEOUTERBOUND(#1255,.T.);
#1257= IFCFACE((#1256));
#1258= IFCCLOSEDSHELL((#1239,#1243,#1247,#1251,#1254,#1257));
#1259= IFCFACETEDBREP(#1258);
#1260= IFCSHAPEREPRESENTATION(#41,'Body','Brep',(#1259));
#1261= IFCCARTESIANPOINT((0.,0.,0.));
#1262= IFCDIRECTION((0.,0.,1.));
#1263= IFCDIRECTION((1.,0.,0.));
#1264= IFCAXIS2PLACEMENT3D(#1261,#1262,#1263);
#1265= IFCREPRESENTATIONMAP(#1264,#1260);
#1266= IFCDIRECTION((0.,1.,-0.));
#1267= IFCDIRECTION((-1.,0.,0.));
#1268= IFCDIRECTION((0.,0.,1.));
#1269= IFCCARTESIANPOINT((643.333333333314386,-10240.000000000014552,460.));
#1270= IFCCARTESIANTRANSFORMATIONOPERATOR3D(#1266,#1267,#1269,1.,#1268);
#1271= IFCMAPPEDITEM(#1265,#1270);
#1272= IFCSHAPEREPRESENTATION(#41,'Body','MappedRepresentation',(#1271));
#1273= IFCSHAPEREPRESENTATION(#41,'Body','MappedRepresentation',(#1271));
#1274= IFCSHAPEASPECT((#1272),'Gross material layer',$,.U.,#1278);
#1275= IFCCARTESIANPOINTLIST2D(((0.,0.),(516.666666666676406,0.)));
#1276= IFCINDEXEDPOLYCURVE(#1275,$,$);
#1277= IFCSHAPEREPRESENTATION(#42,'Axis','Curve2D',(#1276));
#1278= IFCPRODUCTDEFINITIONSHAPE($,$,(#1273,#1277));
#1279= IFCSTYLEDITEM(#1271,(#1063),$);
#1280= IFCWALL('1fOnBaKcj2Y8KG34R2a1KS',$,'\X2\042104420435043D0430\X0\: 10,00 \X2\043C043C\X0\',$,$,#1285,#1330,$,.STANDARD.);
#1281= IFCCARTESIANPOINT((10240.000000000014552,126.66666666663798,-460.));
#1282= IFCDIRECTION((-0.,0.,1.));
#1283= IFCDIRECTION((0.,-1.,0.));
#1284= IFCAXIS2PLACEMENT3D(#1281,#1282,#1283);
#1285= IFCLOCALPLACEMENT(#51,#1284);
#1286= IFCPOLYLOOP((#1235,#1287,#1288,#1289));
#1287= IFCCARTESIANPOINT((10230.000000000014552,-390.000000000038426,-460.));
#1288= IFCCARTESIANPOINT((10230.000000000014552,-390.000000000038426,-300.));
#1289= IFCCARTESIANPOINT((10230.000000000014552,126.66666666663798,-300.));
#1290= IFCFACEOUTERBOUND(#1286,.T.);
#1291= IFCFACE((#1290));
#1292= IFCPOLYLOOP((#1235,#1241,#1293,#1287));
#1293= IFCCARTESIANPOINT((10240.000000000014552,-390.000000000038426,-460.));
#1294= IFCFACEOUTERBOUND(#1292,.T.);
#1295= IFCFACE((#1294));
#1296= IFCPOLYLOOP((#1287,#1293,#1297,#1288));
#1297= IFCCARTESIANPOINT((10240.000000000014552,-390.000000000038426,-300.));
#1298= IFCFACEOUTERBOUND(#1296,.T.);
#1299= IFCFACE((#1298));
#1300= IFCPOLYLOOP((#1289,#1288,#1297,#1301));
#1301= IFCCARTESIANPOINT((10240.000000000014552,126.66666666663798,-300.));
#1302= IFCFACEOUTERBOUND(#1300,.T.);
#1303= IFCFACE((#1302));
#1304= IFCPOLYLOOP((#1241,#1235,#1289,#1301));
#1305= IFCFACEOUTERBOUND(#1304,.T.);
#1306= IFCFACE((#1305));
#1307= IFCPOLYLOOP((#1293,#1241,#1301,#1297));
#1308= IFCFACEOUTERBOUND(#1307,.T.);
#1309= IFCFACE((#1308));
#1310= IFCCLOSEDSHELL((#1291,#1295,#1299,#1303,#1306,#1309));
#1311= IFCFACETEDBREP(#1310);
#1312= IFCSHAPEREPRESENTATION(#41,'Body','Brep',(#1311));
#1313= IFCCARTESIANPOINT((0.,0.,0.));
#1314= IFCDIRECTION((0.,0.,1.));
#1315= IFCDIRECTION((1.,0.,0.));
#1316= IFCAXIS2PLACEMENT3D(#1313,#1314,#1315);
#1317= IFCREPRESENTATIONMAP(#1316,#1312);
#1318= IFCDIRECTION((0.,1.,-0.));
#1319= IFCDIRECTION((-1.,0.,0.));
#1320= IFCDIRECTION((0.,0.,1.));
#1321= IFCCARTESIANPOINT((126.66666666663798,-10240.000000000014552,460.));
#1322= IFCCARTESIANTRANSFORMATIONOPERATOR3D(#1318,#1319,#1321,1.,#1320);
#1323= IFCMAPPEDITEM(#1317,#1322);
#1324= IFCSHAPEREPRESENTATION(#41,'Body','MappedRepresentation',(#1323));
#1325= IFCSHAPEREPRESENTATION(#41,'Body','MappedRepresentation',(#1323));
#1326= IFCSHAPEASPECT((#1324),'Gross material layer',$,.U.,#1330);
#1327= IFCCARTESIANPOINTLIST2D(((0.,0.),(516.666666666676406,0.)));
#1328= IFCINDEXEDPOLYCURVE(#1327,$,$);
#1329= IFCSHAPEREPRESENTATION(#42,'Axis','Curve2D',(#1328));
#1330= IFCPRODUCTDEFINITIONSHAPE($,$,(#1325,#1329));
#1331= IFCSTYLEDITEM(#1323,(#1063),$);
#1332= IFCWALL('2mHCUFtrvElhwxizJIwuFL',$,'\X2\042104420435043D0430\X0\: 10,00 \X2\043C043C\X0\',$,$,#1337,#1384,$,.STANDARD.);
#1333= IFCCARTESIANPOINT((13100.000000000014552,1159.999999999990678,-460.));
#1334= IFCDIRECTION((-0.,0.,1.));
#1335= IFCDIRECTION((0.,-1.,0.));
#1336= IFCAXIS2PLACEMENT3D(#1333,#1334,#1335);
#1337= IFCLOCALPLACEMENT(#51,#1336);
#1338= IFCPOLYLOOP((#1339,#1340,#1341,#1342));
#1339= IFCCARTESIANPOINT((13100.000000000014552,1159.999999999990678,-460.));
#1340= IFCCARTESIANPOINT((13100.000000000014552,643.333333333314386,-460.));
#1341= IFCCARTESIANPOINT((13100.000000000014552,643.333333333314386,0.));
#1342= IFCCARTESIANPOINT((13100.000000000014552,1159.999999999990678,0.));
#1343= IFCFACEOUTERBOUND(#1338,.T.);
#1344= IFCFACE((#1343));
#1345= IFCPOLYLOOP((#1339,#1346,#1347,#1340));
#1346= IFCCARTESIANPOINT((13110.000000000014552,1159.999999999990678,-460.));
#1347= IFCCARTESIANPOINT((13110.000000000014552,643.333333333314386,-460.));
#1348= IFCFACEOUTERBOUND(#1345,.T.);
#1349= IFCFACE((#1348));
#1350= IFCPOLYLOOP((#1340,#1347,#1351,#1341));
#1351= IFCCARTESIANPOINT((13110.000000000014552,643.333333333314386,0.));
#1352= IFCFACEOUTERBOUND(#1350,.T.);
#1353= IFCFACE((#1352));
#1354= IFCPOLYLOOP((#1342,#1341,#1351,#1355));
#1355= IFCCARTESIANPOINT((13110.000000000014552,1159.999999999990678,0.));
#1356= IFCFACEOUTERBOUND(#1354,.T.);
#1357= IFCFACE((#1356));
#1358= IFCPOLYLOOP((#1346,#1339,#1342,#1355));
#1359= IFCFACEOUTERBOUND(#1358,.T.);
#1360= IFCFACE((#1359));
#1361= IFCPOLYLOOP((#1347,#1346,#1355,#1351));
#1362= IFCFACEOUTERBOUND(#1361,.T.);
#1363= IFCFACE((#1362));
#1364= IFCCLOSEDSHELL((#1344,#1349,#1353,#1357,#1360,#1363));
#1365= IFCFACETEDBREP(#1364);
#1366= IFCSHAPEREPRESENTATION(#41,'Body','Brep',(#1365));
#1367= IFCCARTESIANPOINT((0.,0.,0.));
#1368= IFCDIRECTION((0.,0.,1.));
#1369= IFCDIRECTION((1.,0.,0.));
#1370= IFCAXIS2PLACEMENT3D(#1367,#1368,#1369);
#1371= IFCREPRESENTATIONMAP(#1370,#1366);
#1372= IFCDIRECTION((0.,1.,-0.));
#1373= IFCDIRECTION((-1.,0.,0.));
#1374= IFCDIRECTION((0.,0.,1.));
#1375= IFCCARTESIANPOINT((1159.999999999990678,-13100.000000000014552,460.));
#1376= IFCCARTESIANTRANSFORMATIONOPERATOR3D(#1372,#1373,#1375,1.,#1374);
#1377= IFCMAPPEDITEM(#1371,#1376);
#1378= IFCSHAPEREPRESENTATION(#41,'Body','MappedRepresentation',(#1377));
#1379= IFCSHAPEREPRESENTATION(#41,'Body','MappedRepresentation',(#1377));
#1380= IFCSHAPEASPECT((#1378),'Gross material layer',$,.U.,#1384);
#1381= IFCCARTESIANPOINTLIST2D(((0.,0.),(516.666666666676292,0.)));
#1382= IFCINDEXEDPOLYCURVE(#1381,$,$);
#1383= IFCSHAPEREPRESENTATION(#42,'Axis','Curve2D',(#1382));
#1384= IFCPRODUCTDEFINITIONSHAPE($,$,(#1379,#1383));
#1385= IFCSTYLEDITEM(#1377,(#1063),$);
#1386= IFCWALL('04vKg8RQLCPPFv1Sfq0wKe',$,'\X2\042104420435043D0430\X0\: 10,00 \X2\043C043C\X0\',$,$,#1391,#1436,$,.STANDARD.);
#1387= IFCCARTESIANPOINT((13100.000000000014552,643.333333333314386,-460.));
#1388= IFCDIRECTION((-0.,0.,1.));
#1389= IFCDIRECTION((0.,-1.,0.));
#1390= IFCAXIS2PLACEMENT3D(#1387,#1388,#1389);
#1391= IFCLOCALPLACEMENT(#51,#1390);
#1392= IFCPOLYLOOP((#1340,#1393,#1394,#1395));
#1393= IFCCARTESIANPOINT((13100.000000000014552,126.66666666663798,-460.));
#1394= IFCCARTESIANPOINT((13100.000000000014552,126.66666666663798,-150.));
#1395= IFCCARTESIANPOINT((13100.000000000014552,643.333333333314386,-150.));
#1396= IFCFACEOUTERBOUND(#1392,.T.);
#1397= IFCFACE((#1396));
#1398= IFCPOLYLOOP((#1340,#1347,#1399,#1393));
#1399= IFCCARTESIANPOINT((13110.000000000014552,126.66666666663798,-460.));
#1400= IFCFACEOUTERBOUND(#1398,.T.);
#1401= IFCFACE((#1400));
#1402= IFCPOLYLOOP((#1393,#1399,#1403,#1394));
#1403= IFCCARTESIANPOINT((13110.000000000014552,126.66666666663798,-150.));
#1404= IFCFACEOUTERBOUND(#1402,.T.);
#1405= IFCFACE((#1404));
#1406= IFCPOLYLOOP((#1395,#1394,#1403,#1407));
#1407= IFCCARTESIANPOINT((13110.000000000014552,643.333333333314386,-150.));
#1408= IFCFACEOUTERBOUND(#1406,.T.);
#1409= IFCFACE((#1408));
#1410= IFCPOLYLOOP((#1347,#1340,#1395,#1407));
#1411= IFCFACEOUTERBOUND(#1410,.T.);
#1412= IFCFACE((#1411));
#1413= IFCPOLYLOOP((#1399,#1347,#1407,#1403));
#1414= IFCFACEOUTERBOUND(#1413,.T.);
#1415= IFCFACE((#1414));
#1416= IFCCLOSEDSHELL((#1397,#1401,#1405,#1409,#1412,#1415));
#1417= IFCFACETEDBREP(#1416);
#1418= IFCSHAPEREPRESENTATION(#41,'Body','Brep',(#1417));
#1419= IFCCARTESIANPOINT((0.,0.,0.));
#1420= IFCDIRECTION((0.,0.,1.));
#1421= IFCDIRECTION((1.,0.,0.));
#1422= IFCAXIS2PLACEMENT3D(#1419,#1420,#1421);
#1423= IFCREPRESENTATIONMAP(#1422,#1418);
#1424= IFCDIRECTION((0.,1.,-0.));
#1425= IFCDIRECTION((-1.,0.,0.));
#1426= IFCDIRECTION((0.,0.,1.));
#1427= IFCCARTESIANPOINT((643.333333333314386,-13100.000000000014552,460.));
#1428= IFCCARTESIANTRANSFORMATIONOPERATOR3D(#1424,#1425,#1427,1.,#1426);
#1429= IFCMAPPEDITEM(#1423,#1428);
#1430= IFCSHAPEREPRESENTATION(#41,'Body','MappedRepresentation',(#1429));
#1431= IFCSHAPEREPRESENTATION(#41,'Body','MappedRepresentation',(#1429));
#1432= IFCSHAPEASPECT((#1430),'Gross material layer',$,.U.,#1436);
#1433= IFCCARTESIANPOINTLIST2D(((0.,0.),(516.666666666676406,0.)));
#1434= IFCINDEXEDPOLYCURVE(#1433,$,$);
#1435= IFCSHAPEREPRESENTATION(#42,'Axis','Curve2D',(#1434));
#1436= IFCPRODUCTDEFINITIONSHAPE($,$,(#1431,#1435));
#1437= IFCSTYLEDITEM(#1429,(#1063),$);
#1438= IFCWALL('1ml8V9rRv8euIdz4SsLTmj',$,'\X2\042104420435043D0430\X0\: 10,00 \X2\043C043C\X0\',$,$,#1443,#1488,$,.STANDARD.);
#1439= IFCCARTESIANPOINT((13100.000000000014552,126.66666666663798,-460.));
#1440= IFCDIRECTION((-0.,0.,1.));
#1441= IFCDIRECTION((0.,-1.,0.));
#1442= IFCAXIS2PLACEMENT3D(#1439,#1440,#1441);
#1443= IFCLOCALPLACEMENT(#51,#1442);
#1444= IFCPOLYLOOP((#1393,#1445,#1446,#1447));
#1445= IFCCARTESIANPOINT((13100.000000000014552,-390.000000000038426,-460.));
#1446= IFCCARTESIANPOINT((13100.000000000014552,-390.000000000038426,-300.));
#1447= IFCCARTESIANPOINT((13100.000000000014552,126.66666666663798,-300.));
#1448= IFCFACEOUTERBOUND(#1444,.T.);
#1449= IFCFACE((#1448));
#1450= IFCPOLYLOOP((#1393,#1399,#1451,#1445));
#1451= IFCCARTESIANPOINT((13110.000000000014552,-390.000000000038426,-460.));
#1452= IFCFACEOUTERBOUND(#1450,.T.);
#1453= IFCFACE((#1452));
#1454= IFCPOLYLOOP((#1445,#1451,#1455,#1446));
#1455= IFCCARTESIANPOINT((13110.000000000014552,-390.000000000038426,-300.));
#1456= IFCFACEOUTERBOUND(#1454,.T.);
#1457= IFCFACE((#1456));
#1458= IFCPOLYLOOP((#1447,#1446,#1455,#1459));
#1459= IFCCARTESIANPOINT((13110.000000000014552,126.66666666663798,-300.));
#1460= IFCFACEOUTERBOUND(#1458,.T.);
#1461= IFCFACE((#1460));
#1462= IFCPOLYLOOP((#1399,#1393,#1447,#1459));
#1463= IFCFACEOUTERBOUND(#1462,.T.);
#1464= IFCFACE((#1463));
#1465= IFCPOLYLOOP((#1451,#1399,#1459,#1455));
#1466= IFCFACEOUTERBOUND(#1465,.T.);
#1467= IFCFACE((#1466));
#1468= IFCCLOSEDSHELL((#1449,#1453,#1457,#1461,#1464,#1467));
#1469= IFCFACETEDBREP(#1468);
#1470= IFCSHAPEREPRESENTATION(#41,'Body','Brep',(#1469));
#1471= IFCCARTESIANPOINT((0.,0.,0.));
#1472= IFCDIRECTION((0.,0.,1.));
#1473= IFCDIRECTION((1.,0.,0.));
#1474= IFCAXIS2PLACEMENT3D(#1471,#1472,#1473);
#1475= IFCREPRESENTATIONMAP(#1474,#1470);
#1476= IFCDIRECTION((0.,1.,-0.));
#1477= IFCDIRECTION((-1.,0.,0.));
#1478= IFCDIRECTION((0.,0.,1.));
#1479= IFCCARTESIANPOINT((126.66666666663798,-13100.000000000014552,460.));
#1480= IFCCARTESIANTRANSFORMATIONOPERATOR3D(#1476,#1477,#1479,1.,#1478);
#1481= IFCMAPPEDITEM(#1475,#1480);
#1482= IFCSHAPEREPRESENTATION(#41,'Body','MappedRepresentation',(#1481));
#1483= IFCSHAPEREPRESENTATION(#41,'Body','MappedRepresentation',(#1481));
#1484= IFCSHAPEASPECT((#1482),'Gross material layer',$,.U.,#1488);
#1485= IFCCARTESIANPOINTLIST2D(((0.,0.),(516.666666666676406,0.)));
#1486= IFCINDEXEDPOLYCURVE(#1485,$,$);
#1487= IFCSHAPEREPRESENTATION(#42,'Axis','Curve2D',(#1486));
#1488= IFCPRODUCTDEFINITIONSHAPE($,$,(#1483,#1487));
#1489= IFCSTYLEDITEM(#1481,(#1063),$);
#1490= IFCWALL('21AT0y0I97AAVH1LM8laXa',$,'\X2\042104420435043D0430\X0\: 10,00 \X2\043C043C\X0\',$,$,#1495,#1538,$,.STANDARD.);
#1491= IFCCARTESIANPOINT((13100.000000000014552,1159.999999999990678,-460.));
#1492= IFCDIRECTION((0.,-0.,1.));
#1493= IFCDIRECTION((0.000000000000002,1.,0.));
#1494= IFCAXIS2PLACEMENT3D(#1491,#1492,#1493);
#1495= IFCLOCALPLACEMENT(#51,#1494);
#1496= IFCPOLYLOOP((#1346,#1497,#1498,#1355));
#1497= IFCCARTESIANPOINT((13110.000000000025466,7299.999999999962711,-460.));
#1498= IFCCARTESIANPOINT((13110.000000000025466,7299.999999999962711,0.));
#1499= IFCFACEOUTERBOUND(#1496,.T.);
#1500= IFCFACE((#1499));
#1501= IFCPOLYLOOP((#1346,#1339,#1502,#1497));
#1502= IFCCARTESIANPOINT((13100.000000000025466,7299.999999999962711,-460.));
#1503= IFCFACEOUTERBOUND(#1501,.T.);
#1504= IFCFACE((#1503));
#1505= IFCPOLYLOOP((#1497,#1502,#1506,#1498));
#1506= IFCCARTESIANPOINT((13100.000000000025466,7299.999999999962711,0.));
#1507= IFCFACEOUTERBOUND(#1505,.T.);
#1508= IFCFACE((#1507));
#1509= IFCPOLYLOOP((#1355,#1498,#1506,#1342));
#1510= IFCFACEOUTERBOUND(#1509,.T.);
#1511= IFCFACE((#1510));
#1512= IFCPOLYLOOP((#1339,#1346,#1355,#1342));
#1513= IFCFACEOUTERBOUND(#1512,.T.);
#1514= IFCFACE((#1513));
#1515= IFCPOLYLOOP((#1502,#1339,#1342,#1506));
#1516= IFCFACEOUTERBOUND(#1515,.T.);
#1517= IFCFACE((#1516));
#1518= IFCCLOSEDSHELL((#1500,#1504,#1508,#1511,#1514,#1517));
#1519= IFCFACETEDBREP(#1518);
#1520= IFCSHAPEREPRESENTATION(#41,'Body','Brep',(#1519));
#1521= IFCCARTESIANPOINT((0.,0.,0.));
#1522= IFCDIRECTION((0.,0.,1.));
#1523= IFCDIRECTION((1.,0.,0.));
#1524= IFCAXIS2PLACEMENT3D(#1521,#1522,#1523);
#1525= IFCREPRESENTATIONMAP(#1524,#1520);
#1526= IFCDIRECTION((0.000000000000002,-1.,0.));
#1527= IFCDIRECTION((1.,0.000000000000002,-0.));
#1528= IFCDIRECTION((0.,0.,1.));
#1529= IFCCARTESIANPOINT((-1160.00000000001387,13100.000000000012733,460.));
#1530= IFCCARTESIANTRANSFORMATIONOPERATOR3D(#1526,#1527,#1529,1.,#1528);
#1531= IFCMAPPEDITEM(#1525,#1530);
#1532= IFCSHAPEREPRESENTATION(#41,'Body','MappedRepresentation',(#1531));
#1533= IFCSHAPEREPRESENTATION(#41,'Body','MappedRepresentation',(#1531));
#1534= IFCSHAPEASPECT((#1532),'Gross material layer',$,.U.,#1538);
#1535= IFCCARTESIANPOINTLIST2D(((0.,0.),(6139.999999999971806,0.)));
#1536= IFCINDEXEDPOLYCURVE(#1535,$,$);
#1537= IFCSHAPEREPRESENTATION(#42,'Axis','Curve2D',(#1536));
#1538= IFCPRODUCTDEFINITIONSHAPE($,$,(#1533,#1537));
#1539= IFCSTYLEDITEM(#1531,(#1063),$);
#1540= IFCWALL('3iA$MgDbL8_vXfyBqF3iam',$,'\X2\042104420435043D0430\X0\: 10,00 \X2\043C043C\X0\',$,$,#1545,#1590,$,.STANDARD.);
#1541= IFCCARTESIANPOINT((13100.000000000025466,7299.999999999961801,-460.));
#1542= IFCDIRECTION((0.,0.,1.));
#1543= IFCDIRECTION((-1.,0.,0.));
#1544= IFCAXIS2PLACEMENT3D(#1541,#1542,#1543);
#1545= IFCLOCALPLACEMENT(#51,#1544);
#1546= IFCPOLYLOOP((#1547,#1548,#1549,#1550));
#1547= IFCCARTESIANPOINT((13100.000000000025466,7309.999999999961801,-460.));
#1548= IFCCARTESIANPOINT((10240.000000000001819,7309.999999999961801,-460.));
#1549= IFCCARTESIANPOINT((10240.000000000001819,7309.999999999961801,0.));
#1550= IFCCARTESIANPOINT((13100.000000000025466,7309.999999999961801,0.));
#1551= IFCFACEOUTERBOUND(#1546,.T.);
#1552= IFCFACE((#1551));
#1553= IFCPOLYLOOP((#1547,#1502,#1554,#1548));
#1554= IFCCARTESIANPOINT((10240.000000000001819,7299.999999999961801,-460.));
#1555= IFCFACEOUTERBOUND(#1553,.T.);
#1556= IFCFACE((#1555));
#1557= IFCPOLYLOOP((#1548,#1554,#1558,#1549));
#1558= IFCCARTESIANPOINT((10240.000000000001819,7299.999999999961801,0.));
#1559= IFCFACEOUTERBOUND(#1557,.T.);
#1560= IFCFACE((#1559));
#1561= IFCPOLYLOOP((#1550,#1549,#1558,#1506));
#1562= IFCFACEOUTERBOUND(#1561,.T.);
#1563= IFCFACE((#1562));
#1564= IFCPOLYLOOP((#1502,#1547,#1550,#1506));
#1565= IFCFACEOUTERBOUND(#1564,.T.);
#1566= IFCFACE((#1565));
#1567= IFCPOLYLOOP((#1554,#1502,#1506,#1558));
#1568= IFCFACEOUTERBOUND(#1567,.T.);
#1569= IFCFACE((#1568));
#1570= IFCCLOSEDSHELL((#1552,#1556,#1560,#1563,#1566,#1569));
#1571= IFCFACETEDBREP(#1570);
#1572= IFCSHAPEREPRESENTATION(#41,'Body','Brep',(#1571));
#1573= IFCCARTESIANPOINT((0.,0.,0.));
#1574= IFCDIRECTION((0.,0.,1.));
#1575= IFCDIRECTION((1.,0.,0.));
#1576= IFCAXIS2PLACEMENT3D(#1573,#1574,#1575);
#1577= IFCREPRESENTATIONMAP(#1576,#1572);
#1578= IFCDIRECTION((-1.,0.,0.));
#1579= IFCDIRECTION((0.,-1.,0.));
#1580= IFCDIRECTION((0.,0.,1.));
#1581= IFCCARTESIANPOINT((13100.000000000025466,7299.999999999961801,460.));
#1582= IFCCARTESIANTRANSFORMATIONOPERATOR3D(#1578,#1579,#1581,1.,#1580);
#1583= IFCMAPPEDITEM(#1577,#1582);
#1584= IFCSHAPEREPRESENTATION(#41,'Body','MappedRepresentation',(#1583));
#1585= IFCSHAPEREPRESENTATION(#41,'Body','MappedRepresentation',(#1583));
#1586= IFCSHAPEASPECT((#1584),'Gross material layer',$,.U.,#1590);
#1587= IFCCARTESIANPOINTLIST2D(((0.,0.),(2860.000000000023647,0.)));
#1588= IFCINDEXEDPOLYCURVE(#1587,$,$);
#1589= IFCSHAPEREPRESENTATION(#42,'Axis','Curve2D',(#1588));
#1590= IFCPRODUCTDEFINITIONSHAPE($,$,(#1585,#1589));
#1591= IFCSTYLEDITEM(#1583,(#1063),$);
#1592= IFCWALL('2EhDko5VT8HxR4_qmPbOsa',$,'\X2\042104420435043D0430\X0\: 10,00 \X2\043C043C\X0\',$,$,#1597,#1642,$,.STANDARD.);
#1593= IFCCARTESIANPOINT((10240.000000000001819,7299.999999999961801,-460.));
#1594= IFCDIRECTION((0.,-0.,1.));
#1595= IFCDIRECTION((0.00000000000029,1.,0.));
#1596= IFCAXIS2PLACEMENT3D(#1593,#1594,#1595);
#1597= IFCLOCALPLACEMENT(#51,#1596);
#1598= IFCPOLYLOOP((#1599,#1600,#1601,#1602));
#1599= IFCCARTESIANPOINT((10250.000000000001819,7299.999999999957254,-460.));
#1600= IFCCARTESIANPOINT((10250.000000000874934,10309.99999999809188,-460.));
#1601= IFCCARTESIANPOINT((10250.000000000874934,10309.99999999809188,0.));
#1602= IFCCARTESIANPOINT((10250.000000000001819,7299.999999999957254,0.));
#1603= IFCFACEOUTERBOUND(#1598,.T.);
#1604= IFCFACE((#1603));
#1605= IFCPOLYLOOP((#1599,#1554,#1606,#1600));
#1606= IFCCARTESIANPOINT((10240.000000000874934,10309.999999998095518,-460.));
#1607= IFCFACEOUTERBOUND(#1605,.T.);
#1608= IFCFACE((#1607));
#1609= IFCPOLYLOOP((#1600,#1606,#1610,#1601));
#1610= IFCCARTESIANPOINT((10240.000000000874934,10309.999999998095518,0.));
#1611= IFCFACEOUTERBOUND(#1609,.T.);
#1612= IFCFACE((#1611));
#1613= IFCPOLYLOOP((#1602,#1601,#1610,#1558));
#1614= IFCFACEOUTERBOUND(#1613,.T.);
#1615= IFCFACE((#1614));
#1616= IFCPOLYLOOP((#1554,#1599,#1602,#1558));
#1617= IFCFACEOUTERBOUND(#1616,.T.);
#1618= IFCFACE((#1617));
#1619= IFCPOLYLOOP((#1606,#1554,#1558,#1610));
#1620= IFCFACEOUTERBOUND(#1619,.T.);
#1621= IFCFACE((#1620));
#1622= IFCCLOSEDSHELL((#1604,#1608,#1612,#1615,#1618,#1621));
#1623= IFCFACETEDBREP(#1622);
#1624= IFCSHAPEREPRESENTATION(#41,'Body','Brep',(#1623));
#1625= IFCCARTESIANPOINT((0.,0.,0.));
#1626= IFCDIRECTION((0.,0.,1.));
#1627= IFCDIRECTION((1.,0.,0.));
#1628= IFCAXIS2PLACEMENT3D(#1625,#1626,#1627);
#1629= IFCREPRESENTATIONMAP(#1628,#1624);
#1630= IFCDIRECTION((0.00000000000029,-1.,0.));
#1631= IFCDIRECTION((1.,0.00000000000029,-0.));
#1632= IFCDIRECTION((0.,0.,1.));
#1633= IFCCARTESIANPOINT((-7300.000000002932211,10239.999999997884515,460.));
#1634= IFCCARTESIANTRANSFORMATIONOPERATOR3D(#1630,#1631,#1633,1.,#1632);
#1635= IFCMAPPEDITEM(#1629,#1634);
#1636= IFCSHAPEREPRESENTATION(#41,'Body','MappedRepresentation',(#1635));
#1637= IFCSHAPEREPRESENTATION(#41,'Body','MappedRepresentation',(#1635));
#1638= IFCSHAPEASPECT((#1636),'Gross material layer',$,.U.,#1642);
#1639= IFCCARTESIANPOINTLIST2D(((0.,0.),(3009.999999998133717,0.)));
#1640= IFCINDEXEDPOLYCURVE(#1639,$,$);
#1641= IFCSHAPEREPRESENTATION(#42,'Axis','Curve2D',(#1640));
#1642= IFCPRODUCTDEFINITIONSHAPE($,$,(#1637,#1641));
#1643= IFCSTYLEDITEM(#1635,(#1063),$);
#1644= IFCWALL('34H0EkcwrA$BEhwPN9L7Kt',$,'\X2\042104420435043D0430\X0\: 10,00 \X2\043C043C\X0\',$,$,#1649,#1694,$,.STANDARD.);
#1645= IFCCARTESIANPOINT((10240.000000000874934,10309.999999998095518,-460.));
#1646= IFCDIRECTION((0.,-0.,1.));
#1647= IFCDIRECTION((1.,0.000000000003164,0.));
#1648= IFCAXIS2PLACEMENT3D(#1645,#1646,#1647);
#1649= IFCLOCALPLACEMENT(#51,#1648);
#1650= IFCPOLYLOOP((#1651,#1652,#1653,#1654));
#1651= IFCCARTESIANPOINT((10240.000000000907676,10299.999999998095518,-460.));
#1652= IFCCARTESIANPOINT((11427.746008345637165,10300.00000000185355,-460.));
#1653= IFCCARTESIANPOINT((11427.746008345637165,10300.00000000185355,0.));
#1654= IFCCARTESIANPOINT((10240.000000000907676,10299.999999998095518,0.));
#1655= IFCFACEOUTERBOUND(#1650,.T.);
#1656= IFCFACE((#1655));
#1657= IFCPOLYLOOP((#1651,#1606,#1658,#1652));
#1658= IFCCARTESIANPOINT((11427.746008345604423,10310.00000000185355,-460.));
#1659= IFCFACEOUTERBOUND(#1657,.T.);
#1660= IFCFACE((#1659));
#1661= IFCPOLYLOOP((#1652,#1658,#1662,#1653));
#1662= IFCCARTESIANPOINT((11427.746008345604423,10310.00000000185355,0.));
#1663= IFCFACEOUTERBOUND(#1661,.T.);
#1664= IFCFACE((#1663));
#1665= IFCPOLYLOOP((#1654,#1653,#1662,#1610));
#1666= IFCFACEOUTERBOUND(#1665,.T.);
#1667= IFCFACE((#1666));
#1668= IFCPOLYLOOP((#1606,#1651,#1654,#1610));
#1669= IFCFACEOUTERBOUND(#1668,.T.);
#1670= IFCFACE((#1669));
#1671= IFCPOLYLOOP((#1658,#1606,#1610,#1662));
#1672= IFCFACEOUTERBOUND(#1671,.T.);
#1673= IFCFACE((#1672));
#1674= IFCCLOSEDSHELL((#1656,#1660,#1664,#1667,#1670,#1673));
#1675= IFCFACETEDBREP(#1674);
#1676= IFCSHAPEREPRESENTATION(#41,'Body','Brep',(#1675));
#1677= IFCCARTESIANPOINT((0.,0.,0.));
#1678= IFCDIRECTION((0.,0.,1.));
#1679= IFCDIRECTION((1.,0.,0.));
#1680= IFCAXIS2PLACEMENT3D(#1677,#1678,#1679);
#1681= IFCREPRESENTATIONMAP(#1680,#1676);
#1682= IFCDIRECTION((1.,-0.000000000003164,0.));
#1683= IFCDIRECTION((0.000000000003164,1.,-0.));
#1684= IFCDIRECTION((0.,0.,1.));
#1685= IFCCARTESIANPOINT((-10240.00000003349669,-10309.999999965695679,460.));
#1686= IFCCARTESIANTRANSFORMATIONOPERATOR3D(#1682,#1683,#1685,1.,#1684);
#1687= IFCMAPPEDITEM(#1681,#1686);
#1688= IFCSHAPEREPRESENTATION(#41,'Body','MappedRepresentation',(#1687));
#1689= IFCSHAPEREPRESENTATION(#41,'Body','MappedRepresentation',(#1687));
#1690= IFCSHAPEASPECT((#1688),'Gross material layer',$,.U.,#1694);
#1691= IFCCARTESIANPOINTLIST2D(((0.,0.),(1187.746008344729489,0.000000003758032)));
#1692= IFCINDEXEDPOLYCURVE(#1691,$,$);
#1693= IFCSHAPEREPRESENTATION(#42,'Axis','Curve2D',(#1692));
#1694= IFCPRODUCTDEFINITIONSHAPE($,$,(#1689,#1693));
#1695= IFCSTYLEDITEM(#1687,(#1063),$);
#1696= IFCWALL('3rJvbyxTjDReM6NTsxcTcS',$,'\X2\042104420435043D0430\X0\: 10,00 \X2\043C043C\X0\',$,$,#1701,#1746,$,.STANDARD.);
#1697= IFCCARTESIANPOINT((11427.746008345604423,10310.00000000185355,-460.));
#1698= IFCDIRECTION((0.,-0.,1.));
#1699= IFCDIRECTION((1.,0.,0.));
#1700= IFCAXIS2PLACEMENT3D(#1697,#1698,#1699);
#1701= IFCLOCALPLACEMENT(#51,#1700);
#1702= IFCPOLYLOOP((#1652,#1703,#1704,#1705));
#1703= IFCCARTESIANPOINT((11715.492016692085599,10300.00000000185355,-460.));
#1704= IFCCARTESIANPOINT((11715.492016692085599,10300.00000000185355,-150.));
#1705= IFCCARTESIANPOINT((11427.746008345604423,10300.00000000185355,-150.));
#1706= IFCFACEOUTERBOUND(#1702,.T.);
#1707= IFCFACE((#1706));
#1708= IFCPOLYLOOP((#1652,#1658,#1709,#1703));
#1709= IFCCARTESIANPOINT((11715.492016692085599,10310.00000000185355,-460.));
#1710= IFCFACEOUTERBOUND(#1708,.T.);
#1711= IFCFACE((#1710));
#1712= IFCPOLYLOOP((#1703,#1709,#1713,#1704));
#1713= IFCCARTESIANPOINT((11715.492016692085599,10310.00000000185355,-150.));
#1714= IFCFACEOUTERBOUND(#1712,.T.);
#1715= IFCFACE((#1714));
#1716= IFCPOLYLOOP((#1705,#1704,#1713,#1717));
#1717= IFCCARTESIANPOINT((11427.746008345604423,10310.00000000185355,-150.));
#1718= IFCFACEOUTERBOUND(#1716,.T.);
#1719= IFCFACE((#1718));
#1720= IFCPOLYLOOP((#1658,#1652,#1705,#1717));
#1721= IFCFACEOUTERBOUND(#1720,.T.);
#1722= IFCFACE((#1721));
#1723= IFCPOLYLOOP((#1709,#1658,#1717,#1713));
#1724= IFCFACEOUTERBOUND(#1723,.T.);
#1725= IFCFACE((#1724));
#1726= IFCCLOSEDSHELL((#1707,#1711,#1715,#1719,#1722,#1725));
#1727= IFCFACETEDBREP(#1726);
#1728= IFCSHAPEREPRESENTATION(#41,'Body','Brep',(#1727));
#1729= IFCCARTESIANPOINT((0.,0.,0.));
#1730= IFCDIRECTION((0.,0.,1.));
#1731= IFCDIRECTION((1.,0.,0.));
#1732= IFCAXIS2PLACEMENT3D(#1729,#1730,#1731);
#1733= IFCREPRESENTATIONMAP(#1732,#1728);
#1734= IFCDIRECTION((1.,0.,0.));
#1735= IFCDIRECTION((0.,1.,0.));
#1736= IFCDIRECTION((0.,0.,1.));
#1737= IFCCARTESIANPOINT((-11427.746008345604423,-10310.00000000185355,460.));
#1738= IFCCARTESIANTRANSFORMATIONOPERATOR3D(#1734,#1735,#1737,1.,#1736);
#1739= IFCMAPPEDITEM(#1733,#1738);
#1740= IFCSHAPEREPRESENTATION(#41,'Body','MappedRepresentation',(#1739));
#1741= IFCSHAPEREPRESENTATION(#41,'Body','MappedRepresentation',(#1739));
#1742= IFCSHAPEASPECT((#1740),'Gross material layer',$,.U.,#1746);
#1743= IFCCARTESIANPOINTLIST2D(((0.,0.),(287.746008346481176,0.)));
#1744= IFCINDEXEDPOLYCURVE(#1743,$,$);
#1745= IFCSHAPEREPRESENTATION(#42,'Axis','Curve2D',(#1744));
#1746= IFCPRODUCTDEFINITIONSHAPE($,$,(#1741,#1745));
#1747= IFCSTYLEDITEM(#1739,(#1063),$);
#1748= IFCWALL('2Y90JPu0v6mO$_nLo$tqFK',$,'\X2\042104420435043D0430\X0\: 10,00 \X2\043C043C\X0\',$,$,#1753,#1798,$,.STANDARD.);
#1749= IFCCARTESIANPOINT((11715.492016692085599,10310.00000000185355,-460.));
#1750= IFCDIRECTION((0.,-0.,1.));
#1751= IFCDIRECTION((1.,0.000000000000006,0.));
#1752= IFCAXIS2PLACEMENT3D(#1749,#1750,#1751);
#1753= IFCLOCALPLACEMENT(#51,#1752);
#1754= IFCPOLYLOOP((#1703,#1755,#1756,#1757));
#1755= IFCCARTESIANPOINT((12003.238025038566775,10300.000000001855369,-460.));
#1756= IFCCARTESIANPOINT((12003.238025038566775,10300.000000001855369,-310.));
#1757= IFCCARTESIANPOINT((11715.492016692085599,10300.00000000185355,-310.));
#1758= IFCFACEOUTERBOUND(#1754,.T.);
#1759= IFCFACE((#1758));
#1760= IFCPOLYLOOP((#1703,#1709,#1761,#1755));
#1761= IFCCARTESIANPOINT((12003.238025038566775,10310.000000001855369,-460.));
#1762= IFCFACEOUTERBOUND(#1760,.T.);
#1763= IFCFACE((#1762));
#1764= IFCPOLYLOOP((#1755,#1761,#1765,#1756));
#1765= IFCCARTESIANPOINT((12003.238025038566775,10310.000000001855369,-310.));
#1766= IFCFACEOUTERBOUND(#1764,.T.);
#1767= IFCFACE((#1766));
#1768= IFCPOLYLOOP((#1757,#1756,#1765,#1769));
#1769= IFCCARTESIANPOINT((11715.492016692085599,10310.00000000185355,-310.));
#1770= IFCFACEOUTERBOUND(#1768,.T.);
#1771= IFCFACE((#1770));
#1772= IFCPOLYLOOP((#1709,#1703,#1757,#1769));
#1773= IFCFACEOUTERBOUND(#1772,.T.);
#1774= IFCFACE((#1773));
#1775= IFCPOLYLOOP((#1761,#1709,#1769,#1765));
#1776= IFCFACEOUTERBOUND(#1775,.T.);
#1777= IFCFACE((#1776));
#1778= IFCCLOSEDSHELL((#1759,#1763,#1767,#1771,#1774,#1777));
#1779= IFCFACETEDBREP(#1778);
#1780= IFCSHAPEREPRESENTATION(#41,'Body','Brep',(#1779));
#1781= IFCCARTESIANPOINT((0.,0.,0.));
#1782= IFCDIRECTION((0.,0.,1.));
#1783= IFCDIRECTION((1.,0.,0.));
#1784= IFCAXIS2PLACEMENT3D(#1781,#1782,#1783);
#1785= IFCREPRESENTATIONMAP(#1784,#1780);
#1786= IFCDIRECTION((1.,0.,0.));
#1787= IFCDIRECTION((0.,1.,0.));
#1788= IFCDIRECTION((0.,0.,1.));
#1789= IFCCARTESIANPOINT((-11715.492016692085599,-10310.00000000185355,460.));
#1790= IFCCARTESIANTRANSFORMATIONOPERATOR3D(#1786,#1787,#1789,1.,#1788);
#1791= IFCMAPPEDITEM(#1785,#1790);
#1792= IFCSHAPEREPRESENTATION(#41,'Body','MappedRepresentation',(#1791));
#1793= IFCSHAPEREPRESENTATION(#41,'Body','MappedRepresentation',(#1791));
#1794= IFCSHAPEASPECT((#1792),'Gross material layer',$,.U.,#1798);
#1795= IFCCARTESIANPOINTLIST2D(((0.,0.),(287.746008346481176,0.000000000001819)));
#1796= IFCINDEXEDPOLYCURVE(#1795,$,$);
#1797= IFCSHAPEREPRESENTATION(#42,'Axis','Curve2D',(#1796));
#1798= IFCPRODUCTDEFINITIONSHAPE($,$,(#1793,#1797));
#1799= IFCSTYLEDITEM(#1791,(#1063),$);
#1800= IFCWALL('2fn19m5fL5TQqwXNeYzuQh',$,'\X2\042104420435043D0430\X0\: 10,00 \X2\043C043C\X0\',$,$,#1805,#1818,$,.STANDARD.);
#1801= IFCCARTESIANPOINT((12003.238025038563137,11810.000000001855369,-460.));
#1802= IFCDIRECTION((0.,0.,1.));
#1803= IFCDIRECTION((-1.,-0.000000000000006,0.));
#1804= IFCAXIS2PLACEMENT3D(#1801,#1802,#1803);
#1805= IFCLOCALPLACEMENT(#51,#1804);
#1806= IFCDIRECTION((1.,0.,0.));
#1807= IFCDIRECTION((0.,1.,0.));
#1808= IFCDIRECTION((0.,0.,1.));
#1809= IFCCARTESIANPOINT((-11715.492016692081961,-10310.000000001855369,460.));
#1810= IFCCARTESIANTRANSFORMATIONOPERATOR3D(#1806,#1807,#1809,1.,#1808);
#1811= IFCMAPPEDITEM(#1785,#1810);
#1812= IFCSHAPEREPRESENTATION(#41,'Body','MappedRepresentation',(#1811));
#1813= IFCSHAPEREPRESENTATION(#41,'Body','MappedRepresentation',(#1811));
#1814= IFCSHAPEASPECT((#1812),'Gross material layer',$,.U.,#1818);
#1815= IFCCARTESIANPOINTLIST2D(((0.,0.),(287.746008346479357,0.)));
#1816= IFCINDEXEDPOLYCURVE(#1815,$,$);
#1817= IFCSHAPEREPRESENTATION(#42,'Axis','Curve2D',(#1816));
#1818= IFCPRODUCTDEFINITIONSHAPE($,$,(#1813,#1817));
#1819= IFCSTYLEDITEM(#1811,(#1063),$);
#1820= IFCWALL('12LpvjlFX9bAyFq5GQTqdi',$,'\X2\042104420435043D0430\X0\: 10,00 \X2\043C043C\X0\',$,$,#1825,#1838,$,.STANDARD.);
#1821= IFCCARTESIANPOINT((11715.49201669208378,11810.00000000185355,-460.));
#1822= IFCDIRECTION((0.,0.,1.));
#1823= IFCDIRECTION((-1.,0.,0.));
#1824= IFCAXIS2PLACEMENT3D(#1821,#1822,#1823);
#1825= IFCLOCALPLACEMENT(#51,#1824);
#1826= IFCDIRECTION((1.,0.,0.));
#1827= IFCDIRECTION((0.,1.,0.));
#1828= IFCDIRECTION((0.,0.,1.));
#1829= IFCCARTESIANPOINT((-11427.746008345604423,-10310.00000000185355,460.));
#1830= IFCCARTESIANTRANSFORMATIONOPERATOR3D(#1826,#1827,#1829,1.,#1828);
#1831= IFCMAPPEDITEM(#1733,#1830);
#1832= IFCSHAPEREPRESENTATION(#41,'Body','MappedRepresentation',(#1831));
#1833= IFCSHAPEREPRESENTATION(#41,'Body','MappedRepresentation',(#1831));
#1834= IFCSHAPEASPECT((#1832),'Gross material layer',$,.U.,#1838);
#1835= IFCCARTESIANPOINTLIST2D(((0.,0.),(287.746008346481176,0.)));
#1836= IFCINDEXEDPOLYCURVE(#1835,$,$);
#1837= IFCSHAPEREPRESENTATION(#42,'Axis','Curve2D',(#1836));
#1838= IFCPRODUCTDEFINITIONSHAPE($,$,(#1833,#1837));
#1839= IFCSTYLEDITEM(#1831,(#1063),$);
#1840= IFCWALL('2H1lDiV312uP4e8SAXrsEk',$,'\X2\042104420435043D0430\X0\: 10,00 \X2\043C043C\X0\',$,$,#1845,#1858,$,.STANDARD.);
#1841= IFCCARTESIANPOINT((11427.746008345602604,11810.00000000185355,-460.));
#1842= IFCDIRECTION((0.,0.,1.));
#1843= IFCDIRECTION((-1.,0.,0.));
#1844= IFCAXIS2PLACEMENT3D(#1841,#1842,#1843);
#1845= IFCLOCALPLACEMENT(#51,#1844);
#1846= IFCDIRECTION((1.,-0.000000000003164,0.));
#1847= IFCDIRECTION((0.000000000003164,1.,0.));
#1848= IFCDIRECTION((-0.,0.,1.));
#1849= IFCCARTESIANPOINT((-10240.000000033498509,-10309.999999965695679,460.));
#1850= IFCCARTESIANTRANSFORMATIONOPERATOR3D(#1846,#1847,#1849,1.,#1848);
#1851= IFCMAPPEDITEM(#1681,#1850);
#1852= IFCSHAPEREPRESENTATION(#41,'Body','MappedRepresentation',(#1851));
#1853= IFCSHAPEREPRESENTATION(#41,'Body','MappedRepresentation',(#1851));
#1854= IFCSHAPEASPECT((#1852),'Gross material layer',$,.U.,#1858);
#1855= IFCCARTESIANPOINTLIST2D(((0.,0.),(1187.746008345600785,0.)));
#1856= IFCINDEXEDPOLYCURVE(#1855,$,$);
#1857= IFCSHAPEREPRESENTATION(#42,'Axis','Curve2D',(#1856));
#1858= IFCPRODUCTDEFINITIONSHAPE($,$,(#1853,#1857));
#1859= IFCSTYLEDITEM(#1851,(#1063),$);
#1860= IFCWALL('07XgxBDvb7WPK7vj6F5$9b',$,'\X2\042104420435043D0430\X0\: 10,00 \X2\043C043C\X0\',$,$,#1865,#1912,$,.STANDARD.);
#1861= IFCCARTESIANPOINT((10240.000000000001819,11810.00000000185355,-460.));
#1862= IFCDIRECTION((0.,-0.,1.));
#1863= IFCDIRECTION((0.,1.,0.));
#1864= IFCAXIS2PLACEMENT3D(#1861,#1862,#1863);
#1865= IFCLOCALPLACEMENT(#51,#1864);
#1866= IFCPOLYLOOP((#1867,#1868,#1869,#1870));
#1867= IFCCARTESIANPOINT((10250.000000000001819,11810.00000000185355,-460.));
#1868= IFCCARTESIANPOINT((10250.000000000001819,12439.999999999989086,-460.));
#1869= IFCCARTESIANPOINT((10250.000000000001819,12439.999999999989086,0.));
#1870= IFCCARTESIANPOINT((10250.000000000001819,11810.00000000185355,0.));
#1871= IFCFACEOUTERBOUND(#1866,.T.);
#1872= IFCFACE((#1871));
#1873= IFCPOLYLOOP((#1867,#1874,#1875,#1868));
#1874= IFCCARTESIANPOINT((10240.000000000001819,11810.00000000185355,-460.));
#1875= IFCCARTESIANPOINT((10240.000000000001819,12439.999999999989086,-460.));
#1876= IFCFACEOUTERBOUND(#1873,.T.);
#1877= IFCFACE((#1876));
#1878= IFCPOLYLOOP((#1868,#1875,#1879,#1869));
#1879= IFCCARTESIANPOINT((10240.000000000001819,12439.999999999989086,0.));
#1880= IFCFACEOUTERBOUND(#1878,.T.);
#1881= IFCFACE((#1880));
#1882= IFCPOLYLOOP((#1870,#1869,#1879,#1883));
#1883= IFCCARTESIANPOINT((10240.000000000001819,11810.00000000185355,0.));
#1884= IFCFACEOUTERBOUND(#1882,.T.);
#1885= IFCFACE((#1884));
#1886= IFCPOLYLOOP((#1874,#1867,#1870,#1883));
#1887= IFCFACEOUTERBOUND(#1886,.T.);
#1888= IFCFACE((#1887));
#1889= IFCPOLYLOOP((#1875,#1874,#1883,#1879));
#1890= IFCFACEOUTERBOUND(#1889,.T.);
#1891= IFCFACE((#1890));
#1892= IFCCLOSEDSHELL((#1872,#1877,#1881,#1885,#1888,#1891));
#1893= IFCFACETEDBREP(#1892);
#1894= IFCSHAPEREPRESENTATION(#41,'Body','Brep',(#1893));
#1895= IFCCARTESIANPOINT((0.,0.,0.));
#1896= IFCDIRECTION((0.,0.,1.));
#1897= IFCDIRECTION((1.,0.,0.));
#1898= IFCAXIS2PLACEMENT3D(#1895,#1896,#1897);
#1899= IFCREPRESENTATIONMAP(#1898,#1894);
#1900= IFCDIRECTION((0.,-1.,0.));
#1901= IFCDIRECTION((1.,0.,-0.));
#1902= IFCDIRECTION((0.,0.,1.));
#1903= IFCCARTESIANPOINT((-11810.00000000185355,10240.000000000001819,460.));
#1904= IFCCARTESIANTRANSFORMATIONOPERATOR3D(#1900,#1901,#1903,1.,#1902);
#1905= IFCMAPPEDITEM(#1899,#1904);
#1906= IFCSHAPEREPRESENTATION(#41,'Body','MappedRepresentation',(#1905));
#1907= IFCSHAPEREPRESENTATION(#41,'Body','MappedRepresentation',(#1905));
#1908= IFCSHAPEASPECT((#1906),'Gross material layer',$,.U.,#1912);
#1909= IFCCARTESIANPOINTLIST2D(((0.,0.),(629.999999998135536,0.)));
#1910= IFCINDEXEDPOLYCURVE(#1909,$,$);
#1911= IFCSHAPEREPRESENTATION(#42,'Axis','Curve2D',(#1910));
#1912= IFCPRODUCTDEFINITIONSHAPE($,$,(#1907,#1911));
#1913= IFCSTYLEDITEM(#1905,(#1063),$);
#1914= IFCWALL('2Lxb9$M8j6EwN7SulqzJfQ',$,'\X2\042104420435043D0430\X0\: 10,00 \X2\043C043C\X0\',$,$,#1919,#1964,$,.STANDARD.);
#1915= IFCCARTESIANPOINT((10240.000000000001819,12439.999999999989086,-460.));
#1916= IFCDIRECTION((0.,0.,1.));
#1917= IFCDIRECTION((-1.,0.,0.));
#1918= IFCAXIS2PLACEMENT3D(#1915,#1916,#1917);
#1919= IFCLOCALPLACEMENT(#51,#1918);
#1920= IFCPOLYLOOP((#1921,#1922,#1923,#1924));
#1921= IFCCARTESIANPOINT((10240.000000000001819,12449.999999999989086,-460.));
#1922= IFCCARTESIANPOINT((-239.999999999979991,12449.999999999989086,-460.));
#1923= IFCCARTESIANPOINT((-239.999999999979991,12449.999999999989086,0.));
#1924= IFCCARTESIANPOINT((10240.000000000001819,12449.999999999989086,0.));
#1925= IFCFACEOUTERBOUND(#1920,.T.);
#1926= IFCFACE((#1925));
#1927= IFCPOLYLOOP((#1921,#1875,#1928,#1922));
#1928= IFCCARTESIANPOINT((-239.999999999979991,12439.999999999989086,-460.));
#1929= IFCFACEOUTERBOUND(#1927,.T.);
#1930= IFCFACE((#1929));
#1931= IFCPOLYLOOP((#1922,#1928,#1932,#1923));
#1932= IFCCARTESIANPOINT((-239.999999999979991,12439.999999999989086,0.));
#1933= IFCFACEOUTERBOUND(#1931,.T.);
#1934= IFCFACE((#1933));
#1935= IFCPOLYLOOP((#1924,#1923,#1932,#1879));
#1936= IFCFACEOUTERBOUND(#1935,.T.);
#1937= IFCFACE((#1936));
#1938= IFCPOLYLOOP((#1875,#1921,#1924,#1879));
#1939= IFCFACEOUTERBOUND(#1938,.T.);
#1940= IFCFACE((#1939));
#1941= IFCPOLYLOOP((#1928,#1875,#1879,#1932));
#1942= IFCFACEOUTERBOUND(#1941,.T.);
#1943= IFCFACE((#1942));
#1944= IFCCLOSEDSHELL((#1926,#1930,#1934,#1937,#1940,#1943));
#1945= IFCFACETEDBREP(#1944);
#1946= IFCSHAPEREPRESENTATION(#41,'Body','Brep',(#1945));
#1947= IFCCARTESIANPOINT((0.,0.,0.));
#1948= IFCDIRECTION((0.,0.,1.));
#1949= IFCDIRECTION((1.,0.,0.));
#1950= IFCAXIS2PLACEMENT3D(#1947,#1948,#1949);
#1951= IFCREPRESENTATIONMAP(#1950,#1946);
#1952= IFCDIRECTION((-1.,0.,0.));
#1953= IFCDIRECTION((0.,-1.,0.));
#1954= IFCDIRECTION((0.,0.,1.));
#1955= IFCCARTESIANPOINT((10240.000000000001819,12439.999999999989086,460.));
#1956= IFCCARTESIANTRANSFORMATIONOPERATOR3D(#1952,#1953,#1955,1.,#1954);
#1957= IFCMAPPEDITEM(#1951,#1956);
#1958= IFCSHAPEREPRESENTATION(#41,'Body','MappedRepresentation',(#1957));
#1959= IFCSHAPEREPRESENTATION(#41,'Body','MappedRepresentation',(#1957));
#1960= IFCSHAPEASPECT((#1958),'Gross material layer',$,.U.,#1964);
#1961= IFCCARTESIANPOINTLIST2D(((0.,0.),(10479.99999999998181,0.)));
#1962= IFCINDEXEDPOLYCURVE(#1961,$,$);
#1963= IFCSHAPEREPRESENTATION(#42,'Axis','Curve2D',(#1962));
#1964= IFCPRODUCTDEFINITIONSHAPE($,$,(#1959,#1963));
#1965= IFCSTYLEDITEM(#1957,(#1063),$);
#1966= IFCWALL('1rlNnPU312dwntnALABpJf',$,'\X2\042104420435043D0430\X0\: 10,00 \X2\043C043C\X0\',$,$,#1971,#2016,$,.STANDARD.);
#1967= IFCCARTESIANPOINT((-239.999999999979991,12439.999999999989086,-460.));
#1968= IFCDIRECTION((0.,0.,1.));
#1969= IFCDIRECTION((-0.000000000000252,-1.,0.));
#1970= IFCAXIS2PLACEMENT3D(#1967,#1968,#1969);
#1971= IFCLOCALPLACEMENT(#51,#1970);
#1972= IFCPOLYLOOP((#1973,#1974,#1975,#1976));
#1973= IFCCARTESIANPOINT((-249.999999999979991,12439.999999999992724,-460.));
#1974= IFCCARTESIANPOINT((-250.000000000855835,8960.000000001888111,-460.));
#1975= IFCCARTESIANPOINT((-250.000000000855835,8960.000000001888111,0.));
#1976= IFCCARTESIANPOINT((-249.999999999979991,12439.999999999992724,0.));
#1977= IFCFACEOUTERBOUND(#1972,.T.);
#1978= IFCFACE((#1977));
#1979= IFCPOLYLOOP((#1973,#1928,#1980,#1974));
#1980= IFCCARTESIANPOINT((-240.000000000855835,8960.000000001884473,-460.));
#1981= IFCFACEOUTERBOUND(#1979,.T.);
#1982= IFCFACE((#1981));
#1983= IFCPOLYLOOP((#1974,#1980,#1984,#1975));
#1984= IFCCARTESIANPOINT((-240.000000000855835,8960.000000001884473,0.));
#1985= IFCFACEOUTERBOUND(#1983,.T.);
#1986= IFCFACE((#1985));
#1987= IFCPOLYLOOP((#1976,#1975,#1984,#1932));
#1988= IFCFACEOUTERBOUND(#1987,.T.);
#1989= IFCFACE((#1988));
#1990= IFCPOLYLOOP((#1928,#1973,#1976,#1932));
#1991= IFCFACEOUTERBOUND(#1990,.T.);
#1992= IFCFACE((#1991));
#1993= IFCPOLYLOOP((#1980,#1928,#1932,#1984));
#1994= IFCFACEOUTERBOUND(#1993,.T.);
#1995= IFCFACE((#1994));
#1996= IFCCLOSEDSHELL((#1978,#1982,#1986,#1989,#1992,#1995));
#1997= IFCFACETEDBREP(#1996);
#1998= IFCSHAPEREPRESENTATION(#41,'Body','Brep',(#1997));
#1999= IFCCARTESIANPOINT((0.,0.,0.));
#2000= IFCDIRECTION((0.,0.,1.));
#2001= IFCDIRECTION((1.,0.,0.));
#2002= IFCAXIS2PLACEMENT3D(#1999,#2000,#2001);
#2003= IFCREPRESENTATIONMAP(#2002,#1998);
#2004= IFCDIRECTION((-0.000000000000252,1.,0.));
#2005= IFCDIRECTION((-1.,-0.000000000000252,0.));
#2006= IFCDIRECTION((0.,0.,1.));
#2007= IFCCARTESIANPOINT((12439.999999999929059,240.00000000311087,460.));
#2008= IFCCARTESIANTRANSFORMATIONOPERATOR3D(#2004,#2005,#2007,1.,#2006);
#2009= IFCMAPPEDITEM(#2003,#2008);
#2010= IFCSHAPEREPRESENTATION(#41,'Body','MappedRepresentation',(#2009));
#2011= IFCSHAPEREPRESENTATION(#41,'Body','MappedRepresentation',(#2009));
#2012= IFCSHAPEASPECT((#2010),'Gross material layer',$,.U.,#2016);
#2013= IFCCARTESIANPOINTLIST2D(((0.,0.),(3479.999999998104613,0.)));
#2014= IFCINDEXEDPOLYCURVE(#2013,$,$);
#2015= IFCSHAPEREPRESENTATION(#42,'Axis','Curve2D',(#2014));
#2016= IFCPRODUCTDEFINITIONSHAPE($,$,(#2011,#2015));
#2017= IFCSTYLEDITEM(#2009,(#1063),$);
#2018= IFCWALL('1XiQDznyDCxQPGHnlqqrHO',$,'\X2\042104420435043D0430\X0\: 10,00 \X2\043C043C\X0\',$,$,#2023,#2068,$,.STANDARD.);
#2019= IFCCARTESIANPOINT((-240.000000000855835,8960.000000001884473,-460.));
#2020= IFCDIRECTION((0.,0.,1.));
#2021= IFCDIRECTION((-1.,-0.000000000001081,0.));
#2022= IFCAXIS2PLACEMENT3D(#2019,#2020,#2021);
#2023= IFCLOCALPLACEMENT(#51,#2022);
#2024= IFCPOLYLOOP((#2025,#2026,#2027,#2028));
#2025= IFCCARTESIANPOINT((-240.000000000866635,8970.000000001884473,-460.));
#2026= IFCCARTESIANPOINT((-1977.746008346488907,8970.000000000005457,-460.));
#2027= IFCCARTESIANPOINT((-1977.746008346488907,8970.000000000005457,0.));
#2028= IFCCARTESIANPOINT((-240.000000000866635,8970.000000001884473,0.));
#2029= IFCFACEOUTERBOUND(#2024,.T.);
#2030= IFCFACE((#2029));
#2031= IFCPOLYLOOP((#2025,#1980,#2032,#2026));
#2032= IFCCARTESIANPOINT((-1977.746008346477993,8960.000000000005457,-460.));
#2033= IFCFACEOUTERBOUND(#2031,.T.);
#2034= IFCFACE((#2033));
#2035= IFCPOLYLOOP((#2026,#2032,#2036,#2027));
#2036= IFCCARTESIANPOINT((-1977.746008346477993,8960.000000000005457,0.));
#2037= IFCFACEOUTERBOUND(#2035,.T.);
#2038= IFCFACE((#2037));
#2039= IFCPOLYLOOP((#2028,#2027,#2036,#1984));
#2040= IFCFACEOUTERBOUND(#2039,.T.);
#2041= IFCFACE((#2040));
#2042= IFCPOLYLOOP((#1980,#2025,#2028,#1984));
#2043= IFCFACEOUTERBOUND(#2042,.T.);
#2044= IFCFACE((#2043));
#2045= IFCPOLYLOOP((#2032,#1980,#1984,#2036));
#2046= IFCFACEOUTERBOUND(#2045,.T.);
#2047= IFCFACE((#2046));
#2048= IFCCLOSEDSHELL((#2030,#2034,#2038,#2041,#2044,#2047));
#2049= IFCFACETEDBREP(#2048);
#2050= IFCSHAPEREPRESENTATION(#41,'Body','Brep',(#2049));
#2051= IFCCARTESIANPOINT((0.,0.,0.));
#2052= IFCDIRECTION((0.,0.,1.));
#2053= IFCDIRECTION((1.,0.,0.));
#2054= IFCAXIS2PLACEMENT3D(#2051,#2052,#2053);
#2055= IFCREPRESENTATIONMAP(#2054,#2050);
#2056= IFCDIRECTION((-1.,0.000000000001081,0.));
#2057= IFCDIRECTION((-0.000000000001081,-1.,0.));
#2058= IFCDIRECTION((0.,0.,1.));
#2059= IFCCARTESIANPOINT((-239.999999991167442,8960.000000002144589,460.));
#2060= IFCCARTESIANTRANSFORMATIONOPERATOR3D(#2056,#2057,#2059,1.,#2058);
#2061= IFCMAPPEDITEM(#2055,#2060);
#2062= IFCSHAPEREPRESENTATION(#41,'Body','MappedRepresentation',(#2061));
#2063= IFCSHAPEREPRESENTATION(#41,'Body','MappedRepresentation',(#2061));
#2064= IFCSHAPEASPECT((#2062),'Gross material layer',$,.U.,#2068);
#2065= IFCCARTESIANPOINTLIST2D(((0.,0.),(1737.746008345622158,0.)));
#2066= IFCINDEXEDPOLYCURVE(#2065,$,$);
#2067= IFCSHAPEREPRESENTATION(#42,'Axis','Curve2D',(#2066));
#2068= IFCPRODUCTDEFINITIONSHAPE($,$,(#2063,#2067));
#2069= IFCSTYLEDITEM(#2061,(#1063),$);
#2070= IFCWALL('1TOT6YLfD8iRtPpD5AsILN',$,'\X2\042104420435043D0430\X0\: 10,00 \X2\043C043C\X0\',$,$,#2075,#2088,$,.STANDARD.);
#2071= IFCCARTESIANPOINT((-1977.746008346477993,8960.000000000005457,-460.));
#2072= IFCDIRECTION((0.,0.,1.));
#2073= IFCDIRECTION((-1.,0.,0.));
#2074= IFCAXIS2PLACEMENT3D(#2071,#2072,#2073);
#2075= IFCLOCALPLACEMENT(#51,#2074);
#2076= IFCDIRECTION((1.,0.,0.));
#2077= IFCDIRECTION((0.,1.,0.));
#2078= IFCDIRECTION((0.,0.,1.));
#2079= IFCCARTESIANPOINT((-11427.746008345604423,-10310.00000000185355,460.));
#2080= IFCCARTESIANTRANSFORMATIONOPERATOR3D(#2076,#2077,#2079,1.,#2078);
#2081= IFCMAPPEDITEM(#1733,#2080);
#2082= IFCSHAPEREPRESENTATION(#41,'Body','MappedRepresentation',(#2081));
#2083= IFCSHAPEREPRESENTATION(#41,'Body','MappedRepresentation',(#2081));
#2084= IFCSHAPEASPECT((#2082),'Gross material layer',$,.U.,#2088);
#2085= IFCCARTESIANPOINTLIST2D(((0.,0.),(287.746008346480721,0.)));
#2086= IFCINDEXEDPOLYCURVE(#2085,$,$);
#2087= IFCSHAPEREPRESENTATION(#42,'Axis','Curve2D',(#2086));
#2088= IFCPRODUCTDEFINITIONSHAPE($,$,(#2083,#2087));
#2089= IFCSTYLEDITEM(#2081,(#1063),$);
#2090= IFCWALL('1QHluQruD5gByB6pzI5uch',$,'\X2\042104420435043D0430\X0\: 10,00 \X2\043C043C\X0\',$,$,#2095,#2142,$,.STANDARD.);
#2091= IFCCARTESIANPOINT((-2265.492016692958714,8960.000000000005457,-460.));
#2092= IFCDIRECTION((0.,0.,1.));
#2093= IFCDIRECTION((-1.,0.,0.));
#2094= IFCAXIS2PLACEMENT3D(#2091,#2092,#2093);
#2095= IFCLOCALPLACEMENT(#51,#2094);
#2096= IFCPOLYLOOP((#2097,#2098,#2099,#2100));
#2097= IFCCARTESIANPOINT((-2265.492016692958714,8970.000000000005457,-460.));
#2098= IFCCARTESIANPOINT((-2553.238025039439435,8970.000000000005457,-460.));
#2099= IFCCARTESIANPOINT((-2553.238025039439435,8970.000000000005457,-300.));
#2100= IFCCARTESIANPOINT((-2265.492016692958714,8970.000000000005457,-300.));
#2101= IFCFACEOUTERBOUND(#2096,.T.);
#2102= IFCFACE((#2101));
#2103= IFCPOLYLOOP((#2097,#2104,#2105,#2098));
#2104= IFCCARTESIANPOINT((-2265.492016692958714,8960.000000000005457,-460.));
#2105= IFCCARTESIANPOINT((-2553.238025039439435,8960.000000000005457,-460.));
#2106= IFCFACEOUTERBOUND(#2103,.T.);
#2107= IFCFACE((#2106));
#2108= IFCPOLYLOOP((#2098,#2105,#2109,#2099));
#2109= IFCCARTESIANPOINT((-2553.238025039439435,8960.000000000005457,-300.));
#2110= IFCFACEOUTERBOUND(#2108,.T.);
#2111= IFCFACE((#2110));
#2112= IFCPOLYLOOP((#2100,#2099,#2109,#2113));
#2113= IFCCARTESIANPOINT((-2265.492016692958714,8960.000000000005457,-300.));
#2114= IFCFACEOUTERBOUND(#2112,.T.);
#2115= IFCFACE((#2114));
#2116= IFCPOLYLOOP((#2104,#2097,#2100,#2113));
#2117= IFCFACEOUTERBOUND(#2116,.T.);
#2118= IFCFACE((#2117));
#2119= IFCPOLYLOOP((#2105,#2104,#2113,#2109));
#2120= IFCFACEOUTERBOUND(#2119,.T.);
#2121= IFCFACE((#2120));
#2122= IFCCLOSEDSHELL((#2102,#2107,#2111,#2115,#2118,#2121));
#2123= IFCFACETEDBREP(#2122);
#2124= IFCSHAPEREPRESENTATION(#41,'Body','Brep',(#2123));
#2125= IFCCARTESIANPOINT((0.,0.,0.));
#2126= IFCDIRECTION((0.,0.,1.));
#2127= IFCDIRECTION((1.,0.,0.));
#2128= IFCAXIS2PLACEMENT3D(#2125,#2126,#2127);
#2129= IFCREPRESENTATIONMAP(#2128,#2124);
#2130= IFCDIRECTION((-1.,0.,0.));
#2131= IFCDIRECTION((0.,-1.,0.));
#2132= IFCDIRECTION((0.,0.,1.));
#2133= IFCCARTESIANPOINT((-2265.492016692958714,8960.000000000005457,460.));
#2134= IFCCARTESIANTRANSFORMATIONOPERATOR3D(#2130,#2131,#2133,1.,#2132);
#2135= IFCMAPPEDITEM(#2129,#2134);
#2136= IFCSHAPEREPRESENTATION(#41,'Body','MappedRepresentation',(#2135));
#2137= IFCSHAPEREPRESENTATION(#41,'Body','MappedRepresentation',(#2135));
#2138= IFCSHAPEASPECT((#2136),'Gross material layer',$,.U.,#2142);
#2139= IFCCARTESIANPOINTLIST2D(((0.,0.),(287.746008346480721,0.)));
#2140= IFCINDEXEDPOLYCURVE(#2139,$,$);
#2141= IFCSHAPEREPRESENTATION(#42,'Axis','Curve2D',(#2140));
#2142= IFCPRODUCTDEFINITIONSHAPE($,$,(#2137,#2141));
#2143= IFCSTYLEDITEM(#2135,(#1063),$);
#2144= IFCWALL('2DcLlwSuD70OfyMoaP1yZd',$,'\X2\042104420435043D0430\X0\: 10,00 \X2\043C043C\X0\',$,$,#2149,#2162,$,.STANDARD.);
#2145= IFCCARTESIANPOINT((-2553.238025039439435,5660.000000000005457,-450.));
#2146= IFCDIRECTION((0.,-0.,1.));
#2147= IFCDIRECTION((1.,0.000000000000003,0.));
#2148= IFCAXIS2PLACEMENT3D(#2145,#2146,#2147);
#2149= IFCLOCALPLACEMENT(#51,#2148);
#2150= IFCDIRECTION((-1.,-0.,0.));
#2151= IFCDIRECTION((0.,-1.,0.));
#2152= IFCDIRECTION((0.,0.,1.));
#2153= IFCCARTESIANPOINT((-2265.492016692959169,8960.000000000005457,460.));
#2154= IFCCARTESIANTRANSFORMATIONOPERATOR3D(#2150,#2151,#2153,1.,#2152);
#2155= IFCMAPPEDITEM(#2129,#2154);
#2156= IFCSHAPEREPRESENTATION(#41,'Body','MappedRepresentation',(#2155));
#2157= IFCSHAPEREPRESENTATION(#41,'Body','MappedRepresentation',(#2155));
#2158= IFCSHAPEASPECT((#2156),'Gross material layer',$,.U.,#2162);
#2159= IFCCARTESIANPOINTLIST2D(((0.,0.),(287.746008346480721,0.000000000000909)));
#2160= IFCINDEXEDPOLYCURVE(#2159,$,$);
#2161= IFCSHAPEREPRESENTATION(#42,'Axis','Curve2D',(#2160));
#2162= IFCPRODUCTDEFINITIONSHAPE($,$,(#2157,#2161));
#2163= IFCSTYLEDITEM(#2155,(#1063),$);
#2164= IFCWALL('1xYTi$EPj2JPEb0ACyiEDF',$,'\X2\042104420435043D0430\X0\: 10,00 \X2\043C043C\X0\',$,$,#2169,#2182,$,.STANDARD.);
#2165= IFCCARTESIANPOINT((-2265.492016692958714,5660.000000000006366,-450.));
#2166= IFCDIRECTION((0.,-0.,1.));
#2167= IFCDIRECTION((1.,0.,0.));
#2168= IFCAXIS2PLACEMENT3D(#2165,#2166,#2167);
#2169= IFCLOCALPLACEMENT(#51,#2168);
#2170= IFCDIRECTION((1.,0.,0.));
#2171= IFCDIRECTION((0.,1.,0.));
#2172= IFCDIRECTION((0.,0.,1.));
#2173= IFCCARTESIANPOINT((-11427.746008345604423,-10310.00000000185355,460.));
#2174= IFCCARTESIANTRANSFORMATIONOPERATOR3D(#2170,#2171,#2173,1.,#2172);
#2175= IFCMAPPEDITEM(#1733,#2174);
#2176= IFCSHAPEREPRESENTATION(#41,'Body','MappedRepresentation',(#2175));
#2177= IFCSHAPEREPRESENTATION(#41,'Body','MappedRepresentation',(#2175));
#2178= IFCSHAPEASPECT((#2176),'Gross material layer',$,.U.,#2182);
#2179= IFCCARTESIANPOINTLIST2D(((0.,0.),(287.746008346480721,0.)));
#2180= IFCINDEXEDPOLYCURVE(#2179,$,$);
#2181= IFCSHAPEREPRESENTATION(#42,'Axis','Curve2D',(#2180));
#2182= IFCPRODUCTDEFINITIONSHAPE($,$,(#2177,#2181));
#2183= IFCSTYLEDITEM(#2175,(#1063),$);
#2184= IFCWALL('1DC3mPiEXDERdtjKUlMf2r',$,'\X2\042104420435043D0430\X0\: 10,00 \X2\043C043C\X0\',$,$,#2189,#2202,$,.STANDARD.);
#2185= IFCCARTESIANPOINT((-1977.746008346477993,5660.000000000006366,-450.));
#2186= IFCDIRECTION((0.,-0.,1.));
#2187= IFCDIRECTION((1.,0.000000000001078,0.));
#2188= IFCAXIS2PLACEMENT3D(#2185,#2186,#2187);
#2189= IFCLOCALPLACEMENT(#51,#2188);
#2190= IFCDIRECTION((-1.,0.000000000001081,0.));
#2191= IFCDIRECTION((-0.000000000001081,-1.,0.));
#2192= IFCDIRECTION((0.,0.,1.));
#2193= IFCCARTESIANPOINT((-239.999999991167215,8960.000000002144589,460.));
#2194= IFCCARTESIANTRANSFORMATIONOPERATOR3D(#2190,#2191,#2193,1.,#2192);
#2195= IFCMAPPEDITEM(#2055,#2194);
#2196= IFCSHAPEREPRESENTATION(#41,'Body','MappedRepresentation',(#2195));
#2197= IFCSHAPEREPRESENTATION(#41,'Body','MappedRepresentation',(#2195));
#2198= IFCSHAPEASPECT((#2196),'Gross material layer',$,.U.,#2202);
#2199= IFCCARTESIANPOINTLIST2D(((0.,0.),(1737.746008347376574,0.00000000187265)));
#2200= IFCINDEXEDPOLYCURVE(#2199,$,$);
#2201= IFCSHAPEREPRESENTATION(#42,'Axis','Curve2D',(#2200));
#2202= IFCPRODUCTDEFINITIONSHAPE($,$,(#2197,#2201));
#2203= IFCSTYLEDITEM(#2195,(#1063),$);
#2204= IFCWALL('2fppj40Nn4C9yM2EBAowbH',$,'\X2\042104420435043D0430\X0\: 10,00 \X2\043C043C\X0\',$,$,#2209,#2256,$,.STANDARD.);
#2205= IFCCARTESIANPOINT((-239.999999999101419,5660.000000001879016,-450.));
#2206= IFCDIRECTION((0.,0.,1.));
#2207= IFCDIRECTION((-0.000000000000149,-1.,0.));
#2208= IFCAXIS2PLACEMENT3D(#2205,#2206,#2207);
#2209= IFCLOCALPLACEMENT(#51,#2208);
#2210= IFCPOLYLOOP((#2211,#2212,#2213,#2214));
#2211= IFCCARTESIANPOINT((-249.999999999101419,5660.000000001880835,-450.));
#2212= IFCCARTESIANPOINT((-249.999999999981839,-249.999999999992724,-450.));
#2213= IFCCARTESIANPOINT((-249.999999999981839,-249.999999999992724,10.));
#2214= IFCCARTESIANPOINT((-249.999999999101419,5660.000000001880835,10.));
#2215= IFCFACEOUTERBOUND(#2210,.T.);
#2216= IFCFACE((#2215));
#2217= IFCPOLYLOOP((#2211,#2218,#2219,#2212));
#2218= IFCCARTESIANPOINT((-239.999999999101419,5660.000000001879016,-450.));
#2219= IFCCARTESIANPOINT((-239.999999999981839,-249.999999999994543,-450.));
#2220= IFCFACEOUTERBOUND(#2217,.T.);
#2221= IFCFACE((#2220));
#2222= IFCPOLYLOOP((#2212,#2219,#2223,#2213));
#2223= IFCCARTESIANPOINT((-239.999999999981839,-249.999999999994543,10.));
#2224= IFCFACEOUTERBOUND(#2222,.T.);
#2225= IFCFACE((#2224));
#2226= IFCPOLYLOOP((#2214,#2213,#2223,#2227));
#2227= IFCCARTESIANPOINT((-239.999999999101419,5660.000000001879016,10.));
#2228= IFCFACEOUTERBOUND(#2226,.T.);
#2229= IFCFACE((#2228));
#2230= IFCPOLYLOOP((#2218,#2211,#2214,#2227));
#2231= IFCFACEOUTERBOUND(#2230,.T.);
#2232= IFCFACE((#2231));
#2233= IFCPOLYLOOP((#2219,#2218,#2227,#2223));
#2234= IFCFACEOUTERBOUND(#2233,.T.);
#2235= IFCFACE((#2234));
#2236= IFCCLOSEDSHELL((#2216,#2221,#2225,#2229,#2232,#2235));
#2237= IFCFACETEDBREP(#2236);
#2238= IFCSHAPEREPRESENTATION(#41,'Body','Brep',(#2237));
#2239= IFCCARTESIANPOINT((0.,0.,0.));
#2240= IFCDIRECTION((0.,0.,1.));
#2241= IFCDIRECTION((1.,0.,0.));
#2242= IFCAXIS2PLACEMENT3D(#2239,#2240,#2241);
#2243= IFCREPRESENTATIONMAP(#2242,#2238);
#2244= IFCDIRECTION((-0.000000000000149,1.,0.));
#2245= IFCDIRECTION((-1.,-0.000000000000149,0.));
#2246= IFCDIRECTION((0.,0.,1.));
#2247= IFCCARTESIANPOINT((5660.000000001843546,239.999999999944606,450.));
#2248= IFCCARTESIANTRANSFORMATIONOPERATOR3D(#2244,#2245,#2247,1.,#2246);
#2249= IFCMAPPEDITEM(#2243,#2248);
#2250= IFCSHAPEREPRESENTATION(#41,'Body','MappedRepresentation',(#2249));
#2251= IFCSHAPEREPRESENTATION(#41,'Body','MappedRepresentation',(#2249));
#2252= IFCSHAPEASPECT((#2250),'Gross material layer',$,.U.,#2256);
#2253= IFCCARTESIANPOINTLIST2D(((0.,0.),(5910.000000001873559,0.)));
#2254= IFCINDEXEDPOLYCURVE(#2253,$,$);
#2255= IFCSHAPEREPRESENTATION(#42,'Axis','Curve2D',(#2254));
#2256= IFCPRODUCTDEFINITIONSHAPE($,$,(#2251,#2255));
#2257= IFCSTYLEDITEM(#2249,(#1063),$);
#2258= IFCWALL('2QluFIxD90DfDfuNZpGb7p',$,'\X2\042104420435043D0430\X0\: 10,00 \X2\043C043C\X0\',$,$,#2263,#2380,$,.STANDARD.);
#2259= IFCCARTESIANPOINT((10240.000000000014552,1159.999999999990678,0.));
#2260= IFCDIRECTION((0.,-0.,1.));
#2261= IFCDIRECTION((0.,1.,0.));
#2262= IFCAXIS2PLACEMENT3D(#2259,#2260,#2261);
#2263= IFCLOCALPLACEMENT(#51,#2262);
#2264= IFCPOLYLOOP((#2265,#2266,#2267,#2268,#2269,#2270,#2271,#2272,#2273,#2274,#2275,#2276,#2277,#2278,#2279,#2280));
#2265= IFCCARTESIANPOINT((4189.666059627945288,-10.,2100.));
#2266= IFCCARTESIANPOINT((4189.666059627945288,-10.,0.));
#2267= IFCCARTESIANPOINT((9434.999999999972715,-10.,0.));
#2268= IFCCARTESIANPOINT((9434.999999999972715,-10.,2100.));
#2269= IFCCARTESIANPOINT((10434.999999999972715,-10.,2100.));
#2270= IFCCARTESIANPOINT((10434.999999999972715,-10.,0.));
#2271= IFCCARTESIANPOINT((11279.999999999983629,-10.,0.));
#2272= IFCCARTESIANPOINT((11279.999999999983629,-10.,3200.));
#2273= IFCCARTESIANPOINT((6923.915670774849787,-10.,3200.));
#2274= IFCCARTESIANPOINT((6923.915670774849787,-10.,2500.));
#2275= IFCCARTESIANPOINT((6023.915670774849787,-10.,2500.));
#2276= IFCCARTESIANPOINT((6023.915670774849787,-10.,3200.));
#2277= IFCCARTESIANPOINT((0.,-10.,3200.));
#2278= IFCCARTESIANPOINT((0.,-10.,0.));
#2279= IFCCARTESIANPOINT((3189.666059627944378,-10.,0.));
#2280= IFCCARTESIANPOINT((3189.666059627945288,-10.,2100.));
#2281= IFCFACEOUTERBOUND(#2264,.T.);
#2282= IFCPOLYLOOP((#2283,#2284,#2285,#2286));
#2283= IFCCARTESIANPOINT((8939.999999999979991,-10.,700.));
#2284= IFCCARTESIANPOINT((8039.999999999979991,-10.,700.));
#2285= IFCCARTESIANPOINT((8039.999999999979991,-10.,2400.));
#2286= IFCCARTESIANPOINT((8939.999999999979991,-10.,2400.));
#2287= IFCFACEBOUND(#2282,.T.);
#2288= IFCFACE((#2281,#2287));
#2289= IFCPOLYLOOP((#2266,#2265,#2290,#2291));
#2290= IFCCARTESIANPOINT((4189.666059627945288,0.,2100.));
#2291= IFCCARTESIANPOINT((4189.666059627946197,0.,0.));
#2292= IFCFACEOUTERBOUND(#2289,.T.);
#2293= IFCFACE((#2292));
#2294= IFCPOLYLOOP((#2266,#2291,#2295,#2267));
#2295= IFCCARTESIANPOINT((9434.999999999972715,0.,0.));
#2296= IFCFACEOUTERBOUND(#2294,.T.);
#2297= IFCFACE((#2296));
#2298= IFCPOLYLOOP((#2268,#2267,#2295,#2299));
#2299= IFCCARTESIANPOINT((9434.999999999972715,0.,2100.));
#2300= IFCFACEOUTERBOUND(#2298,.T.);
#2301= IFCFACE((#2300));
#2302= IFCPOLYLOOP((#2269,#2268,#2299,#2303));
#2303= IFCCARTESIANPOINT((10434.999999999972715,0.,2100.));
#2304= IFCFACEOUTERBOUND(#2302,.T.);
#2305= IFCFACE((#2304));
#2306= IFCPOLYLOOP((#2270,#2269,#2303,#2307));
#2307= IFCCARTESIANPOINT((10434.999999999972715,0.,0.));
#2308= IFCFACEOUTERBOUND(#2306,.T.);
#2309= IFCFACE((#2308));
#2310= IFCPOLYLOOP((#2270,#2307,#2311,#2271));
#2311= IFCCARTESIANPOINT((11279.999999999983629,0.,0.));
#2312= IFCFACEOUTERBOUND(#2310,.T.);
#2313= IFCFACE((#2312));
#2314= IFCPOLYLOOP((#2271,#2311,#2315,#2272));
#2315= IFCCARTESIANPOINT((11279.999999999983629,0.,3200.));
#2316= IFCFACEOUTERBOUND(#2314,.T.);
#2317= IFCFACE((#2316));
#2318= IFCPOLYLOOP((#2319,#2273,#2272,#2315));
#2319= IFCCARTESIANPOINT((6923.915670774849787,0.,3200.));
#2320= IFCFACEOUTERBOUND(#2318,.T.);
#2321= IFCFACE((#2320));
#2322= IFCPOLYLOOP((#2274,#2273,#2319,#2323));
#2323= IFCCARTESIANPOINT((6923.915670774849787,0.,2500.));
#2324= IFCFACEOUTERBOUND(#2322,.T.);
#2325= IFCFACE((#2324));
#2326= IFCPOLYLOOP((#2275,#2274,#2323,#2327));
#2327= IFCCARTESIANPOINT((6023.915670774849787,0.,2500.));
#2328= IFCFACEOUTERBOUND(#2326,.T.);
#2329= IFCFACE((#2328));
#2330= IFCPOLYLOOP((#2276,#2275,#2327,#2331));
#2331= IFCCARTESIANPOINT((6023.915670774849787,0.,3200.));
#2332= IFCFACEOUTERBOUND(#2330,.T.);
#2333= IFCFACE((#2332));
#2334= IFCPOLYLOOP((#2276,#2331,#842,#2277));
#2335= IFCFACEOUTERBOUND(#2334,.T.);
#2336= IFCFACE((#2335));
#2337= IFCPOLYLOOP((#833,#2278,#2277,#842));
#2338= IFCFACEOUTERBOUND(#2337,.T.);
#2339= IFCFACE((#2338));
#2340= IFCPOLYLOOP((#2341,#2279,#2278,#833));
#2341= IFCCARTESIANPOINT((3189.666059627945288,0.,0.));
#2342= IFCFACEOUTERBOUND(#2340,.T.);
#2343= IFCFACE((#2342));
#2344= IFCPOLYLOOP((#2280,#2279,#2341,#2345));
#2345= IFCCARTESIANPOINT((3189.666059627945288,0.,2100.));
#2346= IFCFACEOUTERBOUND(#2344,.T.);
#2347= IFCFACE((#2346));
#2348= IFCPOLYLOOP((#2265,#2280,#2345,#2290));
#2349= IFCFACEOUTERBOUND(#2348,.T.);
#2350= IFCFACE((#2349));
#2351= IFCPOLYLOOP((#2284,#2283,#2352,#2353));
#2352= IFCCARTESIANPOINT((8939.999999999979991,0.,700.));
#2353= IFCCARTESIANPOINT((8039.999999999979991,0.,700.));
#2354= IFCFACEOUTERBOUND(#2351,.T.);
#2355= IFCFACE((#2354));
#2356= IFCPOLYLOOP((#2285,#2284,#2353,#2357));
#2357= IFCCARTESIANPOINT((8039.999999999979991,0.,2400.));
#2358= IFCFACEOUTERBOUND(#2356,.T.);
#2359= IFCFACE((#2358));
#2360= IFCPOLYLOOP((#2286,#2285,#2357,#2361));
#2361= IFCCARTESIANPOINT((8939.999999999979991,0.,2400.));
#2362= IFCFACEOUTERBOUND(#2360,.T.);
#2363= IFCFACE((#2362));
#2364= IFCPOLYLOOP((#2283,#2286,#2361,#2352));
#2365= IFCFACEOUTERBOUND(#2364,.T.);
#2366= IFCFACE((#2365));
#2367= IFCPOLYLOOP((#2291,#2290,#2345,#2341,#833,#842,#2331,#2327,#2323,#2319,#2315,#2311,#2307,#2303,#2299,#2295));
#2368= IFCFACEOUTERBOUND(#2367,.T.);
#2369= IFCPOLYLOOP((#2353,#2352,#2361,#2357));
#2370= IFCFACEBOUND(#2369,.T.);
#2371= IFCFACE((#2368,#2370));
#2372= IFCCLOSEDSHELL((#2288,#2293,#2297,#2301,#2305,#2309,#2313,#2317,#2321,#2325,#2329,#2333,#2336,#2339,#2343,#2347,#2350,#2355,#2359,#2363,#2366,#2371));
#2373= IFCFACETEDBREP(#2372);
#2374= IFCSHAPEREPRESENTATION(#41,'Body','Brep',(#2373));
#2375= IFCSHAPEREPRESENTATION(#41,'Body','Brep',(#2373));
#2376= IFCSHAPEASPECT((#2374),'\X2\0421043B043E0439\X0\ 1 - BWS_\X2\042804420443043A0430044204430440043A0430\X0\ \X2\043D04300440\X0\: 10,00 \X2\043C043C\X0\',$,.U.,#2380);
#2377= IFCCARTESIANPOINTLIST2D(((0.,0.),(11279.999999999983629,0.)));
#2378= IFCINDEXEDPOLYCURVE(#2377,$,$);
#2379= IFCSHAPEREPRESENTATION(#42,'Axis','Curve2D',(#2378));
#2380= IFCPRODUCTDEFINITIONSHAPE($,$,(#2375,#2379));
#2381= IFCMATERIAL('BWS_\X2\042804420443043A0430044204430440043A0430\X0\ \X2\043D04300440\X0\',$,$);
#2382= IFCCOLOURRGB($,1.,1.,0.92156862745098);
#2383= IFCSURFACESTYLESHADING(#2382,$);
#2384= IFCSURFACESTYLE($,.BOTH.,(#2383));
#2385= IFCSTYLEDITEM($,(#2384),$);
#2386= IFCSTYLEDREPRESENTATION(#5,$,$,(#2385));
#2387= IFCMATERIALDEFINITIONREPRESENTATION($,$,(#2386),#2381);
#2388= IFCMATERIALCONSTITUENT('\X2\0421043B043E0439\X0\ 1 - BWS_\X2\042804420443043A0430044204430440043A0430\X0\ \X2\043D04300440\X0\: 10,00 \X2\043C043C\X0\',$,#2381,$,$);
#2389= IFCMATERIALCONSTITUENTSET('BWS_10_10 \X2\041D04300440\X0\ \X2\042804420443043A0430044204430440043A0430\X0\',$,(#2388));
#2390= IFCRELASSOCIATESMATERIAL('0krt1YevL0aA1EoGi2kbg4',$,$,$,(#2258,#2391,#2476,#2581,#2631),#2389);
#2391= IFCWALL('26dZdGU4r41P52AMJVBBnD',$,'\X2\042104420435043D0430\X0\: 10,00 \X2\043C043C\X0\',$,$,#2396,#2475,$,.STANDARD.);
#2392= IFCCARTESIANPOINT((10240.000000000014552,12439.999999999974534,0.));
#2393= IFCDIRECTION((0.,0.,1.));
#2394= IFCDIRECTION((-1.,0.,0.));
#2395= IFCAXIS2PLACEMENT3D(#2392,#2393,#2394);
#2396= IFCLOCALPLACEMENT(#51,#2395);
#2397= IFCPOLYLOOP((#2278,#2398,#2399,#2277));
#2398= IFCCARTESIANPOINT((10479.999999999994543,-10.,0.));
#2399= IFCCARTESIANPOINT((10479.999999999994543,-10.,3200.));
#2400= IFCFACEOUTERBOUND(#2397,.T.);
#2401= IFCPOLYLOOP((#2402,#2403,#2404,#2405));
#2402= IFCCARTESIANPOINT((4811.405775609724515,-10.,1800.000000000000227));
#2403= IFCCARTESIANPOINT((3611.405775609724515,-10.,1800.000000000000227));
#2404= IFCCARTESIANPOINT((3611.405775609724515,-10.,2400.));
#2405= IFCCARTESIANPOINT((4811.405775609724515,-10.,2400.));
#2406= IFCFACEBOUND(#2401,.T.);
#2407= IFCPOLYLOOP((#2408,#2409,#2410,#2411));
#2408= IFCCARTESIANPOINT((6819.777033255613787,-10.,700.));
#2409= IFCCARTESIANPOINT((5919.777033255613787,-10.,700.));
#2410= IFCCARTESIANPOINT((5919.777033255613787,-10.,2400.));
#2411= IFCCARTESIANPOINT((6819.777033255613787,-10.,2400.));
#2412= IFCFACEBOUND(#2407,.T.);
#2413= IFCFACE((#2400,#2406,#2412));
#2414= IFCPOLYLOOP((#2278,#833,#2415,#2398));
#2415= IFCCARTESIANPOINT((10479.999999999994543,0.,0.));
#2416= IFCFACEOUTERBOUND(#2414,.T.);
#2417= IFCFACE((#2416));
#2418= IFCPOLYLOOP((#2398,#2415,#2419,#2399));
#2419= IFCCARTESIANPOINT((10479.999999999994543,0.,3200.));
#2420= IFCFACEOUTERBOUND(#2418,.T.);
#2421= IFCFACE((#2420));
#2422= IFCPOLYLOOP((#2277,#2399,#2419,#842));
#2423= IFCFACEOUTERBOUND(#2422,.T.);
#2424= IFCFACE((#2423));
#2425= IFCPOLYLOOP((#833,#2278,#2277,#842));
#2426= IFCFACEOUTERBOUND(#2425,.T.);
#2427= IFCFACE((#2426));
#2428= IFCPOLYLOOP((#2403,#2402,#2429,#2430));
#2429= IFCCARTESIANPOINT((4811.405775609724515,0.,1800.000000000000227));
#2430= IFCCARTESIANPOINT((3611.405775609724515,0.,1800.000000000000227));
#2431= IFCFACEOUTERBOUND(#2428,.T.);
#2432= IFCFACE((#2431));
#2433= IFCPOLYLOOP((#2404,#2403,#2430,#2434));
#2434= IFCCARTESIANPOINT((3611.405775609724515,0.,2400.));
#2435= IFCFACEOUTERBOUND(#2433,.T.);
#2436= IFCFACE((#2435));
#2437= IFCPOLYLOOP((#2405,#2404,#2434,#2438));
#2438= IFCCARTESIANPOINT((4811.405775609724515,0.,2400.));
#2439= IFCFACEOUTERBOUND(#2437,.T.);
#2440= IFCFACE((#2439));
#2441= IFCPOLYLOOP((#2402,#2405,#2438,#2429));
#2442= IFCFACEOUTERBOUND(#2441,.T.);
#2443= IFCFACE((#2442));
#2444= IFCPOLYLOOP((#2409,#2408,#2445,#2446));
#2445= IFCCARTESIANPOINT((6819.777033255613787,0.,700.));
#2446= IFCCARTESIANPOINT((5919.777033255613787,0.,700.));
#2447= IFCFACEOUTERBOUND(#2444,.T.);
#2448= IFCFACE((#2447));
#2449= IFCPOLYLOOP((#2410,#2409,#2446,#2450));
#2450= IFCCARTESIANPOINT((5919.777033255613787,0.,2400.));
#2451= IFCFACEOUTERBOUND(#2449,.T.);
#2452= IFCFACE((#2451));
#2453= IFCPOLYLOOP((#2411,#2410,#2450,#2454));
#2454= IFCCARTESIANPOINT((6819.777033255613787,0.,2400.));
#2455= IFCFACEOUTERBOUND(#2453,.T.);
#2456= IFCFACE((#2455));
#2457= IFCPOLYLOOP((#2408,#2411,#2454,#2445));
#2458= IFCFACEOUTERBOUND(#2457,.T.);
#2459= IFCFACE((#2458));
#2460= IFCPOLYLOOP((#2415,#833,#842,#2419));
#2461= IFCFACEOUTERBOUND(#2460,.T.);
#2462= IFCPOLYLOOP((#2430,#2429,#2438,#2434));
#2463= IFCFACEBOUND(#2462,.T.);
#2464= IFCPOLYLOOP((#2446,#2445,#2454,#2450));
#2465= IFCFACEBOUND(#2464,.T.);
#2466= IFCFACE((#2461,#2463,#2465));
#2467= IFCCLOSEDSHELL((#2413,#2417,#2421,#2424,#2427,#2432,#2436,#2440,#2443,#2448,#2452,#2456,#2459,#2466));
#2468= IFCFACETEDBREP(#2467);
#2469= IFCSHAPEREPRESENTATION(#41,'Body','Brep',(#2468));
#2470= IFCSHAPEREPRESENTATION(#41,'Body','Brep',(#2468));
#2471= IFCSHAPEASPECT((#2469),'\X2\0421043B043E0439\X0\ 1 - BWS_\X2\042804420443043A0430044204430440043A0430\X0\ \X2\043D04300440\X0\: 10,00 \X2\043C043C\X0\',$,.U.,#2475);
#2472= IFCCARTESIANPOINTLIST2D(((0.,0.),(10479.999999999994543,0.)));
#2473= IFCINDEXEDPOLYCURVE(#2472,$,$);
#2474= IFCSHAPEREPRESENTATION(#42,'Axis','Curve2D',(#2473));
#2475= IFCPRODUCTDEFINITIONSHAPE($,$,(#2470,#2474));
#2476= IFCWALL('0prrJciyD06OgnlCgE8NqB',$,'\X2\042104420435043D0430\X0\: 10,00 \X2\043C043C\X0\',$,$,#2481,#2580,$,.STANDARD.);
#2477= IFCCARTESIANPOINT((-239.999999999979991,12439.999999999974534,0.));
#2478= IFCDIRECTION((0.,0.,1.));
#2479= IFCDIRECTION((-0.,-1.,0.));
#2480= IFCAXIS2PLACEMENT3D(#2477,#2478,#2479);
#2481= IFCLOCALPLACEMENT(#51,#2480);
#2482= IFCPOLYLOOP((#2483,#2484,#2485,#2486,#2277,#2278,#2487,#2488));
#2483= IFCCARTESIANPOINT((5144.406754598514453,-10.000000000000028,2100.));
#2484= IFCCARTESIANPOINT((5144.406754598514453,-10.000000000000028,0.));
#2485= IFCCARTESIANPOINT((12679.999999999969077,-10.,0.));
#2486= IFCCARTESIANPOINT((12679.999999999969077,-10.,3200.));
#2487= IFCCARTESIANPOINT((4244.406754598516272,-10.,0.));
#2488= IFCCARTESIANPOINT((4244.406754598514453,-10.,2100.));
#2489= IFCFACEOUTERBOUND(#2482,.T.);
#2490= IFCPOLYLOOP((#2491,#2492,#2493,#2494));
#2491= IFCCARTESIANPOINT((2225.884330363864137,-10.,700.));
#2492= IFCCARTESIANPOINT((1325.884330363864137,-10.000000000000028,700.));
#2493= IFCCARTESIANPOINT((1325.884330363864137,-10.000000000000028,2400.));
#2494= IFCCARTESIANPOINT((2225.884330363864137,-10.,2400.));
#2495= IFCFACEBOUND(#2490,.T.);
#2496= IFCPOLYLOOP((#2497,#2498,#2499,#2500));
#2497= IFCCARTESIANPOINT((8597.505887775078008,-10.,700.));
#2498= IFCCARTESIANPOINT((7697.505887775078008,-10.,700.));
#2499= IFCCARTESIANPOINT((7697.505887775078008,-10.,2400.));
#2500= IFCCARTESIANPOINT((8597.505887775078008,-10.,2400.));
#2501= IFCFACEBOUND(#2496,.T.);
#2502= IFCFACE((#2489,#2495,#2501));
#2503= IFCPOLYLOOP((#2484,#2483,#2504,#2505));
#2504= IFCCARTESIANPOINT((5144.406754598514453,-0.000000000000028,2100.));
#2505= IFCCARTESIANPOINT((5144.406754598514453,-0.000000000000028,0.));
#2506= IFCFACEOUTERBOUND(#2503,.T.);
#2507= IFCFACE((#2506));
#2508= IFCPOLYLOOP((#2484,#2505,#2509,#2485));
#2509= IFCCARTESIANPOINT((12679.999999999969077,0.,0.));
#2510= IFCFACEOUTERBOUND(#2508,.T.);
#2511= IFCFACE((#2510));
#2512= IFCPOLYLOOP((#2485,#2509,#2513,#2486));
#2513= IFCCARTESIANPOINT((12679.999999999969077,0.,3200.));
#2514= IFCFACEOUTERBOUND(#2512,.T.);
#2515= IFCFACE((#2514));
#2516= IFCPOLYLOOP((#2277,#2486,#2513,#842));
#2517= IFCFACEOUTERBOUND(#2516,.T.);
#2518= IFCFACE((#2517));
#2519= IFCPOLYLOOP((#833,#2278,#2277,#842));
#2520= IFCFACEOUTERBOUND(#2519,.T.);
#2521= IFCFACE((#2520));
#2522= IFCPOLYLOOP((#2523,#2487,#2278,#833));
#2523= IFCCARTESIANPOINT((4244.406754598514453,0.,0.));
#2524= IFCFACEOUTERBOUND(#2522,.T.);
#2525= IFCFACE((#2524));
#2526= IFCPOLYLOOP((#2488,#2487,#2523,#2527));
#2527= IFCCARTESIANPOINT((4244.406754598514453,0.,2100.));
#2528= IFCFACEOUTERBOUND(#2526,.T.);
#2529= IFCFACE((#2528));
#2530= IFCPOLYLOOP((#2483,#2488,#2527,#2504));
#2531= IFCFACEOUTERBOUND(#2530,.T.);
#2532= IFCFACE((#2531));
#2533= IFCPOLYLOOP((#2492,#2491,#2534,#2535));
#2534= IFCCARTESIANPOINT((2225.884330363864137,0.,700.));
#2535= IFCCARTESIANPOINT((1325.884330363864137,-0.000000000000028,700.));
#2536= IFCFACEOUTERBOUND(#2533,.T.);
#2537= IFCFACE((#2536));
#2538= IFCPOLYLOOP((#2493,#2492,#2535,#2539));
#2539= IFCCARTESIANPOINT((1325.884330363864137,-0.000000000000028,2400.));
#2540= IFCFACEOUTERBOUND(#2538,.T.);
#2541= IFCFACE((#2540));
#2542= IFCPOLYLOOP((#2494,#2493,#2539,#2543));
#2543= IFCCARTESIANPOINT((2225.884330363864137,0.,2400.));
#2544= IFCFACEOUTERBOUND(#2542,.T.);
#2545= IFCFACE((#2544));
#2546= IFCPOLYLOOP((#2491,#2494,#2543,#2534));
#2547= IFCFACEOUTERBOUND(#2546,.T.);
#2548= IFCFACE((#2547));
#2549= IFCPOLYLOOP((#2498,#2497,#2550,#2551));
#2550= IFCCARTESIANPOINT((8597.505887775078008,0.,700.));
#2551= IFCCARTESIANPOINT((7697.505887775078008,0.,700.));
#2552= IFCFACEOUTERBOUND(#2549,.T.);
#2553= IFCFACE((#2552));
#2554= IFCPOLYLOOP((#2499,#2498,#2551,#2555));
#2555= IFCCARTESIANPOINT((7697.505887775078008,0.,2400.));
#2556= IFCFACEOUTERBOUND(#2554,.T.);
#2557= IFCFACE((#2556));
#2558= IFCPOLYLOOP((#2500,#2499,#2555,#2559));
#2559= IFCCARTESIANPOINT((8597.505887775078008,0.,2400.));
#2560= IFCFACEOUTERBOUND(#2558,.T.);
#2561= IFCFACE((#2560));
#2562= IFCPOLYLOOP((#2497,#2500,#2559,#2550));
#2563= IFCFACEOUTERBOUND(#2562,.T.);
#2564= IFCFACE((#2563));
#2565= IFCPOLYLOOP((#2505,#2504,#2527,#2523,#833,#842,#2513,#2509));
#2566= IFCFACEOUTERBOUND(#2565,.T.);
#2567= IFCPOLYLOOP((#2535,#2534,#2543,#2539));
#2568= IFCFACEBOUND(#2567,.T.);
#2569= IFCPOLYLOOP((#2551,#2550,#2559,#2555));
#2570= IFCFACEBOUND(#2569,.T.);
#2571= IFCFACE((#2566,#2568,#2570));
#2572= IFCCLOSEDSHELL((#2502,#2507,#2511,#2515,#2518,#2521,#2525,#2529,#2532,#2537,#2541,#2545,#2548,#2553,#2557,#2561,#2564,#2571));
#2573= IFCFACETEDBREP(#2572);
#2574= IFCSHAPEREPRESENTATION(#41,'Body','Brep',(#2573));
#2575= IFCSHAPEREPRESENTATION(#41,'Body','Brep',(#2573));
#2576= IFCSHAPEASPECT((#2574),'\X2\0421043B043E0439\X0\ 1 - BWS_\X2\042804420443043A0430044204430440043A0430\X0\ \X2\043D04300440\X0\: 10,00 \X2\043C043C\X0\',$,.U.,#2580);
#2577= IFCCARTESIANPOINTLIST2D(((0.,0.),(12679.999999999969077,0.)));
#2578= IFCINDEXEDPOLYCURVE(#2577,$,$);
#2579= IFCSHAPEREPRESENTATION(#42,'Axis','Curve2D',(#2578));
#2580= IFCPRODUCTDEFINITIONSHAPE($,$,(#2575,#2579));
#2581= IFCWALL('3aMW5Xmib2_wyjEepFy9JM',$,'\X2\042104420435043D0430\X0\: 10,00 \X2\043C043C\X0\',$,$,#2586,#2629,$,.STANDARD.);
#2582= IFCCARTESIANPOINT((5340.000000000002728,-239.999999999994543,0.));
#2583= IFCDIRECTION((0.,0.,1.));
#2584= IFCDIRECTION((-0.000000000000001,1.,0.));
#2585= IFCAXIS2PLACEMENT3D(#2582,#2583,#2584);
#2586= IFCLOCALPLACEMENT(#51,#2585);
#2587= IFCPOLYLOOP((#1082,#1081,#2588,#2589));
#2588= IFCCARTESIANPOINT((5350.000000000001819,1159.999999999985221,3200.));
#2589= IFCCARTESIANPOINT((5350.000000000002728,-239.999999999994543,3200.));
#2590= IFCFACEOUTERBOUND(#2587,.T.);
#2591= IFCFACE((#2590));
#2592= IFCPOLYLOOP((#1082,#1027,#1090,#1081));
#2593= IFCFACEOUTERBOUND(#2592,.T.);
#2594= IFCFACE((#2593));
#2595= IFCPOLYLOOP((#1081,#1090,#2596,#2588));
#2596= IFCCARTESIANPOINT((5340.000000000001819,1159.999999999985221,3200.));
#2597= IFCFACEOUTERBOUND(#2595,.T.);
#2598= IFCFACE((#2597));
#2599= IFCPOLYLOOP((#2589,#2588,#2596,#2600));
#2600= IFCCARTESIANPOINT((5340.000000000002728,-239.999999999994543,3200.));
#2601= IFCFACEOUTERBOUND(#2599,.T.);
#2602= IFCFACE((#2601));
#2603= IFCPOLYLOOP((#1027,#1082,#2589,#2600));
#2604= IFCFACEOUTERBOUND(#2603,.T.);
#2605= IFCFACE((#2604));
#2606= IFCPOLYLOOP((#1090,#1027,#2600,#2596));
#2607= IFCFACEOUTERBOUND(#2606,.T.);
#2608= IFCFACE((#2607));
#2609= IFCCLOSEDSHELL((#2591,#2594,#2598,#2602,#2605,#2608));
#2610= IFCFACETEDBREP(#2609);
#2611= IFCSHAPEREPRESENTATION(#41,'Body','Brep',(#2610));
#2612= IFCCARTESIANPOINT((0.,0.,0.));
#2613= IFCDIRECTION((0.,0.,1.));
#2614= IFCDIRECTION((1.,0.,0.));
#2615= IFCAXIS2PLACEMENT3D(#2612,#2613,#2614);
#2616= IFCREPRESENTATIONMAP(#2615,#2611);
#2617= IFCDIRECTION((-0.000000000000001,-1.,0.));
#2618= IFCDIRECTION((1.,-0.000000000000001,0.));
#2619= IFCDIRECTION((0.,0.,1.));
#2620= IFCCARTESIANPOINT((239.99999999999801,5340.000000000002728,-0.));
#2621= IFCCARTESIANTRANSFORMATIONOPERATOR3D(#2617,#2618,#2620,1.,#2619);
#2622= IFCMAPPEDITEM(#2616,#2621);
#2623= IFCSHAPEREPRESENTATION(#41,'Body','MappedRepresentation',(#2622));
#2624= IFCSHAPEREPRESENTATION(#41,'Body','MappedRepresentation',(#2622));
#2625= IFCSHAPEASPECT((#2623),'Gross material layer',$,.U.,#2629);
#2626= IFCCARTESIANPOINTLIST2D(((0.,0.),(1399.999999999979764,0.)));
#2627= IFCINDEXEDPOLYCURVE(#2626,$,$);
#2628= IFCSHAPEREPRESENTATION(#42,'Axis','Curve2D',(#2627));
#2629= IFCPRODUCTDEFINITIONSHAPE($,$,(#2624,#2628));
#2630= IFCSTYLEDITEM(#2622,(#2384),$);
#2631= IFCWALL('3FNTkvi4rEugQBfjx5$RbJ',$,'\X2\042104420435043D0430\X0\: 10,00 \X2\043C043C\X0\',$,$,#2636,#2691,$,.STANDARD.);
#2632= IFCCARTESIANPOINT((5340.000000000001819,1159.999999999985221,0.));
#2633= IFCDIRECTION((0.,-0.,1.));
#2634= IFCDIRECTION((1.,0.000000000000001,0.));
#2635= IFCAXIS2PLACEMENT3D(#2632,#2633,#2634);
#2636= IFCLOCALPLACEMENT(#51,#2635);
#2637= IFCPOLYLOOP((#2278,#2638,#2639,#2277));
#2638= IFCCARTESIANPOINT((4900.,-9.999999999994316,0.));
#2639= IFCCARTESIANPOINT((4900.,-9.999999999994316,3200.));
#2640= IFCFACEOUTERBOUND(#2637,.T.);
#2641= IFCPOLYLOOP((#2642,#2643,#2644,#2645));
#2642= IFCCARTESIANPOINT((3970.000000000005457,-9.999999999995453,700.));
#2643= IFCCARTESIANPOINT((1170.000000000005457,-9.999999999998636,700.));
#2644= IFCCARTESIANPOINT((1170.000000000005457,-9.999999999998636,2400.));
#2645= IFCCARTESIANPOINT((3970.000000000005457,-9.999999999995453,2400.));
#2646= IFCFACEBOUND(#2641,.T.);
#2647= IFCFACE((#2640,#2646));
#2648= IFCPOLYLOOP((#2278,#833,#2649,#2638));
#2649= IFCCARTESIANPOINT((4900.,0.000000000005684,0.));
#2650= IFCFACEOUTERBOUND(#2648,.T.);
#2651= IFCFACE((#2650));
#2652= IFCPOLYLOOP((#2638,#2649,#2653,#2639));
#2653= IFCCARTESIANPOINT((4900.,0.000000000005684,3200.));
#2654= IFCFACEOUTERBOUND(#2652,.T.);
#2655= IFCFACE((#2654));
#2656= IFCPOLYLOOP((#2277,#2639,#2653,#842));
#2657= IFCFACEOUTERBOUND(#2656,.T.);
#2658= IFCFACE((#2657));
#2659= IFCPOLYLOOP((#833,#2278,#2277,#842));
#2660= IFCFACEOUTERBOUND(#2659,.T.);
#2661= IFCFACE((#2660));
#2662= IFCPOLYLOOP((#2643,#2642,#2663,#2664));
#2663= IFCCARTESIANPOINT((3970.000000000005457,0.000000000004547,700.));
#2664= IFCCARTESIANPOINT((1170.000000000005457,0.000000000001364,700.));
#2665= IFCFACEOUTERBOUND(#2662,.T.);
#2666= IFCFACE((#2665));
#2667= IFCPOLYLOOP((#2644,#2643,#2664,#2668));
#2668= IFCCARTESIANPOINT((1170.000000000005457,0.000000000001364,2400.));
#2669= IFCFACEOUTERBOUND(#2667,.T.);
#2670= IFCFACE((#2669));
#2671= IFCPOLYLOOP((#2645,#2644,#2668,#2672));
#2672= IFCCARTESIANPOINT((3970.000000000005457,0.000000000004547,2400.));
#2673= IFCFACEOUTERBOUND(#2671,.T.);
#2674= IFCFACE((#2673));
#2675= IFCPOLYLOOP((#2642,#2645,#2672,#2663));
#2676= IFCFACEOUTERBOUND(#2675,.T.);
#2677= IFCFACE((#2676));
#2678= IFCPOLYLOOP((#2649,#833,#842,#2653));
#2679= IFCFACEOUTERBOUND(#2678,.T.);
#2680= IFCPOLYLOOP((#2664,#2663,#2672,#2668));
#2681= IFCFACEBOUND(#2680,.T.);
#2682= IFCFACE((#2679,#2681));
#2683= IFCCLOSEDSHELL((#2647,#2651,#2655,#2658,#2661,#2666,#2670,#2674,#2677,#2682));
#2684= IFCFACETEDBREP(#2683);
#2685= IFCSHAPEREPRESENTATION(#41,'Body','Brep',(#2684));
#2686= IFCSHAPEREPRESENTATION(#41,'Body','Brep',(#2684));
#2687= IFCSHAPEASPECT((#2685),'\X2\0421043B043E0439\X0\ 1 - BWS_\X2\042804420443043A0430044204430440043A0430\X0\ \X2\043D04300440\X0\: 10,00 \X2\043C043C\X0\',$,.U.,#2691);
#2688= IFCCARTESIANPOINTLIST2D(((0.,0.),(4900.,0.000000000005684)));
#2689= IFCINDEXEDPOLYCURVE(#2688,$,$);
#2690= IFCSHAPEREPRESENTATION(#42,'Axis','Curve2D',(#2689));
#2691= IFCPRODUCTDEFINITIONSHAPE($,$,(#2686,#2690));
#2692= IFCWALL('1M9vo6Yv12DQSr2zE74St5',$,'\X2\042104420435043D0430\X0\: 10,00 \X2\043C043C\X0\',$,$,#2697,#2752,$,.STANDARD.);
#2693= IFCCARTESIANPOINT((240.000000000020009,8759.999999999974534,0.));
#2694= IFCDIRECTION((0.,0.,1.));
#2695= IFCDIRECTION((-0.,1.,0.));
#2696= IFCAXIS2PLACEMENT3D(#2693,#2694,#2695);
#2697= IFCLOCALPLACEMENT(#51,#2696);
#2698= IFCPOLYLOOP((#2278,#2699,#2700,#2277));
#2699= IFCCARTESIANPOINT((3199.999999999998181,-10.,0.));
#2700= IFCCARTESIANPOINT((3199.999999999998181,-10.,3200.));
#2701= IFCFACEOUTERBOUND(#2698,.T.);
#2702= IFCPOLYLOOP((#2703,#2704,#2705,#2706));
#2703= IFCCARTESIANPOINT((2354.115669636135863,-10.000000000001819,700.));
#2704= IFCCARTESIANPOINT((1454.115669636135863,-10.000000000001819,700.));
#2705= IFCCARTESIANPOINT((1454.115669636135863,-10.000000000001819,2400.));
#2706= IFCCARTESIANPOINT((2354.115669636135863,-10.000000000001819,2400.));
#2707= IFCFACEBOUND(#2702,.T.);
#2708= IFCFACE((#2701,#2707));
#2709= IFCPOLYLOOP((#2278,#833,#2710,#2699));
#2710= IFCCARTESIANPOINT((3199.999999999998181,0.,0.));
#2711= IFCFACEOUTERBOUND(#2709,.T.);
#2712= IFCFACE((#2711));
#2713= IFCPOLYLOOP((#2699,#2710,#2714,#2700));
#2714= IFCCARTESIANPOINT((3199.999999999998181,0.,3200.));
#2715= IFCFACEOUTERBOUND(#2713,.T.);
#2716= IFCFACE((#2715));
#2717= IFCPOLYLOOP((#2277,#2700,#2714,#842));
#2718= IFCFACEOUTERBOUND(#2717,.T.);
#2719= IFCFACE((#2718));
#2720= IFCPOLYLOOP((#833,#2278,#2277,#842));
#2721= IFCFACEOUTERBOUND(#2720,.T.);
#2722= IFCFACE((#2721));
#2723= IFCPOLYLOOP((#2704,#2703,#2724,#2725));
#2724= IFCCARTESIANPOINT((2354.115669636135863,-0.000000000001819,700.));
#2725= IFCCARTESIANPOINT((1454.115669636135863,-0.000000000001819,700.));
#2726= IFCFACEOUTERBOUND(#2723,.T.);
#2727= IFCFACE((#2726));
#2728= IFCPOLYLOOP((#2705,#2704,#2725,#2729));
#2729= IFCCARTESIANPOINT((1454.115669636135863,-0.000000000001819,2400.));
#2730= IFCFACEOUTERBOUND(#2728,.T.);
#2731= IFCFACE((#2730));
#2732= IFCPOLYLOOP((#2706,#2705,#2729,#2733));
#2733= IFCCARTESIANPOINT((2354.115669636135863,-0.000000000001819,2400.));
#2734= IFCFACEOUTERBOUND(#2732,.T.);
#2735= IFCFACE((#2734));
#2736= IFCPOLYLOOP((#2703,#2706,#2733,#2724));
#2737= IFCFACEOUTERBOUND(#2736,.T.);
#2738= IFCFACE((#2737));
#2739= IFCPOLYLOOP((#2710,#833,#842,#2714));
#2740= IFCFACEOUTERBOUND(#2739,.T.);
#2741= IFCPOLYLOOP((#2725,#2724,#2733,#2729));
#2742= IFCFACEBOUND(#2741,.T.);
#2743= IFCFACE((#2740,#2742));
#2744= IFCCLOSEDSHELL((#2708,#2712,#2716,#2719,#2722,#2727,#2731,#2735,#2738,#2743));
#2745= IFCFACETEDBREP(#2744);
#2746= IFCSHAPEREPRESENTATION(#41,'Body','Brep',(#2745));
#2747= IFCSHAPEREPRESENTATION(#41,'Body','Brep',(#2745));
#2748= IFCSHAPEASPECT((#2746),'\X2\0421043B043E0439\X0\ 1 - BWS_\X2\042804420443043A0430044204430440043A0430\X0\ \X2\0432043D044304420440\X0\: 10,00 \X2\043C043C\X0\',$,.U.,#2752);
#2749= IFCCARTESIANPOINTLIST2D(((0.,0.),(3199.999999999998181,0.)));
#2750= IFCINDEXEDPOLYCURVE(#2749,$,$);
#2751= IFCSHAPEREPRESENTATION(#42,'Axis','Curve2D',(#2750));
#2752= IFCPRODUCTDEFINITIONSHAPE($,$,(#2747,#2751));
#2753= IFCMATERIAL('BWS_\X2\042804420443043A0430044204430440043A0430\X0\ \X2\0432043D044304420440\X0\',$,$);
#2754= IFCSTYLEDITEM($,(#2384),$);
#2755= IFCSTYLEDREPRESENTATION(#5,$,$,(#2754));
#2756= IFCMATERIALDEFINITIONREPRESENTATION($,$,(#2755),#2753);
#2757= IFCMATERIALCONSTITUENT('\X2\0421043B043E0439\X0\ 1 - BWS_\X2\042804420443043A0430044204430440043A0430\X0\ \X2\0432043D044304420440\X0\: 10,00 \X2\043C043C\X0\',$,#2753,$,$);
#2758= IFCMATERIALCONSTITUENTSET('BWS_10_10 \X2\0412043D044304420440\X0\ \X2\042804420443043A0430044204430440043A0430\X0\',$,(#2757));
#2759= IFCRELASSOCIATESMATERIAL('23Ye_UtrzFEOja1m57rD5g',$,$,$,(#2692,#2760,#2821,#2875,#3163,#3217,#3269,#3289,#3346,#3423,#3478,#3531,#3584,#3638,#3691,#3711,#3764,#3825,#3886,#3940,#3994,#4055,#4116,#4173),#2758);
#2760= IFCWALL('2sxY4smVrCuRX8lJXNGjEl',$,'\X2\042104420435043D0430\X0\: 10,00 \X2\043C043C\X0\',$,$,#2765,#2820,$,.STANDARD.);
#2761= IFCCARTESIANPOINT((240.000000000019696,11959.999999999972715,0.));
#2762= IFCDIRECTION((0.,-0.,1.));
#2763= IFCDIRECTION((1.,0.,0.));
#2764= IFCAXIS2PLACEMENT3D(#2761,#2762,#2763);
#2765= IFCLOCALPLACEMENT(#51,#2764);
#2766= IFCPOLYLOOP((#2278,#2767,#2768,#2277));
#2767= IFCCARTESIANPOINT((4569.999999999996362,-10.,0.));
#2768= IFCCARTESIANPOINT((4569.999999999996362,-10.,3200.));
#2769= IFCFACEOUTERBOUND(#2766,.T.);
#2770= IFCPOLYLOOP((#2771,#2772,#2773,#2774));
#2771= IFCCARTESIANPOINT((4080.222966744386667,-10.,700.));
#2772= IFCCARTESIANPOINT((3180.222966744386213,-10.,700.));
#2773= IFCCARTESIANPOINT((3180.222966744386213,-10.,2400.));
#2774= IFCCARTESIANPOINT((4080.222966744386667,-10.,2400.));
#2775= IFCFACEBOUND(#2770,.T.);
#2776= IFCFACE((#2769,#2775));
#2777= IFCPOLYLOOP((#2278,#833,#2778,#2767));
#2778= IFCCARTESIANPOINT((4569.999999999996362,0.,0.));
#2779= IFCFACEOUTERBOUND(#2777,.T.);
#2780= IFCFACE((#2779));
#2781= IFCPOLYLOOP((#2767,#2778,#2782,#2768));
#2782= IFCCARTESIANPOINT((4569.999999999996362,0.,3200.));
#2783= IFCFACEOUTERBOUND(#2781,.T.);
#2784= IFCFACE((#2783));
#2785= IFCPOLYLOOP((#2277,#2768,#2782,#842));
#2786= IFCFACEOUTERBOUND(#2785,.T.);
#2787= IFCFACE((#2786));
#2788= IFCPOLYLOOP((#833,#2278,#2277,#842));
#2789= IFCFACEOUTERBOUND(#2788,.T.);
#2790= IFCFACE((#2789));
#2791= IFCPOLYLOOP((#2772,#2771,#2792,#2793));
#2792= IFCCARTESIANPOINT((4080.222966744386667,0.,700.));
#2793= IFCCARTESIANPOINT((3180.222966744386213,0.,700.));
#2794= IFCFACEOUTERBOUND(#2791,.T.);
#2795= IFCFACE((#2794));
#2796= IFCPOLYLOOP((#2773,#2772,#2793,#2797));
#2797= IFCCARTESIANPOINT((3180.222966744386213,0.,2400.));
#2798= IFCFACEOUTERBOUND(#2796,.T.);
#2799= IFCFACE((#2798));
#2800= IFCPOLYLOOP((#2774,#2773,#2797,#2801));
#2801= IFCCARTESIANPOINT((4080.222966744386667,0.,2400.));
#2802= IFCFACEOUTERBOUND(#2800,.T.);
#2803= IFCFACE((#2802));
#2804= IFCPOLYLOOP((#2771,#2774,#2801,#2792));
#2805= IFCFACEOUTERBOUND(#2804,.T.);
#2806= IFCFACE((#2805));
#2807= IFCPOLYLOOP((#2778,#833,#842,#2782));
#2808= IFCFACEOUTERBOUND(#2807,.T.);
#2809= IFCPOLYLOOP((#2793,#2792,#2801,#2797));
#2810= IFCFACEBOUND(#2809,.T.);
#2811= IFCFACE((#2808,#2810));
#2812= IFCCLOSEDSHELL((#2776,#2780,#2784,#2787,#2790,#2795,#2799,#2803,#2806,#2811));
#2813= IFCFACETEDBREP(#2812);
#2814= IFCSHAPEREPRESENTATION(#41,'Body','Brep',(#2813));
#2815= IFCSHAPEREPRESENTATION(#41,'Body','Brep',(#2813));
#2816= IFCSHAPEASPECT((#2814),'\X2\0421043B043E0439\X0\ 1 - BWS_\X2\042804420443043A0430044204430440043A0430\X0\ \X2\0432043D044304420440\X0\: 10,00 \X2\043C043C\X0\',$,.U.,#2820);
#2817= IFCCARTESIANPOINTLIST2D(((0.,0.),(4569.999999999996362,0.)));
#2818= IFCINDEXEDPOLYCURVE(#2817,$,$);
#2819= IFCSHAPEREPRESENTATION(#42,'Axis','Curve2D',(#2818));
#2820= IFCPRODUCTDEFINITIONSHAPE($,$,(#2815,#2819));
#2821= IFCWALL('2pEs1Grz59yvEBL7SzoxqW',$,'\X2\042104420435043D0430\X0\: 10,00 \X2\043C043C\X0\',$,$,#2826,#2873,$,.STANDARD.);
#2822= IFCCARTESIANPOINT((4810.000000000016371,11959.999999999972715,0.));
#2823= IFCDIRECTION((-0.,0.,1.));
#2824= IFCDIRECTION((0.,-1.,0.));
#2825= IFCAXIS2PLACEMENT3D(#2822,#2823,#2824);
#2826= IFCLOCALPLACEMENT(#51,#2825);
#2827= IFCPOLYLOOP((#2828,#2829,#2830,#2831));
#2828= IFCCARTESIANPOINT((4800.000000000016371,11959.999999999972715,0.));
#2829= IFCCARTESIANPOINT((4800.000000000016371,8759.999999999974534,0.));
#2830= IFCCARTESIANPOINT((4800.000000000016371,8759.999999999974534,3200.));
#2831= IFCCARTESIANPOINT((4800.000000000016371,11959.999999999972715,3200.));
#2832= IFCFACEOUTERBOUND(#2827,.T.);
#2833= IFCFACE((#2832));
#2834= IFCPOLYLOOP((#2828,#2835,#2836,#2829));
#2835= IFCCARTESIANPOINT((4810.000000000016371,11959.999999999972715,0.));
#2836= IFCCARTESIANPOINT((4810.000000000016371,8759.999999999974534,0.));
#2837= IFCFACEOUTERBOUND(#2834,.T.);
#2838= IFCFACE((#2837));
#2839= IFCPOLYLOOP((#2829,#2836,#2840,#2830));
#2840= IFCCARTESIANPOINT((4810.000000000016371,8759.999999999974534,3200.));
#2841= IFCFACEOUTERBOUND(#2839,.T.);
#2842= IFCFACE((#2841));
#2843= IFCPOLYLOOP((#2831,#2830,#2840,#2844));
#2844= IFCCARTESIANPOINT((4810.000000000016371,11959.999999999972715,3200.));
#2845= IFCFACEOUTERBOUND(#2843,.T.);
#2846= IFCFACE((#2845));
#2847= IFCPOLYLOOP((#2835,#2828,#2831,#2844));
#2848= IFCFACEOUTERBOUND(#2847,.T.);
#2849= IFCFACE((#2848));
#2850= IFCPOLYLOOP((#2836,#2835,#2844,#2840));
#2851= IFCFACEOUTERBOUND(#2850,.T.);
#2852= IFCFACE((#2851));
#2853= IFCCLOSEDSHELL((#2833,#2838,#2842,#2846,#2849,#2852));
#2854= IFCFACETEDBREP(#2853);
#2855= IFCSHAPEREPRESENTATION(#41,'Body','Brep',(#2854));
#2856= IFCCARTESIANPOINT((0.,0.,0.));
#2857= IFCDIRECTION((0.,0.,1.));
#2858= IFCDIRECTION((1.,0.,0.));
#2859= IFCAXIS2PLACEMENT3D(#2856,#2857,#2858);
#2860= IFCREPRESENTATIONMAP(#2859,#2855);
#2861= IFCDIRECTION((0.,1.,-0.));
#2862= IFCDIRECTION((-1.,0.,0.));
#2863= IFCDIRECTION((0.,0.,1.));
#2864= IFCCARTESIANPOINT((11959.999999999972715,-4810.000000000016371,-0.));
#2865= IFCCARTESIANTRANSFORMATIONOPERATOR3D(#2861,#2862,#2864,1.,#2863);
#2866= IFCMAPPEDITEM(#2860,#2865);
#2867= IFCSHAPEREPRESENTATION(#41,'Body','MappedRepresentation',(#2866));
#2868= IFCSHAPEREPRESENTATION(#41,'Body','MappedRepresentation',(#2866));
#2869= IFCSHAPEASPECT((#2867),'Gross material layer',$,.U.,#2873);
#2870= IFCCARTESIANPOINTLIST2D(((0.,0.),(3199.999999999998181,0.)));
#2871= IFCINDEXEDPOLYCURVE(#2870,$,$);
#2872= IFCSHAPEREPRESENTATION(#42,'Axis','Curve2D',(#2871));
#2873= IFCPRODUCTDEFINITIONSHAPE($,$,(#2868,#2872));
#2874= IFCSTYLEDITEM(#2866,(#2384),$);
#2875= IFCWALL('2Ki75Vzm97fBkcedtVeFf_',$,'\X2\042104420435043D0430\X0\: 10,00 \X2\043C043C\X0\',$,$,#2880,#2927,$,.STANDARD.);
#2876= IFCCARTESIANPOINT((4810.000000000016371,8759.999999999974534,0.));
#2877= IFCDIRECTION((0.,0.,1.));
#2878= IFCDIRECTION((-1.,0.,0.));
#2879= IFCAXIS2PLACEMENT3D(#2876,#2877,#2878);
#2880= IFCLOCALPLACEMENT(#51,#2879);
#2881= IFCPOLYLOOP((#2882,#2883,#2767,#2768,#2277,#2278,#2884,#2885));
#2882= IFCCARTESIANPOINT((1679.024918233712015,-10.,2100.));
#2883= IFCCARTESIANPOINT((1679.024918233712015,-10.,0.));
#2884= IFCCARTESIANPOINT((779.024918233712015,-10.,0.));
#2885= IFCCARTESIANPOINT((779.024918233712015,-10.,2100.));
#2886= IFCFACEOUTERBOUND(#2881,.T.);
#2887= IFCFACE((#2886));
#2888= IFCPOLYLOOP((#2883,#2882,#2889,#2890));
#2889= IFCCARTESIANPOINT((1679.024918233712015,0.,2100.));
#2890= IFCCARTESIANPOINT((1679.02491823371156,0.,0.));
#2891= IFCFACEOUTERBOUND(#2888,.T.);
#2892= IFCFACE((#2891));
#2893= IFCPOLYLOOP((#2883,#2890,#2778,#2767));
#2894= IFCFACEOUTERBOUND(#2893,.T.);
#2895= IFCFACE((#2894));
#2896= IFCPOLYLOOP((#2767,#2778,#2782,#2768));
#2897= IFCFACEOUTERBOUND(#2896,.T.);
#2898= IFCFACE((#2897));
#2899= IFCPOLYLOOP((#2277,#2768,#2782,#842));
#2900= IFCFACEOUTERBOUND(#2899,.T.);
#2901= IFCFACE((#2900));
#2902= IFCPOLYLOOP((#833,#2278,#2277,#842));
#2903= IFCFACEOUTERBOUND(#2902,.T.);
#2904= IFCFACE((#2903));
#2905= IFCPOLYLOOP((#2906,#2884,#2278,#833));
#2906= IFCCARTESIANPOINT((779.024918233712015,0.,0.));
#2907= IFCFACEOUTERBOUND(#2905,.T.);
#2908= IFCFACE((#2907));
#2909= IFCPOLYLOOP((#2885,#2884,#2906,#2910));
#2910= IFCCARTESIANPOINT((779.024918233712015,0.,2100.));
#2911= IFCFACEOUTERBOUND(#2909,.T.);
#2912= IFCFACE((#2911));
#2913= IFCPOLYLOOP((#2882,#2885,#2910,#2889));
#2914= IFCFACEOUTERBOUND(#2913,.T.);
#2915= IFCFACE((#2914));
#2916= IFCPOLYLOOP((#2890,#2889,#2910,#2906,#833,#842,#2782,#2778));
#2917= IFCFACEOUTERBOUND(#2916,.T.);
#2918= IFCFACE((#2917));
#2919= IFCCLOSEDSHELL((#2887,#2892,#2895,#2898,#2901,#2904,#2908,#2912,#2915,#2918));
#2920= IFCFACETEDBREP(#2919);
#2921= IFCSHAPEREPRESENTATION(#41,'Body','Brep',(#2920));
#2922= IFCSHAPEREPRESENTATION(#41,'Body','Brep',(#2920));
#2923= IFCSHAPEASPECT((#2921),'\X2\0421043B043E0439\X0\ 1 - BWS_\X2\042804420443043A0430044204430440043A0430\X0\ \X2\0432043D044304420440\X0\: 10,00 \X2\043C043C\X0\',$,.U.,#2927);
#2924= IFCCARTESIANPOINTLIST2D(((0.,0.),(4569.999999999996362,0.)));
#2925= IFCINDEXEDPOLYCURVE(#2924,$,$);
#2926= IFCSHAPEREPRESENTATION(#42,'Axis','Curve2D',(#2925));
#2927= IFCPRODUCTDEFINITIONSHAPE($,$,(#2922,#2926));
#2928= IFCWALL('0Pvzncxa1F$x2DuZXlWVQX',$,'\X2\042104420435043D0430\X0\: 10,00 \X2\043C043C\X0\',$,$,#2933,#2980,$,.STANDARD.);
#2929= IFCCARTESIANPOINT((7160.000000000014552,11959.999999999970896,-10.));
#2930= IFCDIRECTION((-0.,0.,1.));
#2931= IFCDIRECTION((0.,-1.,0.));
#2932= IFCAXIS2PLACEMENT3D(#2929,#2930,#2931);
#2933= IFCLOCALPLACEMENT(#51,#2932);
#2934= IFCPOLYLOOP((#2935,#2936,#2937,#2938));
#2935= IFCCARTESIANPOINT((7150.000000000014552,11959.999999999970896,-10.));
#2936= IFCCARTESIANPOINT((7150.000000000014552,8999.999999999974534,-10.));
#2937= IFCCARTESIANPOINT((7150.000000000014552,8999.999999999974534,3190.));
#2938= IFCCARTESIANPOINT((7150.000000000014552,11959.999999999970896,3190.));
#2939= IFCFACEOUTERBOUND(#2934,.T.);
#2940= IFCFACE((#2939));
#2941= IFCPOLYLOOP((#2935,#2942,#2943,#2936));
#2942= IFCCARTESIANPOINT((7160.000000000014552,11959.999999999970896,-10.));
#2943= IFCCARTESIANPOINT((7160.000000000014552,8999.999999999974534,-10.));
#2944= IFCFACEOUTERBOUND(#2941,.T.);
#2945= IFCFACE((#2944));
#2946= IFCPOLYLOOP((#2936,#2943,#2947,#2937));
#2947= IFCCARTESIANPOINT((7160.000000000014552,8999.999999999974534,3190.));
#2948= IFCFACEOUTERBOUND(#2946,.T.);
#2949= IFCFACE((#2948));
#2950= IFCPOLYLOOP((#2938,#2937,#2947,#2951));
#2951= IFCCARTESIANPOINT((7160.000000000014552,11959.999999999970896,3190.));
#2952= IFCFACEOUTERBOUND(#2950,.T.);
#2953= IFCFACE((#2952));
#2954= IFCPOLYLOOP((#2942,#2935,#2938,#2951));
#2955= IFCFACEOUTERBOUND(#2954,.T.);
#2956= IFCFACE((#2955));
#2957= IFCPOLYLOOP((#2943,#2942,#2951,#2947));
#2958= IFCFACEOUTERBOUND(#2957,.T.);
#2959= IFCFACE((#2958));
#2960= IFCCLOSEDSHELL((#2940,#2945,#2949,#2953,#2956,#2959));
#2961= IFCFACETEDBREP(#2960);
#2962= IFCSHAPEREPRESENTATION(#41,'Body','Brep',(#2961));
#2963= IFCCARTESIANPOINT((0.,0.,0.));
#2964= IFCDIRECTION((0.,0.,1.));
#2965= IFCDIRECTION((1.,0.,0.));
#2966= IFCAXIS2PLACEMENT3D(#2963,#2964,#2965);
#2967= IFCREPRESENTATIONMAP(#2966,#2962);
#2968= IFCDIRECTION((0.,1.,-0.));
#2969= IFCDIRECTION((-1.,0.,0.));
#2970= IFCDIRECTION((0.,0.,1.));
#2971= IFCCARTESIANPOINT((11959.999999999970896,-7160.000000000014552,10.));
#2972= IFCCARTESIANTRANSFORMATIONOPERATOR3D(#2968,#2969,#2971,1.,#2970);
#2973= IFCMAPPEDITEM(#2967,#2972);
#2974= IFCSHAPEREPRESENTATION(#41,'Body','MappedRepresentation',(#2973));
#2975= IFCSHAPEREPRESENTATION(#41,'Body','MappedRepresentation',(#2973));
#2976= IFCSHAPEASPECT((#2974),'Gross material layer',$,.U.,#2980);
#2977= IFCCARTESIANPOINTLIST2D(((0.,0.),(2959.999999999996362,0.)));
#2978= IFCINDEXEDPOLYCURVE(#2977,$,$);
#2979= IFCSHAPEREPRESENTATION(#42,'Axis','Curve2D',(#2978));
#2980= IFCPRODUCTDEFINITIONSHAPE($,$,(#2975,#2979));
#2981= IFCCOLOURRGB($,1.,0.972549019607843,0.807843137254902);
#2982= IFCSURFACESTYLESHADING(#2981,$);
#2983= IFCSURFACESTYLE($,.BOTH.,(#2982));
#2984= IFCSTYLEDITEM(#2973,(#2983),$);
#2985= IFCWALL('1cMfoAk7nAkeZ3I0SdBdz3',$,'\X2\042104420435043D0430\X0\: 10,00 \X2\043C043C\X0\',$,$,#2990,#3045,$,.STANDARD.);
#2986= IFCCARTESIANPOINT((7160.000000000014552,8999.999999999974534,-10.));
#2987= IFCDIRECTION((0.,0.,1.));
#2988= IFCDIRECTION((-1.,0.000000000000008,0.));
#2989= IFCAXIS2PLACEMENT3D(#2986,#2987,#2988);
#2990= IFCLOCALPLACEMENT(#51,#2989);
#2991= IFCPOLYLOOP((#2278,#2992,#2993,#2277));
#2992= IFCCARTESIANPOINT((1940.,-10.,0.));
#2993= IFCCARTESIANPOINT((1940.,-10.,3200.));
#2994= IFCFACEOUTERBOUND(#2991,.T.);
#2995= IFCPOLYLOOP((#2996,#2997,#2998,#2999));
#2996= IFCCARTESIANPOINT((1882.134963662500013,-9.999999999998181,9.999999999999943));
#2997= IFCCARTESIANPOINT((982.134963662500013,-10.000000000003638,9.999999999999943));
#2998= IFCCARTESIANPOINT((982.134963662500013,-10.000000000003638,2110.));
#2999= IFCCARTESIANPOINT((1882.134963662500013,-9.999999999998181,2110.));
#3000= IFCFACEBOUND(#2995,.T.);
#3001= IFCFACE((#2994,#3000));
#3002= IFCPOLYLOOP((#2278,#833,#3003,#2992));
#3003= IFCCARTESIANPOINT((1940.,0.,0.));
#3004= IFCFACEOUTERBOUND(#3002,.T.);
#3005= IFCFACE((#3004));
#3006= IFCPOLYLOOP((#2992,#3003,#3007,#2993));
#3007= IFCCARTESIANPOINT((1940.,0.,3200.));
#3008= IFCFACEOUTERBOUND(#3006,.T.);
#3009= IFCFACE((#3008));
#3010= IFCPOLYLOOP((#2277,#2993,#3007,#842));
#3011= IFCFACEOUTERBOUND(#3010,.T.);
#3012= IFCFACE((#3011));
#3013= IFCPOLYLOOP((#833,#2278,#2277,#842));
#3014= IFCFACEOUTERBOUND(#3013,.T.);
#3015= IFCFACE((#3014));
#3016= IFCPOLYLOOP((#2997,#2996,#3017,#3018));
#3017= IFCCARTESIANPOINT((1882.134963662500013,0.000000000001819,9.999999999999943));
#3018= IFCCARTESIANPOINT((982.134963662500013,-0.000000000003638,9.999999999999943));
#3019= IFCFACEOUTERBOUND(#3016,.T.);
#3020= IFCFACE((#3019));
#3021= IFCPOLYLOOP((#2998,#2997,#3018,#3022));
#3022= IFCCARTESIANPOINT((982.134963662500013,-0.000000000003638,2110.));
#3023= IFCFACEOUTERBOUND(#3021,.T.);
#3024= IFCFACE((#3023));
#3025= IFCPOLYLOOP((#2999,#2998,#3022,#3026));
#3026= IFCCARTESIANPOINT((1882.134963662500013,0.000000000001819,2110.));
#3027= IFCFACEOUTERBOUND(#3025,.T.);
#3028= IFCFACE((#3027));
#3029= IFCPOLYLOOP((#2996,#2999,#3026,#3017));
#3030= IFCFACEOUTERBOUND(#3029,.T.);
#3031= IFCFACE((#3030));
#3032= IFCPOLYLOOP((#3003,#833,#842,#3007));
#3033= IFCFACEOUTERBOUND(#3032,.T.);
#3034= IFCPOLYLOOP((#3018,#3017,#3026,#3022));
#3035= IFCFACEBOUND(#3034,.T.);
#3036= IFCFACE((#3033,#3035));
#3037= IFCCLOSEDSHELL((#3001,#3005,#3009,#3012,#3015,#3020,#3024,#3028,#3031,#3036));
#3038= IFCFACETEDBREP(#3037);
#3039= IFCSHAPEREPRESENTATION(#41,'Body','Brep',(#3038));
#3040= IFCSHAPEREPRESENTATION(#41,'Body','Brep',(#3038));
#3041= IFCSHAPEASPECT((#3039),'\X2\0421043B043E0439\X0\ 1 - (\X2\043D04350442\X0\): 10,00 \X2\043C043C\X0\',$,.U.,#3045);
#3042= IFCCARTESIANPOINTLIST2D(((0.,0.),(1940.,0.)));
#3043= IFCINDEXEDPOLYCURVE(#3042,$,$);
#3044= IFCSHAPEREPRESENTATION(#42,'Axis','Curve2D',(#3043));
#3045= IFCPRODUCTDEFINITIONSHAPE($,$,(#3040,#3044));
#3046= IFCSTYLEDITEM(#3038,(#2983),$);
#3047= IFCWALL('2USKhxbhL1KxM0WBJrYGCw',$,'\X2\042104420435043D0430\X0\: 10,00 \X2\043C043C\X0\',$,$,#3052,#3099,$,.STANDARD.);
#3048= IFCCARTESIANPOINT((5220.000000000016371,8999.999999999989086,-10.));
#3049= IFCDIRECTION((0.,0.,1.));
#3050= IFCDIRECTION((-0.003378359099083,0.999994293328616,0.));
#3051= IFCAXIS2PLACEMENT3D(#3048,#3049,#3050);
#3052= IFCLOCALPLACEMENT(#51,#3051);
#3053= IFCPOLYLOOP((#3054,#3055,#3056,#3057));
#3054= IFCCARTESIANPOINT((5229.999942933301099,9000.033783590981329,-10.));
#3055= IFCCARTESIANPOINT((5219.999942933301099,11960.033783590964958,-10.));
#3056= IFCCARTESIANPOINT((5219.999942933301099,11960.033783590964958,3190.));
#3057= IFCCARTESIANPOINT((5229.999942933301099,9000.033783590981329,3190.));
#3058= IFCFACEOUTERBOUND(#3053,.T.);
#3059= IFCFACE((#3058));
#3060= IFCPOLYLOOP((#3054,#3061,#3062,#3055));
#3061= IFCCARTESIANPOINT((5220.000000000015461,8999.999999999987267,-10.));
#3062= IFCCARTESIANPOINT((5210.000000000016371,11959.999999999974534,-10.));
#3063= IFCFACEOUTERBOUND(#3060,.T.);
#3064= IFCFACE((#3063));
#3065= IFCPOLYLOOP((#3055,#3062,#3066,#3056));
#3066= IFCCARTESIANPOINT((5210.000000000016371,11959.999999999974534,3190.));
#3067= IFCFACEOUTERBOUND(#3065,.T.);
#3068= IFCFACE((#3067));
#3069= IFCPOLYLOOP((#3057,#3056,#3066,#3070));
#3070= IFCCARTESIANPOINT((5220.000000000015461,8999.999999999987267,3190.));
#3071= IFCFACEOUTERBOUND(#3069,.T.);
#3072= IFCFACE((#3071));
#3073= IFCPOLYLOOP((#3061,#3054,#3057,#3070));
#3074= IFCFACEOUTERBOUND(#3073,.T.);
#3075= IFCFACE((#3074));
#3076= IFCPOLYLOOP((#3062,#3061,#3070,#3066));
#3077= IFCFACEOUTERBOUND(#3076,.T.);
#3078= IFCFACE((#3077));
#3079= IFCCLOSEDSHELL((#3059,#3064,#3068,#3072,#3075,#3078));
#3080= IFCFACETEDBREP(#3079);
#3081= IFCSHAPEREPRESENTATION(#41,'Body','Brep',(#3080));
#3082= IFCCARTESIANPOINT((0.,0.,0.));
#3083= IFCDIRECTION((0.,0.,1.));
#3084= IFCDIRECTION((1.,0.,0.));
#3085= IFCAXIS2PLACEMENT3D(#3082,#3083,#3084);
#3086= IFCREPRESENTATIONMAP(#3085,#3081);
#3087= IFCDIRECTION((-0.003378359099083,-0.999994293328616,0.));
#3088= IFCDIRECTION((0.999994293328616,-0.003378359099083,0.));
#3089= IFCDIRECTION((0.,0.,1.));
#3090= IFCCARTESIANPOINT((-8982.313605460316467,5250.375443067138804,10.));
#3091= IFCCARTESIANTRANSFORMATIONOPERATOR3D(#3087,#3088,#3090,1.,#3089);
#3092= IFCMAPPEDITEM(#3086,#3091);
#3093= IFCSHAPEREPRESENTATION(#41,'Body','MappedRepresentation',(#3092));
#3094= IFCSHAPEREPRESENTATION(#41,'Body','MappedRepresentation',(#3092));
#3095= IFCSHAPEASPECT((#3093),'Gross material layer',$,.U.,#3099);
#3096= IFCCARTESIANPOINTLIST2D(((0.,0.),(2960.016891843679332,-0.000000000000909)));
#3097= IFCINDEXEDPOLYCURVE(#3096,$,$);
#3098= IFCSHAPEREPRESENTATION(#42,'Axis','Curve2D',(#3097));
#3099= IFCPRODUCTDEFINITIONSHAPE($,$,(#3094,#3098));
#3100= IFCSTYLEDITEM(#3092,(#2983),$);
#3101= IFCWALL('0wgLSoKzzBRA3bAkKAtlcu',$,'\X2\042104420435043D0430\X0\: 10,00 \X2\043C043C\X0\',$,$,#3106,#3161,$,.STANDARD.);
#3102= IFCCARTESIANPOINT((5210.000000000016371,11959.999999999974534,-10.));
#3103= IFCDIRECTION((0.,-0.,1.));
#3104= IFCDIRECTION((1.,0.000000000000001,0.));
#3105= IFCAXIS2PLACEMENT3D(#3102,#3103,#3104);
#3106= IFCLOCALPLACEMENT(#51,#3105);
#3107= IFCPOLYLOOP((#2278,#3108,#3109,#2277));
#3108= IFCCARTESIANPOINT((1950.000000000000909,-9.999999999998181,0.));
#3109= IFCCARTESIANPOINT((1950.000000000000909,-9.999999999998181,3200.));
#3110= IFCFACEOUTERBOUND(#3107,.T.);
#3111= IFCPOLYLOOP((#3112,#3113,#3114,#3115));
#3112= IFCCARTESIANPOINT((1418.594224390292766,-10.000000000009095,1810.));
#3113= IFCCARTESIANPOINT((218.594224390292766,-10.000000000009095,1810.));
#3114= IFCCARTESIANPOINT((218.594224390292766,-10.000000000009095,2410.));
#3115= IFCCARTESIANPOINT((1418.594224390292766,-10.000000000009095,2410.));
#3116= IFCFACEBOUND(#3111,.T.);
#3117= IFCFACE((#3110,#3116));
#3118= IFCPOLYLOOP((#2278,#833,#3119,#3108));
#3119= IFCCARTESIANPOINT((1950.000000000000909,0.000000000001819,0.));
#3120= IFCFACEOUTERBOUND(#3118,.T.);
#3121= IFCFACE((#3120));
#3122= IFCPOLYLOOP((#3108,#3119,#3123,#3109));
#3123= IFCCARTESIANPOINT((1950.000000000000909,0.000000000001819,3200.));
#3124= IFCFACEOUTERBOUND(#3122,.T.);
#3125= IFCFACE((#3124));
#3126= IFCPOLYLOOP((#2277,#3109,#3123,#842));
#3127= IFCFACEOUTERBOUND(#3126,.T.);
#3128= IFCFACE((#3127));
#3129= IFCPOLYLOOP((#833,#2278,#2277,#842));
#3130= IFCFACEOUTERBOUND(#3129,.T.);
#3131= IFCFACE((#3130));
#3132= IFCPOLYLOOP((#3113,#3112,#3133,#3134));
#3133= IFCCARTESIANPOINT((1418.594224390292766,-0.000000000009095,1810.));
#3134= IFCCARTESIANPOINT((218.594224390292766,-0.000000000009095,1810.));
#3135= IFCFACEOUTERBOUND(#3132,.T.);
#3136= IFCFACE((#3135));
#3137= IFCPOLYLOOP((#3114,#3113,#3134,#3138));
#3138= IFCCARTESIANPOINT((218.594224390292766,-0.000000000009095,2410.));
#3139= IFCFACEOUTERBOUND(#3137,.T.);
#3140= IFCFACE((#3139));
#3141= IFCPOLYLOOP((#3115,#3114,#3138,#3142));
#3142= IFCCARTESIANPOINT((1418.594224390292766,-0.000000000009095,2410.));
#3143= IFCFACEOUTERBOUND(#3141,.T.);
#3144= IFCFACE((#3143));
#3145= IFCPOLYLOOP((#3112,#3115,#3142,#3133));
#3146= IFCFACEOUTERBOUND(#3145,.T.);
#3147= IFCFACE((#3146));
#3148= IFCPOLYLOOP((#3119,#833,#842,#3123));
#3149= IFCFACEOUTERBOUND(#3148,.T.);
#3150= IFCPOLYLOOP((#3134,#3133,#3142,#3138));
#3151= IFCFACEBOUND(#3150,.T.);
#3152= IFCFACE((#3149,#3151));
#3153= IFCCLOSEDSHELL((#3117,#3121,#3125,#3128,#3131,#3136,#3140,#3144,#3147,#3152));
#3154= IFCFACETEDBREP(#3153);
#3155= IFCSHAPEREPRESENTATION(#41,'Body','Brep',(#3154));
#3156= IFCSHAPEREPRESENTATION(#41,'Body','Brep',(#3154));
#3157= IFCSHAPEASPECT((#3155),'\X2\0421043B043E0439\X0\ 1 - (\X2\043D04350442\X0\): 10,00 \X2\043C043C\X0\',$,.U.,#3161);
#3158= IFCCARTESIANPOINTLIST2D(((0.,0.),(1950.000000000000909,0.000000000001819)));
#3159= IFCINDEXEDPOLYCURVE(#3158,$,$);
#3160= IFCSHAPEREPRESENTATION(#42,'Axis','Curve2D',(#3159));
#3161= IFCPRODUCTDEFINITIONSHAPE($,$,(#3156,#3160));
#3162= IFCSTYLEDITEM(#3154,(#2983),$);
#3163= IFCWALL('0Ip4dCSAL1$gXJ_QlSrTsZ',$,'\X2\042104420435043D0430\X0\: 10,00 \X2\043C043C\X0\',$,$,#3168,#3215,$,.STANDARD.);
#3164= IFCCARTESIANPOINT((9760.000000000007276,8999.999999999974534,0.));
#3165= IFCDIRECTION((0.,0.,1.));
#3166= IFCDIRECTION((-1.,-0.000000000000001,0.));
#3167= IFCAXIS2PLACEMENT3D(#3164,#3165,#3166);
#3168= IFCLOCALPLACEMENT(#51,#3167);
#3169= IFCPOLYLOOP((#3170,#3171,#3172,#3173));
#3170= IFCCARTESIANPOINT((9760.000000000007276,9009.999999999974534,0.));
#3171= IFCCARTESIANPOINT((7480.000000000020009,9009.999999999972715,0.));
#3172= IFCCARTESIANPOINT((7480.000000000020009,9009.999999999972715,3200.));
#3173= IFCCARTESIANPOINT((9760.000000000007276,9009.999999999974534,3200.));
#3174= IFCFACEOUTERBOUND(#3169,.T.);
#3175= IFCFACE((#3174));
#3176= IFCPOLYLOOP((#3170,#3177,#3178,#3171));
#3177= IFCCARTESIANPOINT((9760.000000000007276,8999.999999999974534,0.));
#3178= IFCCARTESIANPOINT((7480.000000000020009,8999.999999999972715,0.));
#3179= IFCFACEOUTERBOUND(#3176,.T.);
#3180= IFCFACE((#3179));
#3181= IFCPOLYLOOP((#3171,#3178,#3182,#3172));
#3182= IFCCARTESIANPOINT((7480.000000000020009,8999.999999999972715,3200.));
#3183= IFCFACEOUTERBOUND(#3181,.T.);
#3184= IFCFACE((#3183));
#3185= IFCPOLYLOOP((#3173,#3172,#3182,#3186));
#3186= IFCCARTESIANPOINT((9760.000000000007276,8999.999999999974534,3200.));
#3187= IFCFACEOUTERBOUND(#3185,.T.);
#3188= IFCFACE((#3187));
#3189= IFCPOLYLOOP((#3177,#3170,#3173,#3186));
#3190= IFCFACEOUTERBOUND(#3189,.T.);
#3191= IFCFACE((#3190));
#3192= IFCPOLYLOOP((#3178,#3177,#3186,#3182));
#3193= IFCFACEOUTERBOUND(#3192,.T.);
#3194= IFCFACE((#3193));
#3195= IFCCLOSEDSHELL((#3175,#3180,#3184,#3188,#3191,#3194));
#3196= IFCFACETEDBREP(#3195);
#3197= IFCSHAPEREPRESENTATION(#41,'Body','Brep',(#3196));
#3198= IFCCARTESIANPOINT((0.,0.,0.));
#3199= IFCDIRECTION((0.,0.,1.));
#3200= IFCDIRECTION((1.,0.,0.));
#3201= IFCAXIS2PLACEMENT3D(#3198,#3199,#3200);
#3202= IFCREPRESENTATIONMAP(#3201,#3197);
#3203= IFCDIRECTION((-1.,0.000000000000001,0.));
#3204= IFCDIRECTION((-0.000000000000001,-1.,0.));
#3205= IFCDIRECTION((0.,0.,1.));
#3206= IFCCARTESIANPOINT((9760.000000000014552,8999.999999999967258,-0.));
#3207= IFCCARTESIANTRANSFORMATIONOPERATOR3D(#3203,#3204,#3206,1.,#3205);
#3208= IFCMAPPEDITEM(#3202,#3207);
#3209= IFCSHAPEREPRESENTATION(#41,'Body','MappedRepresentation',(#3208));
#3210= IFCSHAPEREPRESENTATION(#41,'Body','MappedRepresentation',(#3208));
#3211= IFCSHAPEASPECT((#3209),'Gross material layer',$,.U.,#3215);
#3212= IFCCARTESIANPOINTLIST2D(((0.,0.),(2279.999999999987267,0.)));
#3213= IFCINDEXEDPOLYCURVE(#3212,$,$);
#3214= IFCSHAPEREPRESENTATION(#42,'Axis','Curve2D',(#3213));
#3215= IFCPRODUCTDEFINITIONSHAPE($,$,(#3210,#3214));
#3216= IFCSTYLEDITEM(#3208,(#2384),$);
#3217= IFCWALL('2gmkiTAYH6NQdOMTgE2Muf',$,'\X2\042104420435043D0430\X0\: 10,00 \X2\043C043C\X0\',$,$,#3222,#3267,$,.STANDARD.);
#3218= IFCCARTESIANPOINT((7480.00000000001819,8999.999999999970896,0.));
#3219= IFCDIRECTION((0.,-0.,1.));
#3220= IFCDIRECTION((0.,1.,0.));
#3221= IFCAXIS2PLACEMENT3D(#3218,#3219,#3220);
#3222= IFCLOCALPLACEMENT(#51,#3221);
#3223= IFCPOLYLOOP((#3224,#3225,#3226,#3227));
#3224= IFCCARTESIANPOINT((7490.00000000001819,8999.999999999970896,0.));
#3225= IFCCARTESIANPOINT((7490.00000000001819,11959.999999999967258,0.));
#3226= IFCCARTESIANPOINT((7490.00000000001819,11959.999999999967258,3200.));
#3227= IFCCARTESIANPOINT((7490.00000000001819,8999.999999999970896,3200.));
#3228= IFCFACEOUTERBOUND(#3223,.T.);
#3229= IFCFACE((#3228));
#3230= IFCPOLYLOOP((#3224,#3178,#3231,#3225));
#3231= IFCCARTESIANPOINT((7480.00000000001819,11959.999999999967258,0.));
#3232= IFCFACEOUTERBOUND(#3230,.T.);
#3233= IFCFACE((#3232));
#3234= IFCPOLYLOOP((#3225,#3231,#3235,#3226));
#3235= IFCCARTESIANPOINT((7480.00000000001819,11959.999999999967258,3200.));
#3236= IFCFACEOUTERBOUND(#3234,.T.);
#3237= IFCFACE((#3236));
#3238= IFCPOLYLOOP((#3227,#3226,#3235,#3182));
#3239= IFCFACEOUTERBOUND(#3238,.T.);
#3240= IFCFACE((#3239));
#3241= IFCPOLYLOOP((#3178,#3224,#3227,#3182));
#3242= IFCFACEOUTERBOUND(#3241,.T.);
#3243= IFCFACE((#3242));
#3244= IFCPOLYLOOP((#3231,#3178,#3182,#3235));
#3245= IFCFACEOUTERBOUND(#3244,.T.);
#3246= IFCFACE((#3245));
#3247= IFCCLOSEDSHELL((#3229,#3233,#3237,#3240,#3243,#3246));
#3248= IFCFACETEDBREP(#3247);
#3249= IFCSHAPEREPRESENTATION(#41,'Body','Brep',(#3248));
#3250= IFCCARTESIANPOINT((0.,0.,0.));
#3251= IFCDIRECTION((0.,0.,1.));
#3252= IFCDIRECTION((1.,0.,0.));
#3253= IFCAXIS2PLACEMENT3D(#3250,#3251,#3252);
#3254= IFCREPRESENTATIONMAP(#3253,#3249);
#3255= IFCDIRECTION((0.,-1.,0.));
#3256= IFCDIRECTION((1.,0.,-0.));
#3257= IFCDIRECTION((0.,0.,1.));
#3258= IFCCARTESIANPOINT((-8999.999999999970896,7480.00000000001819,-0.));
#3259= IFCCARTESIANTRANSFORMATIONOPERATOR3D(#3255,#3256,#3258,1.,#3257);
#3260= IFCMAPPEDITEM(#3254,#3259);
#3261= IFCSHAPEREPRESENTATION(#41,'Body','MappedRepresentation',(#3260));
#3262= IFCSHAPEREPRESENTATION(#41,'Body','MappedRepresentation',(#3260));
#3263= IFCSHAPEASPECT((#3261),'Gross material layer',$,.U.,#3267);
#3264= IFCCARTESIANPOINTLIST2D(((0.,0.),(2960.000000000001819,0.)));
#3265= IFCINDEXEDPOLYCURVE(#3264,$,$);
#3266= IFCSHAPEREPRESENTATION(#42,'Axis','Curve2D',(#3265));
#3267= IFCPRODUCTDEFINITIONSHAPE($,$,(#3262,#3266));
#3268= IFCSTYLEDITEM(#3260,(#2384),$);
#3269= IFCWALL('1u8G8AC0T0DgwpnVzQYwzZ',$,'\X2\042104420435043D0430\X0\: 10,00 \X2\043C043C\X0\',$,$,#3274,#3287,$,.STANDARD.);
#3270= IFCCARTESIANPOINT((7480.00000000001819,11959.999999999974534,0.));
#3271= IFCDIRECTION((0.,-0.,1.));
#3272= IFCDIRECTION((1.,0.,0.));
#3273= IFCAXIS2PLACEMENT3D(#3270,#3271,#3272);
#3274= IFCLOCALPLACEMENT(#51,#3273);
#3275= IFCDIRECTION((-1.,0.000000000000001,0.));
#3276= IFCDIRECTION((-0.000000000000001,-1.,0.));
#3277= IFCDIRECTION((0.,0.,1.));
#3278= IFCCARTESIANPOINT((9760.000000000014552,8999.999999999967258,0.));
#3279= IFCCARTESIANTRANSFORMATIONOPERATOR3D(#3275,#3276,#3278,1.,#3277);
#3280= IFCMAPPEDITEM(#3202,#3279);
#3281= IFCSHAPEREPRESENTATION(#41,'Body','MappedRepresentation',(#3280));
#3282= IFCSHAPEREPRESENTATION(#41,'Body','MappedRepresentation',(#3280));
#3283= IFCSHAPEASPECT((#3281),'Gross material layer',$,.U.,#3287);
#3284= IFCCARTESIANPOINTLIST2D(((0.,0.),(2279.999999999987267,0.)));
#3285= IFCINDEXEDPOLYCURVE(#3284,$,$);
#3286= IFCSHAPEREPRESENTATION(#42,'Axis','Curve2D',(#3285));
#3287= IFCPRODUCTDEFINITIONSHAPE($,$,(#3282,#3286));
#3288= IFCSTYLEDITEM(#3280,(#2384),$);
#3289= IFCWALL('3RSTkYjy94LR5zSX3VBWKy',$,'\X2\042104420435043D0430\X0\: 10,00 \X2\043C043C\X0\',$,$,#3294,#3345,$,.STANDARD.);
#3290= IFCCARTESIANPOINT((9760.000000000007276,11959.999999999974534,0.));
#3291= IFCDIRECTION((0.,0.,1.));
#3292= IFCDIRECTION((-0.000000000000001,-1.,0.));
#3293= IFCAXIS2PLACEMENT3D(#3290,#3291,#3292);
#3294= IFCLOCALPLACEMENT(#51,#3293);
#3295= IFCPOLYLOOP((#3296,#3297,#3298,#3299,#3300,#3301,#2277,#2278));
#3296= IFCCARTESIANPOINT((365.000000000027285,-10.,0.));
#3297= IFCCARTESIANPOINT((365.000000000025466,-10.,2100.));
#3298= IFCCARTESIANPOINT((1365.000000000025466,-9.999999999998181,2100.));
#3299= IFCCARTESIANPOINT((1365.000000000025466,-10.,0.));
#3300= IFCCARTESIANPOINT((2959.999999999996362,-10.,0.));
#3301= IFCCARTESIANPOINT((2959.999999999996362,-10.,3200.));
#3302= IFCFACEOUTERBOUND(#3295,.T.);
#3303= IFCFACE((#3302));
#3304= IFCPOLYLOOP((#3297,#3296,#3305,#3306));
#3305= IFCCARTESIANPOINT((365.000000000027285,0.,0.));
#3306= IFCCARTESIANPOINT((365.000000000025466,0.,2100.));
#3307= IFCFACEOUTERBOUND(#3304,.T.);
#3308= IFCFACE((#3307));
#3309= IFCPOLYLOOP((#3298,#3297,#3306,#3310));
#3310= IFCCARTESIANPOINT((1365.000000000025466,0.000000000001819,2100.));
#3311= IFCFACEOUTERBOUND(#3309,.T.);
#3312= IFCFACE((#3311));
#3313= IFCPOLYLOOP((#3299,#3298,#3310,#3314));
#3314= IFCCARTESIANPOINT((1365.000000000025466,0.,0.));
#3315= IFCFACEOUTERBOUND(#3313,.T.);
#3316= IFCFACE((#3315));
#3317= IFCPOLYLOOP((#3299,#3314,#3318,#3300));
#3318= IFCCARTESIANPOINT((2959.999999999996362,0.,0.));
#3319= IFCFACEOUTERBOUND(#3317,.T.);
#3320= IFCFACE((#3319));
#3321= IFCPOLYLOOP((#3300,#3318,#3322,#3301));
#3322= IFCCARTESIANPOINT((2959.999999999996362,0.,3200.));
#3323= IFCFACEOUTERBOUND(#3321,.T.);
#3324= IFCFACE((#3323));
#3325= IFCPOLYLOOP((#2277,#3301,#3322,#842));
#3326= IFCFACEOUTERBOUND(#3325,.T.);
#3327= IFCFACE((#3326));
#3328= IFCPOLYLOOP((#833,#2278,#2277,#842));
#3329= IFCFACEOUTERBOUND(#3328,.T.);
#3330= IFCFACE((#3329));
#3331= IFCPOLYLOOP((#3305,#3296,#2278,#833));
#3332= IFCFACEOUTERBOUND(#3331,.T.);
#3333= IFCFACE((#3332));
#3334= IFCPOLYLOOP((#3306,#3305,#833,#842,#3322,#3318,#3314,#3310));
#3335= IFCFACEOUTERBOUND(#3334,.T.);
#3336= IFCFACE((#3335));
#3337= IFCCLOSEDSHELL((#3303,#3308,#3312,#3316,#3320,#3324,#3327,#3330,#3333,#3336));
#3338= IFCFACETEDBREP(#3337);
#3339= IFCSHAPEREPRESENTATION(#41,'Body','Brep',(#3338));
#3340= IFCSHAPEREPRESENTATION(#41,'Body','Brep',(#3338));
#3341= IFCSHAPEASPECT((#3339),'\X2\0421043B043E0439\X0\ 1 - BWS_\X2\042804420443043A0430044204430440043A0430\X0\ \X2\0432043D044304420440\X0\: 10,00 \X2\043C043C\X0\',$,.U.,#3345);
#3342= IFCCARTESIANPOINTLIST2D(((0.,0.),(2960.,0.)));
#3343= IFCINDEXEDPOLYCURVE(#3342,$,$);
#3344= IFCSHAPEREPRESENTATION(#42,'Axis','Curve2D',(#3343));
#3345= IFCPRODUCTDEFINITIONSHAPE($,$,(#3340,#3344));
#3346= IFCWALL('2JkfhBZCb6SfU7B0FNQmZ$',$,'\X2\042104420435043D0430\X0\: 10,00 \X2\043C043C\X0\',$,$,#3351,#3422,$,.STANDARD.);
#3347= IFCCARTESIANPOINT((2070.000000000014552,8599.999999999974534,0.));
#3348= IFCDIRECTION((0.,-0.,1.));
#3349= IFCDIRECTION((1.,0.,0.));
#3350= IFCAXIS2PLACEMENT3D(#3347,#3348,#3349);
#3351= IFCLOCALPLACEMENT(#51,#3350);
#3352= IFCPOLYLOOP((#3353,#3354,#3355,#3356,#2277,#2278,#3357,#3358,#3359,#3360,#3361,#3362));
#3353= IFCCARTESIANPOINT((4107.865036337498168,-10.,2100.));
#3354= IFCCARTESIANPOINT((4107.865036337498168,-10.,0.));
#3355= IFCCARTESIANPOINT((7689.999999999989086,-10.,0.));
#3356= IFCCARTESIANPOINT((7689.999999999989086,-10.,3200.));
#3357= IFCCARTESIANPOINT((1060.97508176628844,-10.,0.));
#3358= IFCCARTESIANPOINT((1060.975081766288895,-10.,2100.));
#3359= IFCCARTESIANPOINT((1960.975081766288895,-10.,2100.));
#3360= IFCCARTESIANPOINT((1960.97508176628844,-10.,0.));
#3361= IFCCARTESIANPOINT((3207.865036337498168,-10.,0.));
#3362= IFCCARTESIANPOINT((3207.865036337498168,-10.,2100.));
#3363= IFCFACEOUTERBOUND(#3352,.T.);
#3364= IFCFACE((#3363));
#3365= IFCPOLYLOOP((#3354,#3353,#3366,#3367));
#3366= IFCCARTESIANPOINT((4107.865036337498168,0.,2100.));
#3367= IFCCARTESIANPOINT((4107.865036337498168,0.,0.));
#3368= IFCFACEOUTERBOUND(#3365,.T.);
#3369= IFCFACE((#3368));
#3370= IFCPOLYLOOP((#3354,#3367,#3371,#3355));
#3371= IFCCARTESIANPOINT((7689.999999999989086,0.,0.));
#3372= IFCFACEOUTERBOUND(#3370,.T.);
#3373= IFCFACE((#3372));
#3374= IFCPOLYLOOP((#3355,#3371,#3375,#3356));
#3375= IFCCARTESIANPOINT((7689.999999999989086,0.,3200.));
#3376= IFCFACEOUTERBOUND(#3374,.T.);
#3377= IFCFACE((#3376));
#3378= IFCPOLYLOOP((#2277,#3356,#3375,#842));
#3379= IFCFACEOUTERBOUND(#3378,.T.);
#3380= IFCFACE((#3379));
#3381= IFCPOLYLOOP((#833,#2278,#2277,#842));
#3382= IFCFACEOUTERBOUND(#3381,.T.);
#3383= IFCFACE((#3382));
#3384= IFCPOLYLOOP((#3385,#3357,#2278,#833));
#3385= IFCCARTESIANPOINT((1060.975081766289804,0.,0.));
#3386= IFCFACEOUTERBOUND(#3384,.T.);
#3387= IFCFACE((#3386));
#3388= IFCPOLYLOOP((#3358,#3357,#3385,#3389));
#3389= IFCCARTESIANPOINT((1060.975081766288895,0.,2100.));
#3390= IFCFACEOUTERBOUND(#3388,.T.);
#3391= IFCFACE((#3390));
#3392= IFCPOLYLOOP((#3359,#3358,#3389,#3393));
#3393= IFCCARTESIANPOINT((1960.975081766288895,0.,2100.));
#3394= IFCFACEOUTERBOUND(#3392,.T.);
#3395= IFCFACE((#3394));
#3396= IFCPOLYLOOP((#3360,#3359,#3393,#3397));
#3397= IFCCARTESIANPOINT((1960.975081766289804,0.,0.));
#3398= IFCFACEOUTERBOUND(#3396,.T.);
#3399= IFCFACE((#3398));
#3400= IFCPOLYLOOP((#3401,#3361,#3360,#3397));
#3401= IFCCARTESIANPOINT((3207.865036337498168,0.,0.));
#3402= IFCFACEOUTERBOUND(#3400,.T.);
#3403= IFCFACE((#3402));
#3404= IFCPOLYLOOP((#3362,#3361,#3401,#3405));
#3405= IFCCARTESIANPOINT((3207.865036337498168,0.,2100.));
#3406= IFCFACEOUTERBOUND(#3404,.T.);
#3407= IFCFACE((#3406));
#3408= IFCPOLYLOOP((#3353,#3362,#3405,#3366));
#3409= IFCFACEOUTERBOUND(#3408,.T.);
#3410= IFCFACE((#3409));
#3411= IFCPOLYLOOP((#3367,#3366,#3405,#3401,#3397,#3393,#3389,#3385,#833,#842,#3375,#3371));
#3412= IFCFACEOUTERBOUND(#3411,.T.);
#3413= IFCFACE((#3412));
#3414= IFCCLOSEDSHELL((#3364,#3369,#3373,#3377,#3380,#3383,#3387,#3391,#3395,#3399,#3403,#3407,#3410,#3413));
#3415= IFCFACETEDBREP(#3414);
#3416= IFCSHAPEREPRESENTATION(#41,'Body','Brep',(#3415));
#3417= IFCSHAPEREPRESENTATION(#41,'Body','Brep',(#3415));
#3418= IFCSHAPEASPECT((#3416),'\X2\0421043B043E0439\X0\ 1 - BWS_\X2\042804420443043A0430044204430440043A0430\X0\ \X2\0432043D044304420440\X0\: 10,00 \X2\043C043C\X0\',$,.U.,#3422);
#3419= IFCCARTESIANPOINTLIST2D(((0.,0.),(7689.999999999989086,0.)));
#3420= IFCINDEXEDPOLYCURVE(#3419,$,$);
#3421= IFCSHAPEREPRESENTATION(#42,'Axis','Curve2D',(#3420));
#3422= IFCPRODUCTDEFINITIONSHAPE($,$,(#3417,#3421));
#3423= IFCWALL('12SvQcxb13$fqtdISFdwW7',$,'\X2\042104420435043D0430\X0\: 10,00 \X2\043C043C\X0\',$,$,#3428,#3477,$,.STANDARD.);
#3424= IFCCARTESIANPOINT((9760.000000000003638,8599.999999999974534,0.));
#3425= IFCDIRECTION((-0.,0.,1.));
#3426= IFCDIRECTION((0.,-1.,0.));
#3427= IFCAXIS2PLACEMENT3D(#3424,#3425,#3426);
#3428= IFCLOCALPLACEMENT(#51,#3427);
#3429= IFCPOLYLOOP((#3430,#3431,#3432,#2277,#2278,#3433,#3434,#3435));
#3430= IFCCARTESIANPOINT((1416.084329225126567,-10.,2500.));
#3431= IFCCARTESIANPOINT((516.084329225126567,-10.,2500.));
#3432= IFCCARTESIANPOINT((516.084329225126567,-10.,3200.));
#3433= IFCCARTESIANPOINT((2000.000000000006366,-10.,0.));
#3434= IFCCARTESIANPOINT((2000.000000000006366,-10.,3200.));
#3435= IFCCARTESIANPOINT((1416.084329225126567,-10.,3200.));
#3436= IFCFACEOUTERBOUND(#3429,.T.);
#3437= IFCFACE((#3436));
#3438= IFCPOLYLOOP((#3431,#3430,#3439,#3440));
#3439= IFCCARTESIANPOINT((1416.084329225126567,0.,2500.));
#3440= IFCCARTESIANPOINT((516.084329225126567,0.,2500.));
#3441= IFCFACEOUTERBOUND(#3438,.T.);
#3442= IFCFACE((#3441));
#3443= IFCPOLYLOOP((#3432,#3431,#3440,#3444));
#3444= IFCCARTESIANPOINT((516.084329225126567,0.,3200.));
#3445= IFCFACEOUTERBOUND(#3443,.T.);
#3446= IFCFACE((#3445));
#3447= IFCPOLYLOOP((#3432,#3444,#842,#2277));
#3448= IFCFACEOUTERBOUND(#3447,.T.);
#3449= IFCFACE((#3448));
#3450= IFCPOLYLOOP((#833,#2278,#2277,#842));
#3451= IFCFACEOUTERBOUND(#3450,.T.);
#3452= IFCFACE((#3451));
#3453= IFCPOLYLOOP((#2278,#833,#895,#3433));
#3454= IFCFACEOUTERBOUND(#3453,.T.);
#3455= IFCFACE((#3454));
#3456= IFCPOLYLOOP((#3433,#895,#896,#3434));
#3457= IFCFACEOUTERBOUND(#3456,.T.);
#3458= IFCFACE((#3457));
#3459= IFCPOLYLOOP((#3460,#3435,#3434,#896));
#3460= IFCCARTESIANPOINT((1416.084329225126567,0.,3200.));
#3461= IFCFACEOUTERBOUND(#3459,.T.);
#3462= IFCFACE((#3461));
#3463= IFCPOLYLOOP((#3430,#3435,#3460,#3439));
#3464= IFCFACEOUTERBOUND(#3463,.T.);
#3465= IFCFACE((#3464));
#3466= IFCPOLYLOOP((#3440,#3439,#3460,#896,#895,#833,#842,#3444));
#3467= IFCFACEOUTERBOUND(#3466,.T.);
#3468= IFCFACE((#3467));
#3469= IFCCLOSEDSHELL((#3437,#3442,#3446,#3449,#3452,#3455,#3458,#3462,#3465,#3468));
#3470= IFCFACETEDBREP(#3469);
#3471= IFCSHAPEREPRESENTATION(#41,'Body','Brep',(#3470));
#3472= IFCSHAPEREPRESENTATION(#41,'Body','Brep',(#3470));
#3473= IFCSHAPEASPECT((#3471),'\X2\0421043B043E0439\X0\ 1 - BWS_\X2\042804420443043A0430044204430440043A0430\X0\ \X2\0432043D044304420440\X0\: 10,00 \X2\043C043C\X0\',$,.U.,#3477);
#3474= IFCCARTESIANPOINTLIST2D(((0.,0.),(2000.000000000006366,0.)));
#3475= IFCINDEXEDPOLYCURVE(#3474,$,$);
#3476= IFCSHAPEREPRESENTATION(#42,'Axis','Curve2D',(#3475));
#3477= IFCPRODUCTDEFINITIONSHAPE($,$,(#3472,#3476));
#3478= IFCWALL('3_2Xpdiiz1IvrHZG2zg$q7',$,'\X2\042104420435043D0430\X0\: 10,00 \X2\043C043C\X0\',$,$,#3483,#3530,$,.STANDARD.);
#3479= IFCCARTESIANPOINT((9760.000000000003638,6599.999999999968168,0.));
#3480= IFCDIRECTION((0.,0.,1.));
#3481= IFCDIRECTION((-1.,0.000000000000003,0.));
#3482= IFCAXIS2PLACEMENT3D(#3479,#3480,#3481);
#3483= IFCLOCALPLACEMENT(#51,#3482);
#3484= IFCPOLYLOOP((#3485,#3486,#3355,#3356,#2277,#2278,#3487,#3488));
#3485= IFCCARTESIANPOINT((6820.,-10.,2100.));
#3486= IFCCARTESIANPOINT((6820.,-10.,0.));
#3487= IFCCARTESIANPOINT((5179.999999999998181,-10.,0.));
#3488= IFCCARTESIANPOINT((5179.999999999998181,-10.,2100.));
#3489= IFCFACEOUTERBOUND(#3484,.T.);
#3490= IFCFACE((#3489));
#3491= IFCPOLYLOOP((#3486,#3485,#3492,#3493));
#3492= IFCCARTESIANPOINT((6820.,0.,2100.));
#3493= IFCCARTESIANPOINT((6819.999999999998181,0.,0.));
#3494= IFCFACEOUTERBOUND(#3491,.T.);
#3495= IFCFACE((#3494));
#3496= IFCPOLYLOOP((#3486,#3493,#3371,#3355));
#3497= IFCFACEOUTERBOUND(#3496,.T.);
#3498= IFCFACE((#3497));
#3499= IFCPOLYLOOP((#3355,#3371,#3375,#3356));
#3500= IFCFACEOUTERBOUND(#3499,.T.);
#3501= IFCFACE((#3500));
#3502= IFCPOLYLOOP((#2277,#3356,#3375,#842));
#3503= IFCFACEOUTERBOUND(#3502,.T.);
#3504= IFCFACE((#3503));
#3505= IFCPOLYLOOP((#833,#2278,#2277,#842));
#3506= IFCFACEOUTERBOUND(#3505,.T.);
#3507= IFCFACE((#3506));
#3508= IFCPOLYLOOP((#3509,#3487,#2278,#833));
#3509= IFCCARTESIANPOINT((5179.999999999997272,0.,0.));
#3510= IFCFACEOUTERBOUND(#3508,.T.);
#3511= IFCFACE((#3510));
#3512= IFCPOLYLOOP((#3488,#3487,#3509,#3513));
#3513= IFCCARTESIANPOINT((5179.999999999998181,0.,2100.));
#3514= IFCFACEOUTERBOUND(#3512,.T.);
#3515= IFCFACE((#3514));
#3516= IFCPOLYLOOP((#3485,#3488,#3513,#3492));
#3517= IFCFACEOUTERBOUND(#3516,.T.);
#3518= IFCFACE((#3517));
#3519= IFCPOLYLOOP((#3493,#3492,#3513,#3509,#833,#842,#3375,#3371));
#3520= IFCFACEOUTERBOUND(#3519,.T.);
#3521= IFCFACE((#3520));
#3522= IFCCLOSEDSHELL((#3490,#3495,#3498,#3501,#3504,#3507,#3511,#3515,#3518,#3521));
#3523= IFCFACETEDBREP(#3522);
#3524= IFCSHAPEREPRESENTATION(#41,'Body','Brep',(#3523));
#3525= IFCSHAPEREPRESENTATION(#41,'Body','Brep',(#3523));
#3526= IFCSHAPEASPECT((#3524),'\X2\0421043B043E0439\X0\ 1 - BWS_\X2\042804420443043A0430044204430440043A0430\X0\ \X2\0432043D044304420440\X0\: 10,00 \X2\043C043C\X0\',$,.U.,#3530);
#3527= IFCCARTESIANPOINTLIST2D(((0.,0.),(7689.999999999989086,0.)));
#3528= IFCINDEXEDPOLYCURVE(#3527,$,$);
#3529= IFCSHAPEREPRESENTATION(#42,'Axis','Curve2D',(#3528));
#3530= IFCPRODUCTDEFINITIONSHAPE($,$,(#3525,#3529));
#3531= IFCWALL('0cekRxb9j5PQOaxOutpflv',$,'\X2\042104420435043D0430\X0\: 10,00 \X2\043C043C\X0\',$,$,#3536,#3583,$,.STANDARD.);
#3532= IFCCARTESIANPOINT((2070.000000000014552,6599.999999999990905,0.));
#3533= IFCDIRECTION((0.,-0.,1.));
#3534= IFCDIRECTION((0.,1.,0.));
#3535= IFCAXIS2PLACEMENT3D(#3532,#3533,#3534);
#3536= IFCLOCALPLACEMENT(#51,#3535);
#3537= IFCPOLYLOOP((#3538,#3539,#3540,#3541,#3433,#3434,#2277,#2278));
#3538= IFCCARTESIANPOINT((790.021987920186803,-10.,0.));
#3539= IFCCARTESIANPOINT((790.021987920186803,-10.000000000000455,2100.));
#3540= IFCCARTESIANPOINT((1690.021987920186803,-10.000000000000455,2100.));
#3541= IFCCARTESIANPOINT((1690.021987920186803,-10.,0.));
#3542= IFCFACEOUTERBOUND(#3537,.T.);
#3543= IFCFACE((#3542));
#3544= IFCPOLYLOOP((#3539,#3538,#3545,#3546));
#3545= IFCCARTESIANPOINT((790.021987920186803,0.,0.));
#3546= IFCCARTESIANPOINT((790.021987920186803,-0.000000000000455,2100.));
#3547= IFCFACEOUTERBOUND(#3544,.T.);
#3548= IFCFACE((#3547));
#3549= IFCPOLYLOOP((#3540,#3539,#3546,#3550));
#3550= IFCCARTESIANPOINT((1690.021987920186803,-0.000000000000455,2100.));
#3551= IFCFACEOUTERBOUND(#3549,.T.);
#3552= IFCFACE((#3551));
#3553= IFCPOLYLOOP((#3541,#3540,#3550,#3554));
#3554= IFCCARTESIANPOINT((1690.021987920186803,0.,0.));
#3555= IFCFACEOUTERBOUND(#3553,.T.);
#3556= IFCFACE((#3555));
#3557= IFCPOLYLOOP((#3541,#3554,#895,#3433));
#3558= IFCFACEOUTERBOUND(#3557,.T.);
#3559= IFCFACE((#3558));
#3560= IFCPOLYLOOP((#3433,#895,#896,#3434));
#3561= IFCFACEOUTERBOUND(#3560,.T.);
#3562= IFCFACE((#3561));
#3563= IFCPOLYLOOP((#2277,#3434,#896,#842));
#3564= IFCFACEOUTERBOUND(#3563,.T.);
#3565= IFCFACE((#3564));
#3566= IFCPOLYLOOP((#833,#2278,#2277,#842));
#3567= IFCFACEOUTERBOUND(#3566,.T.);
#3568= IFCFACE((#3567));
#3569= IFCPOLYLOOP((#3545,#3538,#2278,#833));
#3570= IFCFACEOUTERBOUND(#3569,.T.);
#3571= IFCFACE((#3570));
#3572= IFCPOLYLOOP((#3546,#3545,#833,#842,#896,#895,#3554,#3550));
#3573= IFCFACEOUTERBOUND(#3572,.T.);
#3574= IFCFACE((#3573));
#3575= IFCCLOSEDSHELL((#3543,#3548,#3552,#3556,#3559,#3562,#3565,#3568,#3571,#3574));
#3576= IFCFACETEDBREP(#3575);
#3577= IFCSHAPEREPRESENTATION(#41,'Body','Brep',(#3576));
#3578= IFCSHAPEREPRESENTATION(#41,'Body','Brep',(#3576));
#3579= IFCSHAPEASPECT((#3577),'\X2\0421043B043E0439\X0\ 1 - BWS_\X2\042804420443043A0430044204430440043A0430\X0\ \X2\0432043D044304420440\X0\: 10,00 \X2\043C043C\X0\',$,.U.,#3583);
#3580= IFCCARTESIANPOINTLIST2D(((0.,0.),(1999.999999999983629,0.)));
#3581= IFCINDEXEDPOLYCURVE(#3580,$,$);
#3582= IFCSHAPEREPRESENTATION(#42,'Axis','Curve2D',(#3581));
#3583= IFCPRODUCTDEFINITIONSHAPE($,$,(#3578,#3582));
#3584= IFCWALL('0VKYKPlCbCTvdHPNZ9Gpn9',$,'\X2\042104420435043D0430\X0\: 10,00 \X2\043C043C\X0\',$,$,#3589,#3636,$,.STANDARD.);
#3585= IFCCARTESIANPOINT((1910.000000000014779,6599.999999999990905,0.));
#3586= IFCDIRECTION((0.,0.,1.));
#3587= IFCDIRECTION((-1.,-0.000000000000013,0.));
#3588= IFCAXIS2PLACEMENT3D(#3585,#3586,#3587);
#3589= IFCLOCALPLACEMENT(#51,#3588);
#3590= IFCPOLYLOOP((#3591,#3592,#3593,#3594));
#3591= IFCCARTESIANPOINT((1910.000000000014779,6609.999999999990905,0.));
#3592= IFCCARTESIANPOINT((240.000000000018417,6609.999999999969077,0.));
#3593= IFCCARTESIANPOINT((240.000000000018417,6609.999999999969077,3200.));
#3594= IFCCARTESIANPOINT((1910.000000000014779,6609.999999999990905,3200.));
#3595= IFCFACEOUTERBOUND(#3590,.T.);
#3596= IFCFACE((#3595));
#3597= IFCPOLYLOOP((#3591,#3598,#3599,#3592));
#3598= IFCCARTESIANPOINT((1910.000000000014552,6599.999999999990905,0.));
#3599= IFCCARTESIANPOINT((240.00000000001819,6599.999999999969077,0.));
#3600= IFCFACEOUTERBOUND(#3597,.T.);
#3601= IFCFACE((#3600));
#3602= IFCPOLYLOOP((#3592,#3599,#3603,#3593));
#3603= IFCCARTESIANPOINT((240.00000000001819,6599.999999999969077,3200.));
#3604= IFCFACEOUTERBOUND(#3602,.T.);
#3605= IFCFACE((#3604));
#3606= IFCPOLYLOOP((#3594,#3593,#3603,#3607));
#3607= IFCCARTESIANPOINT((1910.000000000014552,6599.999999999990905,3200.));
#3608= IFCFACEOUTERBOUND(#3606,.T.);
#3609= IFCFACE((#3608));
#3610= IFCPOLYLOOP((#3598,#3591,#3594,#3607));
#3611= IFCFACEOUTERBOUND(#3610,.T.);
#3612= IFCFACE((#3611));
#3613= IFCPOLYLOOP((#3599,#3598,#3607,#3603));
#3614= IFCFACEOUTERBOUND(#3613,.T.);
#3615= IFCFACE((#3614));
#3616= IFCCLOSEDSHELL((#3596,#3601,#3605,#3609,#3612,#3615));
#3617= IFCFACETEDBREP(#3616);
#3618= IFCSHAPEREPRESENTATION(#41,'Body','Brep',(#3617));
#3619= IFCCARTESIANPOINT((0.,0.,0.));
#3620= IFCDIRECTION((0.,0.,1.));
#3621= IFCDIRECTION((1.,0.,0.));
#3622= IFCAXIS2PLACEMENT3D(#3619,#3620,#3621);
#3623= IFCREPRESENTATIONMAP(#3622,#3618);
#3624= IFCDIRECTION((-1.,0.000000000000013,0.));
#3625= IFCDIRECTION((-0.000000000000013,-1.,0.));
#3626= IFCDIRECTION((0.,0.,1.));
#3627= IFCCARTESIANPOINT((1910.000000000100954,6599.999999999966349,-0.));
#3628= IFCCARTESIANTRANSFORMATIONOPERATOR3D(#3624,#3625,#3627,1.,#3626);
#3629= IFCMAPPEDITEM(#3623,#3628);
#3630= IFCSHAPEREPRESENTATION(#41,'Body','MappedRepresentation',(#3629));
#3631= IFCSHAPEREPRESENTATION(#41,'Body','MappedRepresentation',(#3629));
#3632= IFCSHAPEASPECT((#3630),'Gross material layer',$,.U.,#3636);
#3633= IFCCARTESIANPOINTLIST2D(((0.,0.),(1669.999999999996362,0.)));
#3634= IFCINDEXEDPOLYCURVE(#3633,$,$);
#3635= IFCSHAPEREPRESENTATION(#42,'Axis','Curve2D',(#3634));
#3636= IFCPRODUCTDEFINITIONSHAPE($,$,(#3631,#3635));
#3637= IFCSTYLEDITEM(#3629,(#2384),$);
#3638= IFCWALL('2PZBEZHBjCRQlzqnPLuJcT',$,'\X2\042104420435043D0430\X0\: 10,00 \X2\043C043C\X0\',$,$,#3643,#3690,$,.STANDARD.);
#3639= IFCCARTESIANPOINT((240.000000000018332,6599.999999999969077,0.));
#3640= IFCDIRECTION((0.,-0.,1.));
#3641= IFCDIRECTION((0.000000000000001,1.,0.));
#3642= IFCAXIS2PLACEMENT3D(#3639,#3640,#3641);
#3643= IFCLOCALPLACEMENT(#51,#3642);
#3644= IFCPOLYLOOP((#3645,#3646,#3647,#3648,#3433,#3434,#2277,#2278));
#3645= IFCCARTESIANPOINT((695.593245401474633,-10.,0.));
#3646= IFCCARTESIANPOINT((695.593245401474633,-9.99999999999406,2100.));
#3647= IFCCARTESIANPOINT((1595.593245401474633,-9.999999999993292,2100.));
#3648= IFCCARTESIANPOINT((1595.593245401474633,-10.,0.));
#3649= IFCFACEOUTERBOUND(#3644,.T.);
#3650= IFCFACE((#3649));
#3651= IFCPOLYLOOP((#3646,#3645,#3652,#3653));
#3652= IFCCARTESIANPOINT((695.593245401474633,0.,0.));
#3653= IFCCARTESIANPOINT((695.593245401474633,0.00000000000594,2100.));
#3654= IFCFACEOUTERBOUND(#3651,.T.);
#3655= IFCFACE((#3654));
#3656= IFCPOLYLOOP((#3647,#3646,#3653,#3657));
#3657= IFCCARTESIANPOINT((1595.593245401474633,0.000000000006708,2100.));
#3658= IFCFACEOUTERBOUND(#3656,.T.);
#3659= IFCFACE((#3658));
#3660= IFCPOLYLOOP((#3648,#3647,#3657,#3661));
#3661= IFCCARTESIANPOINT((1595.593245401474633,0.,0.));
#3662= IFCFACEOUTERBOUND(#3660,.T.);
#3663= IFCFACE((#3662));
#3664= IFCPOLYLOOP((#3648,#3661,#895,#3433));
#3665= IFCFACEOUTERBOUND(#3664,.T.);
#3666= IFCFACE((#3665));
#3667= IFCPOLYLOOP((#3433,#895,#896,#3434));
#3668= IFCFACEOUTERBOUND(#3667,.T.);
#3669= IFCFACE((#3668));
#3670= IFCPOLYLOOP((#2277,#3434,#896,#842));
#3671= IFCFACEOUTERBOUND(#3670,.T.);
#3672= IFCFACE((#3671));
#3673= IFCPOLYLOOP((#833,#2278,#2277,#842));
#3674= IFCFACEOUTERBOUND(#3673,.T.);
#3675= IFCFACE((#3674));
#3676= IFCPOLYLOOP((#3652,#3645,#2278,#833));
#3677= IFCFACEOUTERBOUND(#3676,.T.);
#3678= IFCFACE((#3677));
#3679= IFCPOLYLOOP((#3653,#3652,#833,#842,#896,#895,#3661,#3657));
#3680= IFCFACEOUTERBOUND(#3679,.T.);
#3681= IFCFACE((#3680));
#3682= IFCCLOSEDSHELL((#3650,#3655,#3659,#3663,#3666,#3669,#3672,#3675,#3678,#3681));
#3683= IFCFACETEDBREP(#3682);
#3684= IFCSHAPEREPRESENTATION(#41,'Body','Brep',(#3683));
#3685= IFCSHAPEREPRESENTATION(#41,'Body','Brep',(#3683));
#3686= IFCSHAPEASPECT((#3684),'\X2\0421043B043E0439\X0\ 1 - BWS_\X2\042804420443043A0430044204430440043A0430\X0\ \X2\0432043D044304420440\X0\: 10,00 \X2\043C043C\X0\',$,.U.,#3690);
#3687= IFCCARTESIANPOINTLIST2D(((0.,0.),(2000.000000000005457,0.)));
#3688= IFCINDEXEDPOLYCURVE(#3687,$,$);
#3689= IFCSHAPEREPRESENTATION(#42,'Axis','Curve2D',(#3688));
#3690= IFCPRODUCTDEFINITIONSHAPE($,$,(#3685,#3689));
#3691= IFCWALL('3syr8nvKHAmhColqNHduUG',$,'\X2\042104420435043D0430\X0\: 10,00 \X2\043C043C\X0\',$,$,#3696,#3709,$,.STANDARD.);
#3692= IFCCARTESIANPOINT((240.000000000020151,8599.999999999974534,0.));
#3693= IFCDIRECTION((0.,-0.,1.));
#3694= IFCDIRECTION((1.,0.,0.));
#3695= IFCAXIS2PLACEMENT3D(#3692,#3693,#3694);
#3696= IFCLOCALPLACEMENT(#51,#3695);
#3697= IFCDIRECTION((-1.,0.000000000000013,0.));
#3698= IFCDIRECTION((-0.000000000000013,-1.,0.));
#3699= IFCDIRECTION((0.,0.,1.));
#3700= IFCCARTESIANPOINT((1910.000000000101181,6599.999999999967258,0.));
#3701= IFCCARTESIANTRANSFORMATIONOPERATOR3D(#3697,#3698,#3700,1.,#3699);
#3702= IFCMAPPEDITEM(#3623,#3701);
#3703= IFCSHAPEREPRESENTATION(#41,'Body','MappedRepresentation',(#3702));
#3704= IFCSHAPEREPRESENTATION(#41,'Body','MappedRepresentation',(#3702));
#3705= IFCSHAPEASPECT((#3703),'Gross material layer',$,.U.,#3709);
#3706= IFCCARTESIANPOINTLIST2D(((0.,0.),(1669.999999999994543,0.)));
#3707= IFCINDEXEDPOLYCURVE(#3706,$,$);
#3708= IFCSHAPEREPRESENTATION(#42,'Axis','Curve2D',(#3707));
#3709= IFCPRODUCTDEFINITIONSHAPE($,$,(#3704,#3708));
#3710= IFCSTYLEDITEM(#3702,(#2384),$);
#3711= IFCWALL('1bxy9S9hX7OAYWGb4mJHoA',$,'\X2\042104420435043D0430\X0\: 10,00 \X2\043C043C\X0\',$,$,#3716,#3763,$,.STANDARD.);
#3712= IFCCARTESIANPOINT((1910.000000000014779,8599.999999999974534,0.));
#3713= IFCDIRECTION((-0.,0.,1.));
#3714= IFCDIRECTION((0.,-1.,0.));
#3715= IFCAXIS2PLACEMENT3D(#3712,#3713,#3714);
#3716= IFCLOCALPLACEMENT(#51,#3715);
#3717= IFCPOLYLOOP((#3718,#3719,#3433,#3434,#2277,#2278,#3720,#3721));
#3718= IFCCARTESIANPOINT((1209.978012079796827,-9.999999999999773,2100.));
#3719= IFCCARTESIANPOINT((1209.978012079796827,-10.,0.));
#3720= IFCCARTESIANPOINT((309.978012079796827,-10.,0.));
#3721= IFCCARTESIANPOINT((309.978012079796827,-9.999999999999773,2100.));
#3722= IFCFACEOUTERBOUND(#3717,.T.);
#3723= IFCFACE((#3722));
#3724= IFCPOLYLOOP((#3719,#3718,#3725,#3726));
#3725= IFCCARTESIANPOINT((1209.978012079796827,0.000000000000227,2100.));
#3726= IFCCARTESIANPOINT((1209.978012079796827,0.,0.));
#3727= IFCFACEOUTERBOUND(#3724,.T.);
#3728= IFCFACE((#3727));
#3729= IFCPOLYLOOP((#3719,#3726,#895,#3433));
#3730= IFCFACEOUTERBOUND(#3729,.T.);
#3731= IFCFACE((#3730));
#3732= IFCPOLYLOOP((#3433,#895,#896,#3434));
#3733= IFCFACEOUTERBOUND(#3732,.T.);
#3734= IFCFACE((#3733));
#3735= IFCPOLYLOOP((#2277,#3434,#896,#842));
#3736= IFCFACEOUTERBOUND(#3735,.T.);
#3737= IFCFACE((#3736));
#3738= IFCPOLYLOOP((#833,#2278,#2277,#842));
#3739= IFCFACEOUTERBOUND(#3738,.T.);
#3740= IFCFACE((#3739));
#3741= IFCPOLYLOOP((#3742,#3720,#2278,#833));
#3742= IFCCARTESIANPOINT((309.978012079796827,0.,0.));
#3743= IFCFACEOUTERBOUND(#3741,.T.);
#3744= IFCFACE((#3743));
#3745= IFCPOLYLOOP((#3721,#3720,#3742,#3746));
#3746= IFCCARTESIANPOINT((309.978012079796827,0.000000000000227,2100.));
#3747= IFCFACEOUTERBOUND(#3745,.T.);
#3748= IFCFACE((#3747));
#3749= IFCPOLYLOOP((#3718,#3721,#3746,#3725));
#3750= IFCFACEOUTERBOUND(#3749,.T.);
#3751= IFCFACE((#3750));
#3752= IFCPOLYLOOP((#3726,#3725,#3746,#3742,#833,#842,#896,#895));
#3753= IFCFACEOUTERBOUND(#3752,.T.);
#3754= IFCFACE((#3753));
#3755= IFCCLOSEDSHELL((#3723,#3728,#3731,#3734,#3737,#3740,#3744,#3748,#3751,#3754));
#3756= IFCFACETEDBREP(#3755);
#3757= IFCSHAPEREPRESENTATION(#41,'Body','Brep',(#3756));
#3758= IFCSHAPEREPRESENTATION(#41,'Body','Brep',(#3756));
#3759= IFCSHAPEASPECT((#3757),'\X2\0421043B043E0439\X0\ 1 - BWS_\X2\042804420443043A0430044204430440043A0430\X0\ \X2\0432043D044304420440\X0\: 10,00 \X2\043C043C\X0\',$,.U.,#3763);
#3760= IFCCARTESIANPOINTLIST2D(((0.,0.),(2000.000000000005457,0.)));
#3761= IFCINDEXEDPOLYCURVE(#3760,$,$);
#3762= IFCSHAPEREPRESENTATION(#42,'Axis','Curve2D',(#3761));
#3763= IFCPRODUCTDEFINITIONSHAPE($,$,(#3758,#3762));
#3764= IFCWALL('1enciF5sP8Bx7xfZVJ8GkO',$,'\X2\042104420435043D0430\X0\: 10,00 \X2\043C043C\X0\',$,$,#3769,#3824,$,.STANDARD.);
#3765= IFCCARTESIANPOINT((4860.000000000003638,6189.999999999968168,-10.));
#3766= IFCDIRECTION((0.,0.,1.));
#3767= IFCDIRECTION((-0.,-1.,0.));
#3768= IFCAXIS2PLACEMENT3D(#3765,#3766,#3767);
#3769= IFCLOCALPLACEMENT(#51,#3768);
#3770= IFCPOLYLOOP((#2278,#3771,#3772,#2277));
#3771= IFCCARTESIANPOINT((5949.999999999962711,-10.,0.));
#3772= IFCCARTESIANPOINT((5949.999999999962711,-10.,3200.));
#3773= IFCFACEOUTERBOUND(#3770,.T.);
#3774= IFCPOLYLOOP((#3775,#3776,#3777,#3778));
#3775= IFCCARTESIANPOINT((2689.999999999952252,-10.,9.999999999999998));
#3776= IFCCARTESIANPOINT((689.999999999951797,-10.,9.999999999999998));
#3777= IFCCARTESIANPOINT((689.999999999951797,-10.,2110.));
#3778= IFCCARTESIANPOINT((2689.999999999952252,-10.,2110.));
#3779= IFCFACEBOUND(#3774,.T.);
#3780= IFCFACE((#3773,#3779));
#3781= IFCPOLYLOOP((#2278,#833,#3782,#3771));
#3782= IFCCARTESIANPOINT((5949.999999999962711,0.,0.));
#3783= IFCFACEOUTERBOUND(#3781,.T.);
#3784= IFCFACE((#3783));
#3785= IFCPOLYLOOP((#3771,#3782,#3786,#3772));
#3786= IFCCARTESIANPOINT((5949.999999999962711,0.,3200.));
#3787= IFCFACEOUTERBOUND(#3785,.T.);
#3788= IFCFACE((#3787));
#3789= IFCPOLYLOOP((#2277,#3772,#3786,#842));
#3790= IFCFACEOUTERBOUND(#3789,.T.);
#3791= IFCFACE((#3790));
#3792= IFCPOLYLOOP((#833,#2278,#2277,#842));
#3793= IFCFACEOUTERBOUND(#3792,.T.);
#3794= IFCFACE((#3793));
#3795= IFCPOLYLOOP((#3776,#3775,#3796,#3797));
#3796= IFCCARTESIANPOINT((2689.999999999952252,0.,9.999999999999998));
#3797= IFCCARTESIANPOINT((689.999999999951797,0.,9.999999999999998));
#3798= IFCFACEOUTERBOUND(#3795,.T.);
#3799= IFCFACE((#3798));
#3800= IFCPOLYLOOP((#3777,#3776,#3797,#3801));
#3801= IFCCARTESIANPOINT((689.999999999951797,0.,2110.));
#3802= IFCFACEOUTERBOUND(#3800,.T.);
#3803= IFCFACE((#3802));
#3804= IFCPOLYLOOP((#3778,#3777,#3801,#3805));
#3805= IFCCARTESIANPOINT((2689.999999999952252,0.,2110.));
#3806= IFCFACEOUTERBOUND(#3804,.T.);
#3807= IFCFACE((#3806));
#3808= IFCPOLYLOOP((#3775,#3778,#3805,#3796));
#3809= IFCFACEOUTERBOUND(#3808,.T.);
#3810= IFCFACE((#3809));
#3811= IFCPOLYLOOP((#3782,#833,#842,#3786));
#3812= IFCFACEOUTERBOUND(#3811,.T.);
#3813= IFCPOLYLOOP((#3797,#3796,#3805,#3801));
#3814= IFCFACEBOUND(#3813,.T.);
#3815= IFCFACE((#3812,#3814));
#3816= IFCCLOSEDSHELL((#3780,#3784,#3788,#3791,#3794,#3799,#3803,#3807,#3810,#3815));
#3817= IFCFACETEDBREP(#3816);
#3818= IFCSHAPEREPRESENTATION(#41,'Body','Brep',(#3817));
#3819= IFCSHAPEREPRESENTATION(#41,'Body','Brep',(#3817));
#3820= IFCSHAPEASPECT((#3818),'\X2\0421043B043E0439\X0\ 1 - BWS_\X2\042804420443043A0430044204430440043A0430\X0\ \X2\0432043D044304420440\X0\: 10,00 \X2\043C043C\X0\',$,.U.,#3824);
#3821= IFCCARTESIANPOINTLIST2D(((0.,0.),(5949.999999999962711,0.)));
#3822= IFCINDEXEDPOLYCURVE(#3821,$,$);
#3823= IFCSHAPEREPRESENTATION(#42,'Axis','Curve2D',(#3822));
#3824= IFCPRODUCTDEFINITIONSHAPE($,$,(#3819,#3823));
#3825= IFCWALL('2gcq4geeHBHAwSMOUWizMA',$,'\X2\042104420435043D0430\X0\: 10,00 \X2\043C043C\X0\',$,$,#3830,#3885,$,.STANDARD.);
#3826= IFCCARTESIANPOINT((4860.000000000001819,240.000000000005457,-10.));
#3827= IFCDIRECTION((0.,0.,1.));
#3828= IFCDIRECTION((-1.,-0.000000000000003,0.));
#3829= IFCAXIS2PLACEMENT3D(#3826,#3827,#3828);
#3830= IFCLOCALPLACEMENT(#51,#3829);
#3831= IFCPOLYLOOP((#2278,#3832,#3833,#2277));
#3832= IFCCARTESIANPOINT((4619.99999999998272,-10.,0.));
#3833= IFCCARTESIANPOINT((4619.99999999998272,-10.,3200.));
#3834= IFCFACEOUTERBOUND(#3831,.T.);
#3835= IFCPOLYLOOP((#3836,#3837,#3838,#3839));
#3836= IFCCARTESIANPOINT((3710.000000000003638,-10.000000000007731,710.));
#3837= IFCCARTESIANPOINT((910.000000000003638,-10.000000000003155,710.));
#3838= IFCCARTESIANPOINT((910.000000000003638,-10.000000000003155,2410.));
#3839= IFCCARTESIANPOINT((3710.000000000003638,-10.000000000007731,2410.));
#3840= IFCFACEBOUND(#3835,.T.);
#3841= IFCFACE((#3834,#3840));
#3842= IFCPOLYLOOP((#2278,#833,#3843,#3832));
#3843= IFCCARTESIANPOINT((4619.99999999998272,0.,0.));
#3844= IFCFACEOUTERBOUND(#3842,.T.);
#3845= IFCFACE((#3844));
#3846= IFCPOLYLOOP((#3832,#3843,#3847,#3833));
#3847= IFCCARTESIANPOINT((4619.99999999998272,0.,3200.));
#3848= IFCFACEOUTERBOUND(#3846,.T.);
#3849= IFCFACE((#3848));
#3850= IFCPOLYLOOP((#2277,#3833,#3847,#842));
#3851= IFCFACEOUTERBOUND(#3850,.T.);
#3852= IFCFACE((#3851));
#3853= IFCPOLYLOOP((#833,#2278,#2277,#842));
#3854= IFCFACEOUTERBOUND(#3853,.T.);
#3855= IFCFACE((#3854));
#3856= IFCPOLYLOOP((#3837,#3836,#3857,#3858));
#3857= IFCCARTESIANPOINT((3710.000000000003638,-0.000000000007731,710.));
#3858= IFCCARTESIANPOINT((910.000000000004093,-0.000000000003155,710.));
#3859= IFCFACEOUTERBOUND(#3856,.T.);
#3860= IFCFACE((#3859));
#3861= IFCPOLYLOOP((#3838,#3837,#3858,#3862));
#3862= IFCCARTESIANPOINT((910.000000000004093,-0.000000000003155,2410.));
#3863= IFCFACEOUTERBOUND(#3861,.T.);
#3864= IFCFACE((#3863));
#3865= IFCPOLYLOOP((#3839,#3838,#3862,#3866));
#3866= IFCCARTESIANPOINT((3710.000000000003638,-0.000000000007731,2410.));
#3867= IFCFACEOUTERBOUND(#3865,.T.);
#3868= IFCFACE((#3867));
#3869= IFCPOLYLOOP((#3836,#3839,#3866,#3857));
#3870= IFCFACEOUTERBOUND(#3869,.T.);
#3871= IFCFACE((#3870));
#3872= IFCPOLYLOOP((#3843,#833,#842,#3847));
#3873= IFCFACEOUTERBOUND(#3872,.T.);
#3874= IFCPOLYLOOP((#3858,#3857,#3866,#3862));
#3875= IFCFACEBOUND(#3874,.T.);
#3876= IFCFACE((#3873,#3875));
#3877= IFCCLOSEDSHELL((#3841,#3845,#3849,#3852,#3855,#3860,#3864,#3868,#3871,#3876));
#3878= IFCFACETEDBREP(#3877);
#3879= IFCSHAPEREPRESENTATION(#41,'Body','Brep',(#3878));
#3880= IFCSHAPEREPRESENTATION(#41,'Body','Brep',(#3878));
#3881= IFCSHAPEASPECT((#3879),'\X2\0421043B043E0439\X0\ 1 - BWS_\X2\042804420443043A0430044204430440043A0430\X0\ \X2\0432043D044304420440\X0\: 10,00 \X2\043C043C\X0\',$,.U.,#3885);
#3882= IFCCARTESIANPOINTLIST2D(((0.,0.),(4619.99999999998272,0.)));
#3883= IFCINDEXEDPOLYCURVE(#3882,$,$);
#3884= IFCSHAPEREPRESENTATION(#42,'Axis','Curve2D',(#3883));
#3885= IFCPRODUCTDEFINITIONSHAPE($,$,(#3880,#3884));
#3886= IFCWALL('34UBkJRSHCoOKP2yepF$5G',$,'\X2\042104420435043D0430\X0\: 10,00 \X2\043C043C\X0\',$,$,#3891,#3938,$,.STANDARD.);
#3887= IFCCARTESIANPOINT((240.000000000018332,239.999999999992724,-10.));
#3888= IFCDIRECTION((0.,0.,1.));
#3889= IFCDIRECTION((-0.000000000000001,1.,0.));
#3890= IFCAXIS2PLACEMENT3D(#3887,#3888,#3889);
#3891= IFCLOCALPLACEMENT(#51,#3890);
#3892= IFCPOLYLOOP((#3893,#3894,#3895,#3896));
#3893= IFCCARTESIANPOINT((250.000000000018332,239.999999999992724,-10.));
#3894= IFCCARTESIANPOINT((250.000000000014012,6199.999999999968168,-10.));
#3895= IFCCARTESIANPOINT((250.000000000014012,6199.999999999968168,3190.));
#3896= IFCCARTESIANPOINT((250.000000000018332,239.999999999992724,3190.));
#3897= IFCFACEOUTERBOUND(#3892,.T.);
#3898= IFCFACE((#3897));
#3899= IFCPOLYLOOP((#3893,#3900,#3901,#3894));
#3900= IFCCARTESIANPOINT((240.000000000018332,239.999999999992724,-10.));
#3901= IFCCARTESIANPOINT((240.000000000014012,6199.999999999968168,-10.));
#3902= IFCFACEOUTERBOUND(#3899,.T.);
#3903= IFCFACE((#3902));
#3904= IFCPOLYLOOP((#3894,#3901,#3905,#3895));
#3905= IFCCARTESIANPOINT((240.000000000014012,6199.999999999968168,3190.));
#3906= IFCFACEOUTERBOUND(#3904,.T.);
#3907= IFCFACE((#3906));
#3908= IFCPOLYLOOP((#3896,#3895,#3905,#3909));
#3909= IFCCARTESIANPOINT((240.000000000018332,239.999999999992724,3190.));
#3910= IFCFACEOUTERBOUND(#3908,.T.);
#3911= IFCFACE((#3910));
#3912= IFCPOLYLOOP((#3900,#3893,#3896,#3909));
#3913= IFCFACEOUTERBOUND(#3912,.T.);
#3914= IFCFACE((#3913));
#3915= IFCPOLYLOOP((#3901,#3900,#3909,#3905));
#3916= IFCFACEOUTERBOUND(#3915,.T.);
#3917= IFCFACE((#3916));
#3918= IFCCLOSEDSHELL((#3898,#3903,#3907,#3911,#3914,#3917));
#3919= IFCFACETEDBREP(#3918);
#3920= IFCSHAPEREPRESENTATION(#41,'Body','Brep',(#3919));
#3921= IFCCARTESIANPOINT((0.,0.,0.));
#3922= IFCDIRECTION((0.,0.,1.));
#3923= IFCDIRECTION((1.,0.,0.));
#3924= IFCAXIS2PLACEMENT3D(#3921,#3922,#3923);
#3925= IFCREPRESENTATIONMAP(#3924,#3920);
#3926= IFCDIRECTION((-0.000000000000001,-1.,0.));
#3927= IFCDIRECTION((1.,-0.000000000000001,0.));
#3928= IFCDIRECTION((0.,0.,1.));
#3929= IFCCARTESIANPOINT((-239.999999999992554,240.000000000018503,10.));
#3930= IFCCARTESIANTRANSFORMATIONOPERATOR3D(#3926,#3927,#3929,1.,#3928);
#3931= IFCMAPPEDITEM(#3925,#3930);
#3932= IFCSHAPEREPRESENTATION(#41,'Body','MappedRepresentation',(#3931));
#3933= IFCSHAPEREPRESENTATION(#41,'Body','MappedRepresentation',(#3931));
#3934= IFCSHAPEASPECT((#3932),'Gross material layer',$,.U.,#3938);
#3935= IFCCARTESIANPOINTLIST2D(((0.,0.),(5959.999999999975444,0.)));
#3936= IFCINDEXEDPOLYCURVE(#3935,$,$);
#3937= IFCSHAPEREPRESENTATION(#42,'Axis','Curve2D',(#3936));
#3938= IFCPRODUCTDEFINITIONSHAPE($,$,(#3933,#3937));
#3939= IFCSTYLEDITEM(#3931,(#2384),$);
#3940= IFCWALL('3SHsRFv9nB5vCFfu6_fvvJ',$,'\X2\042104420435043D0430\X0\: 10,00 \X2\043C043C\X0\',$,$,#3945,#3992,$,.STANDARD.);
#3941= IFCCARTESIANPOINT((5260.000000000003638,6199.999999999967258,-10.));
#3942= IFCDIRECTION((0.,-0.,1.));
#3943= IFCDIRECTION((1.,0.,0.));
#3944= IFCAXIS2PLACEMENT3D(#3941,#3942,#3943);
#3945= IFCLOCALPLACEMENT(#51,#3944);
#3946= IFCPOLYLOOP((#3947,#3948,#3949,#3950));
#3947= IFCCARTESIANPOINT((5260.000000000003638,6189.999999999967258,-10.));
#3948= IFCCARTESIANPOINT((9760.000000000003638,6189.999999999968168,-10.));
#3949= IFCCARTESIANPOINT((9760.000000000003638,6189.999999999968168,3190.));
#3950= IFCCARTESIANPOINT((5260.000000000003638,6189.999999999967258,3190.));
#3951= IFCFACEOUTERBOUND(#3946,.T.);
#3952= IFCFACE((#3951));
#3953= IFCPOLYLOOP((#3947,#3954,#3955,#3948));
#3954= IFCCARTESIANPOINT((5260.000000000003638,6199.999999999967258,-10.));
#3955= IFCCARTESIANPOINT((9760.000000000003638,6199.999999999968168,-10.));
#3956= IFCFACEOUTERBOUND(#3953,.T.);
#3957= IFCFACE((#3956));
#3958= IFCPOLYLOOP((#3948,#3955,#3959,#3949));
#3959= IFCCARTESIANPOINT((9760.000000000003638,6199.999999999968168,3190.));
#3960= IFCFACEOUTERBOUND(#3958,.T.);
#3961= IFCFACE((#3960));
#3962= IFCPOLYLOOP((#3950,#3949,#3959,#3963));
#3963= IFCCARTESIANPOINT((5260.000000000003638,6199.999999999967258,3190.));
#3964= IFCFACEOUTERBOUND(#3962,.T.);
#3965= IFCFACE((#3964));
#3966= IFCPOLYLOOP((#3954,#3947,#3950,#3963));
#3967= IFCFACEOUTERBOUND(#3966,.T.);
#3968= IFCFACE((#3967));
#3969= IFCPOLYLOOP((#3955,#3954,#3963,#3959));
#3970= IFCFACEOUTERBOUND(#3969,.T.);
#3971= IFCFACE((#3970));
#3972= IFCCLOSEDSHELL((#3952,#3957,#3961,#3965,#3968,#3971));
#3973= IFCFACETEDBREP(#3972);
#3974= IFCSHAPEREPRESENTATION(#41,'Body','Brep',(#3973));
#3975= IFCCARTESIANPOINT((0.,0.,0.));
#3976= IFCDIRECTION((0.,0.,1.));
#3977= IFCDIRECTION((1.,0.,0.));
#3978= IFCAXIS2PLACEMENT3D(#3975,#3976,#3977);
#3979= IFCREPRESENTATIONMAP(#3978,#3974);
#3980= IFCDIRECTION((1.,0.,0.));
#3981= IFCDIRECTION((0.,1.,0.));
#3982= IFCDIRECTION((0.,0.,1.));
#3983= IFCCARTESIANPOINT((-5260.000000000003638,-6199.999999999967258,10.));
#3984= IFCCARTESIANTRANSFORMATIONOPERATOR3D(#3980,#3981,#3983,1.,#3982);
#3985= IFCMAPPEDITEM(#3979,#3984);
#3986= IFCSHAPEREPRESENTATION(#41,'Body','MappedRepresentation',(#3985));
#3987= IFCSHAPEREPRESENTATION(#41,'Body','MappedRepresentation',(#3985));
#3988= IFCSHAPEASPECT((#3986),'Gross material layer',$,.U.,#3992);
#3989= IFCCARTESIANPOINTLIST2D(((0.,0.),(4500.,0.000000000000909)));
#3990= IFCINDEXEDPOLYCURVE(#3989,$,$);
#3991= IFCSHAPEREPRESENTATION(#42,'Axis','Curve2D',(#3990));
#3992= IFCPRODUCTDEFINITIONSHAPE($,$,(#3987,#3991));
#3993= IFCSTYLEDITEM(#3985,(#2384),$);
#3994= IFCWALL('3MXf7A$CrDqP6$BwN48Z_j',$,'\X2\042104420435043D0430\X0\: 10,00 \X2\043C043C\X0\',$,$,#3999,#4054,$,.STANDARD.);
#3995= IFCCARTESIANPOINT((9760.000000000003638,6199.999999999968168,-10.));
#3996= IFCDIRECTION((-0.,0.,1.));
#3997= IFCDIRECTION((0.,-1.,0.));
#3998= IFCAXIS2PLACEMENT3D(#3995,#3996,#3997);
#3999= IFCLOCALPLACEMENT(#51,#3998);
#4000= IFCPOLYLOOP((#2278,#4001,#4002,#2277));
#4001= IFCCARTESIANPOINT((4559.999999999983629,-10.,0.));
#4002= IFCCARTESIANPOINT((4559.999999999983629,-10.,3200.));
#4003= IFCFACEOUTERBOUND(#4000,.T.);
#4004= IFCPOLYLOOP((#4005,#4006,#4007,#4008));
#4005= IFCCARTESIANPOINT((1850.333940372030156,-10.,10.));
#4006= IFCCARTESIANPOINT((850.333940372030156,-10.,10.));
#4007= IFCCARTESIANPOINT((850.333940372030156,-10.,2110.));
#4008= IFCCARTESIANPOINT((1850.333940372030156,-10.,2110.));
#4009= IFCFACEBOUND(#4004,.T.);
#4010= IFCFACE((#4003,#4009));
#4011= IFCPOLYLOOP((#2278,#833,#4012,#4001));
#4012= IFCCARTESIANPOINT((4559.999999999983629,0.,0.));
#4013= IFCFACEOUTERBOUND(#4011,.T.);
#4014= IFCFACE((#4013));
#4015= IFCPOLYLOOP((#4001,#4012,#4016,#4002));
#4016= IFCCARTESIANPOINT((4559.999999999983629,0.,3200.));
#4017= IFCFACEOUTERBOUND(#4015,.T.);
#4018= IFCFACE((#4017));
#4019= IFCPOLYLOOP((#2277,#4002,#4016,#842));
#4020= IFCFACEOUTERBOUND(#4019,.T.);
#4021= IFCFACE((#4020));
#4022= IFCPOLYLOOP((#833,#2278,#2277,#842));
#4023= IFCFACEOUTERBOUND(#4022,.T.);
#4024= IFCFACE((#4023));
#4025= IFCPOLYLOOP((#4006,#4005,#4026,#4027));
#4026= IFCCARTESIANPOINT((1850.333940372030156,0.,10.));
#4027= IFCCARTESIANPOINT((850.333940372030156,0.,10.));
#4028= IFCFACEOUTERBOUND(#4025,.T.);
#4029= IFCFACE((#4028));
#4030= IFCPOLYLOOP((#4007,#4006,#4027,#4031));
#4031= IFCCARTESIANPOINT((850.333940372030156,0.,2110.));
#4032= IFCFACEOUTERBOUND(#4030,.T.);
#4033= IFCFACE((#4032));
#4034= IFCPOLYLOOP((#4008,#4007,#4031,#4035));
#4035= IFCCARTESIANPOINT((1850.333940372030156,0.,2110.));
#4036= IFCFACEOUTERBOUND(#4034,.T.);
#4037= IFCFACE((#4036));
#4038= IFCPOLYLOOP((#4005,#4008,#4035,#4026));
#4039= IFCFACEOUTERBOUND(#4038,.T.);
#4040= IFCFACE((#4039));
#4041= IFCPOLYLOOP((#4012,#833,#842,#4016));
#4042= IFCFACEOUTERBOUND(#4041,.T.);
#4043= IFCPOLYLOOP((#4027,#4026,#4035,#4031));
#4044= IFCFACEBOUND(#4043,.T.);
#4045= IFCFACE((#4042,#4044));
#4046= IFCCLOSEDSHELL((#4010,#4014,#4018,#4021,#4024,#4029,#4033,#4037,#4040,#4045));
#4047= IFCFACETEDBREP(#4046);
#4048= IFCSHAPEREPRESENTATION(#41,'Body','Brep',(#4047));
#4049= IFCSHAPEREPRESENTATION(#41,'Body','Brep',(#4047));
#4050= IFCSHAPEASPECT((#4048),'\X2\0421043B043E0439\X0\ 1 - BWS_\X2\042804420443043A0430044204430440043A0430\X0\ \X2\0432043D044304420440\X0\: 10,00 \X2\043C043C\X0\',$,.U.,#4054);
#4051= IFCCARTESIANPOINTLIST2D(((0.,0.),(4559.999999999983629,0.)));
#4052= IFCINDEXEDPOLYCURVE(#4051,$,$);
#4053= IFCSHAPEREPRESENTATION(#42,'Axis','Curve2D',(#4052));
#4054= IFCPRODUCTDEFINITIONSHAPE($,$,(#4049,#4053));
#4055= IFCWALL('1CbYO8O0r5dRpmvEFSlFvB',$,'\X2\042104420435043D0430\X0\: 10,00 \X2\043C043C\X0\',$,$,#4060,#4115,$,.STANDARD.);
#4056= IFCCARTESIANPOINT((9760.000000000003638,1639.999999999984539,-10.));
#4057= IFCDIRECTION((0.,0.,1.));
#4058= IFCDIRECTION((-1.,0.,0.));
#4059= IFCAXIS2PLACEMENT3D(#4056,#4057,#4058);
#4060= IFCLOCALPLACEMENT(#51,#4059);
#4061= IFCPOLYLOOP((#2278,#4062,#4063,#2277));
#4062= IFCCARTESIANPOINT((4500.,-9.999999999999091,0.));
#4063= IFCCARTESIANPOINT((4500.,-9.999999999999091,3200.));
#4064= IFCFACEOUTERBOUND(#4061,.T.);
#4065= IFCPOLYLOOP((#4066,#4067,#4068,#4069));
#4066= IFCCARTESIANPOINT((3249.999999999998181,-10.000000000007731,710.));
#4067= IFCCARTESIANPOINT((449.999999999998181,-10.000000000011141,710.));
#4068= IFCCARTESIANPOINT((449.999999999998181,-10.000000000011141,2410.));
#4069= IFCCARTESIANPOINT((3249.999999999998181,-10.000000000007731,2410.));
#4070= IFCFACEBOUND(#4065,.T.);
#4071= IFCFACE((#4064,#4070));
#4072= IFCPOLYLOOP((#2278,#833,#4073,#4062));
#4073= IFCCARTESIANPOINT((4500.,0.000000000000909,0.));
#4074= IFCFACEOUTERBOUND(#4072,.T.);
#4075= IFCFACE((#4074));
#4076= IFCPOLYLOOP((#4062,#4073,#4077,#4063));
#4077= IFCCARTESIANPOINT((4500.,0.000000000000909,3200.));
#4078= IFCFACEOUTERBOUND(#4076,.T.);
#4079= IFCFACE((#4078));
#4080= IFCPOLYLOOP((#2277,#4063,#4077,#842));
#4081= IFCFACEOUTERBOUND(#4080,.T.);
#4082= IFCFACE((#4081));
#4083= IFCPOLYLOOP((#833,#2278,#2277,#842));
#4084= IFCFACEOUTERBOUND(#4083,.T.);
#4085= IFCFACE((#4084));
#4086= IFCPOLYLOOP((#4067,#4066,#4087,#4088));
#4087= IFCCARTESIANPOINT((3249.999999999998181,-0.000000000007731,710.));
#4088= IFCCARTESIANPOINT((449.999999999998181,-0.000000000011141,710.));
#4089= IFCFACEOUTERBOUND(#4086,.T.);
#4090= IFCFACE((#4089));
#4091= IFCPOLYLOOP((#4068,#4067,#4088,#4092));
#4092= IFCCARTESIANPOINT((449.999999999998181,-0.000000000011141,2410.));
#4093= IFCFACEOUTERBOUND(#4091,.T.);
#4094= IFCFACE((#4093));
#4095= IFCPOLYLOOP((#4069,#4068,#4092,#4096));
#4096= IFCCARTESIANPOINT((3249.999999999998181,-0.000000000007731,2410.));
#4097= IFCFACEOUTERBOUND(#4095,.T.);
#4098= IFCFACE((#4097));
#4099= IFCPOLYLOOP((#4066,#4069,#4096,#4087));
#4100= IFCFACEOUTERBOUND(#4099,.T.);
#4101= IFCFACE((#4100));
#4102= IFCPOLYLOOP((#4073,#833,#842,#4077));
#4103= IFCFACEOUTERBOUND(#4102,.T.);
#4104= IFCPOLYLOOP((#4088,#4087,#4096,#4092));
#4105= IFCFACEBOUND(#4104,.T.);
#4106= IFCFACE((#4103,#4105));
#4107= IFCCLOSEDSHELL((#4071,#4075,#4079,#4082,#4085,#4090,#4094,#4098,#4101,#4106));
#4108= IFCFACETEDBREP(#4107);
#4109= IFCSHAPEREPRESENTATION(#41,'Body','Brep',(#4108));
#4110= IFCSHAPEREPRESENTATION(#41,'Body','Brep',(#4108));
#4111= IFCSHAPEASPECT((#4109),'\X2\0421043B043E0439\X0\ 1 - BWS_\X2\042804420443043A0430044204430440043A0430\X0\ \X2\0432043D044304420440\X0\: 10,00 \X2\043C043C\X0\',$,.U.,#4115);
#4112= IFCCARTESIANPOINTLIST2D(((0.,0.),(4499.999999999998181,0.)));
#4113= IFCINDEXEDPOLYCURVE(#4112,$,$);
#4114= IFCSHAPEREPRESENTATION(#42,'Axis','Curve2D',(#4113));
#4115= IFCPRODUCTDEFINITIONSHAPE($,$,(#4110,#4114));
#4116= IFCWALL('3BVSLVZ5v4WOUaiJwM8EBF',$,'\X2\042104420435043D0430\X0\: 10,00 \X2\043C043C\X0\',$,$,#4121,#4172,$,.STANDARD.);
#4117= IFCCARTESIANPOINT((5260.000000000005457,1639.999999999984993,-10.));
#4118= IFCDIRECTION((0.,0.,1.));
#4119= IFCDIRECTION((-0.,1.,0.));
#4120= IFCAXIS2PLACEMENT3D(#4117,#4118,#4119);
#4121= IFCLOCALPLACEMENT(#51,#4120);
#4122= IFCPOLYLOOP((#2278,#4001,#4002,#2277));
#4123= IFCFACEOUTERBOUND(#4122,.T.);
#4124= IFCPOLYLOOP((#4125,#4126,#4127,#4128));
#4125= IFCCARTESIANPOINT((3860.000000000031832,-10.000000000005457,9.999999999999998));
#4126= IFCCARTESIANPOINT((1860.000000000031605,-10.000000000005457,9.999999999999998));
#4127= IFCCARTESIANPOINT((1860.000000000031605,-10.000000000005457,2110.));
#4128= IFCCARTESIANPOINT((3860.000000000031832,-10.000000000005457,2110.));
#4129= IFCFACEBOUND(#4124,.T.);
#4130= IFCFACE((#4123,#4129));
#4131= IFCPOLYLOOP((#2278,#833,#4012,#4001));
#4132= IFCFACEOUTERBOUND(#4131,.T.);
#4133= IFCFACE((#4132));
#4134= IFCPOLYLOOP((#4001,#4012,#4016,#4002));
#4135= IFCFACEOUTERBOUND(#4134,.T.);
#4136= IFCFACE((#4135));
#4137= IFCPOLYLOOP((#2277,#4002,#4016,#842));
#4138= IFCFACEOUTERBOUND(#4137,.T.);
#4139= IFCFACE((#4138));
#4140= IFCPOLYLOOP((#833,#2278,#2277,#842));
#4141= IFCFACEOUTERBOUND(#4140,.T.);
#4142= IFCFACE((#4141));
#4143= IFCPOLYLOOP((#4126,#4125,#4144,#4145));
#4144= IFCCARTESIANPOINT((3860.000000000031832,-0.000000000005457,9.999999999999998));
#4145= IFCCARTESIANPOINT((1860.000000000031605,-0.000000000005457,9.999999999999998));
#4146= IFCFACEOUTERBOUND(#4143,.T.);
#4147= IFCFACE((#4146));
#4148= IFCPOLYLOOP((#4127,#4126,#4145,#4149));
#4149= IFCCARTESIANPOINT((1860.000000000031605,-0.000000000005457,2110.));
#4150= IFCFACEOUTERBOUND(#4148,.T.);
#4151= IFCFACE((#4150));
#4152= IFCPOLYLOOP((#4128,#4127,#4149,#4153));
#4153= IFCCARTESIANPOINT((3860.000000000031832,-0.000000000005457,2110.));
#4154= IFCFACEOUTERBOUND(#4152,.T.);
#4155= IFCFACE((#4154));
#4156= IFCPOLYLOOP((#4125,#4128,#4153,#4144));
#4157= IFCFACEOUTERBOUND(#4156,.T.);
#4158= IFCFACE((#4157));
#4159= IFCPOLYLOOP((#4012,#833,#842,#4016));
#4160= IFCFACEOUTERBOUND(#4159,.T.);
#4161= IFCPOLYLOOP((#4145,#4144,#4153,#4149));
#4162= IFCFACEBOUND(#4161,.T.);
#4163= IFCFACE((#4160,#4162));
#4164= IFCCLOSEDSHELL((#4130,#4133,#4136,#4139,#4142,#4147,#4151,#4155,#4158,#4163));
#4165= IFCFACETEDBREP(#4164);
#4166= IFCSHAPEREPRESENTATION(#41,'Body','Brep',(#4165));
#4167= IFCSHAPEREPRESENTATION(#41,'Body','Brep',(#4165));
#4168= IFCSHAPEASPECT((#4166),'\X2\0421043B043E0439\X0\ 1 - BWS_\X2\042804420443043A0430044204430440043A0430\X0\ \X2\0432043D044304420440\X0\: 10,00 \X2\043C043C\X0\',$,.U.,#4172);
#4169= IFCCARTESIANPOINTLIST2D(((0.,0.),(4559.999999999984539,0.)));
#4170= IFCINDEXEDPOLYCURVE(#4169,$,$);
#4171= IFCSHAPEREPRESENTATION(#42,'Axis','Curve2D',(#4170));
#4172= IFCPRODUCTDEFINITIONSHAPE($,$,(#4167,#4171));
#4173= IFCWALL('1a$tGrJ1D6RvVCinnsK6wa',$,'\X2\042104420435043D0430\X0\: 10,00 \X2\043C043C\X0\',$,$,#4178,#4235,$,.STANDARD.);
#4174= IFCCARTESIANPOINT((4860.000000000003638,6189.999999999968168,-10.));
#4175= IFCDIRECTION((0.,0.,1.));
#4176= IFCDIRECTION((-0.999997657473421,0.002164497094098,0.));
#4177= IFCAXIS2PLACEMENT3D(#4174,#4175,#4176);
#4178= IFCLOCALPLACEMENT(#51,#4177);
#4179= IFCPOLYLOOP((#833,#4180,#4181,#842));
#4180= IFCCARTESIANPOINT((4620.010822498136804,0.,0.));
#4181= IFCCARTESIANPOINT((4620.010822498136804,0.,3200.000000000000909));
#4182= IFCFACEOUTERBOUND(#4179,.T.);
#4183= IFCPOLYLOOP((#4184,#4185,#4186,#4187));
#4184= IFCCARTESIANPOINT((1919.987912551707268,-0.000000000000909,9.999999999999943));
#4185= IFCCARTESIANPOINT((279.987912551707268,-0.000000000000909,9.999999999999943));
#4186= IFCCARTESIANPOINT((279.987912551707268,-0.000000000000909,2110.000000000000455));
#4187= IFCCARTESIANPOINT((1919.987912551707268,-0.000000000000909,2110.000000000000455));
#4188= IFCFACEBOUND(#4183,.T.);
#4189= IFCFACE((#4182,#4188));
#4190= IFCPOLYLOOP((#833,#4191,#4192,#4180));
#4191= IFCCARTESIANPOINT((-0.000000000000909,10.,0.));
#4192= IFCCARTESIANPOINT((4620.010822498136804,10.000000000000909,0.));
#4193= IFCFACEOUTERBOUND(#4190,.T.);
#4194= IFCFACE((#4193));
#4195= IFCPOLYLOOP((#4180,#4192,#4196,#4181));
#4196= IFCCARTESIANPOINT((4620.010822498136804,10.000000000000909,3200.000000000000909));
#4197= IFCFACEOUTERBOUND(#4195,.T.);
#4198= IFCFACE((#4197));
#4199= IFCPOLYLOOP((#842,#4181,#4196,#4200));
#4200= IFCCARTESIANPOINT((-0.000000000000909,10.,3200.000000000000909));
#4201= IFCFACEOUTERBOUND(#4199,.T.);
#4202= IFCFACE((#4201));
#4203= IFCPOLYLOOP((#4191,#833,#842,#4200));
#4204= IFCFACEOUTERBOUND(#4203,.T.);
#4205= IFCFACE((#4204));
#4206= IFCPOLYLOOP((#4185,#4184,#4207,#4208));
#4207= IFCCARTESIANPOINT((1919.987912551706813,10.,9.999999999999943));
#4208= IFCCARTESIANPOINT((279.987912551707268,9.999999999999091,9.999999999999943));
#4209= IFCFACEOUTERBOUND(#4206,.T.);
#4210= IFCFACE((#4209));
#4211= IFCPOLYLOOP((#4186,#4185,#4208,#4212));
#4212= IFCCARTESIANPOINT((279.987912551707268,9.999999999999091,2110.000000000000455));
#4213= IFCFACEOUTERBOUND(#4211,.T.);
#4214= IFCFACE((#4213));
#4215= IFCPOLYLOOP((#4187,#4186,#4212,#4216));
#4216= IFCCARTESIANPOINT((1919.987912551706813,10.,2110.000000000000455));
#4217= IFCFACEOUTERBOUND(#4215,.T.);
#4218= IFCFACE((#4217));
#4219= IFCPOLYLOOP((#4184,#4187,#4216,#4207));
#4220= IFCFACEOUTERBOUND(#4219,.T.);
#4221= IFCFACE((#4220));
#4222= IFCPOLYLOOP((#4192,#4191,#4200,#4196));
#4223= IFCFACEOUTERBOUND(#4222,.T.);
#4224= IFCPOLYLOOP((#4208,#4207,#4216,#4212));
#4225= IFCFACEBOUND(#4224,.T.);
#4226= IFCFACE((#4223,#4225));
#4227= IFCCLOSEDSHELL((#4189,#4194,#4198,#4202,#4205,#4210,#4214,#4218,#4221,#4226));
#4228= IFCFACETEDBREP(#4227);
#4229= IFCSHAPEREPRESENTATION(#41,'Body','Brep',(#4228));
#4230= IFCSHAPEREPRESENTATION(#41,'Body','Brep',(#4228));
#4231= IFCSHAPEASPECT((#4229),'\X2\0421043B043E0439\X0\ 1 - BWS_\X2\042804420443043A0430044204430440043A0430\X0\ \X2\0432043D044304420440\X0\: 10,00 \X2\043C043C\X0\',$,.U.,#4235);
#4232= IFCCARTESIANPOINTLIST2D(((0.,0.),(4620.010822498136804,0.)));
#4233= IFCINDEXEDPOLYCURVE(#4232,$,$);
#4234= IFCSHAPEREPRESENTATION(#42,'Axis','Curve2D',(#4233));
#4235= IFCPRODUCTDEFINITIONSHAPE($,$,(#4230,#4234));
#4236= IFCWALL('2bWfHVK3z3NPStGEvFjXjY',$,'\X2\042104420435043D0430\X0\: 200,00 \X2\043C043C\X0\',$,$,#4241,#4288,$,.STANDARD.);
#4237= IFCCARTESIANPOINT((-10710.90313826919737,-10925.853434352135082,0.));
#4238= IFCDIRECTION((0.,-0.,1.));
#4239= IFCDIRECTION((0.,1.,0.));
#4240= IFCAXIS2PLACEMENT3D(#4237,#4238,#4239);
#4241= IFCLOCALPLACEMENT(#51,#4240);
#4242= IFCPOLYLOOP((#4243,#4244,#4245,#4246));
#4243= IFCCARTESIANPOINT((-10610.90313826919737,-10925.853434352135082,0.));
#4244= IFCCARTESIANPOINT((-10610.90313826919737,95.641165973964235,0.));
#4245= IFCCARTESIANPOINT((-10610.90313826919737,95.641165973964235,3200.));
#4246= IFCCARTESIANPOINT((-10610.90313826919737,-10925.853434352135082,3200.));
#4247= IFCFACEOUTERBOUND(#4242,.T.);
#4248= IFCFACE((#4247));
#4249= IFCPOLYLOOP((#4243,#4250,#4251,#4244));
#4250= IFCCARTESIANPOINT((-10810.90313826919737,-10925.853434352135082,0.));
#4251= IFCCARTESIANPOINT((-10810.90313826919737,95.641165973964235,0.));
#4252= IFCFACEOUTERBOUND(#4249,.T.);
#4253= IFCFACE((#4252));
#4254= IFCPOLYLOOP((#4244,#4251,#4255,#4245));
#4255= IFCCARTESIANPOINT((-10810.90313826919737,95.641165973964235,3200.));
#4256= IFCFACEOUTERBOUND(#4254,.T.);
#4257= IFCFACE((#4256));
#4258= IFCPOLYLOOP((#4246,#4245,#4255,#4259));
#4259= IFCCARTESIANPOINT((-10810.90313826919737,-10925.853434352135082,3200.));
#4260= IFCFACEOUTERBOUND(#4258,.T.);
#4261= IFCFACE((#4260));
#4262= IFCPOLYLOOP((#4250,#4243,#4246,#4259));
#4263= IFCFACEOUTERBOUND(#4262,.T.);
#4264= IFCFACE((#4263));
#4265= IFCPOLYLOOP((#4251,#4250,#4259,#4255));
#4266= IFCFACEOUTERBOUND(#4265,.T.);
#4267= IFCFACE((#4266));
#4268= IFCCLOSEDSHELL((#4248,#4253,#4257,#4261,#4264,#4267));
#4269= IFCFACETEDBREP(#4268);
#4270= IFCSHAPEREPRESENTATION(#41,'Body','Brep',(#4269));
#4271= IFCCARTESIANPOINT((0.,0.,0.));
#4272= IFCDIRECTION((0.,0.,1.));
#4273= IFCDIRECTION((1.,0.,0.));
#4274= IFCAXIS2PLACEMENT3D(#4271,#4272,#4273);
#4275= IFCREPRESENTATIONMAP(#4274,#4270);
#4276= IFCDIRECTION((0.,-1.,0.));
#4277= IFCDIRECTION((1.,0.,-0.));
#4278= IFCDIRECTION((0.,0.,1.));
#4279= IFCCARTESIANPOINT((10925.853434352135082,-10710.90313826919737,-0.));
#4280= IFCCARTESIANTRANSFORMATIONOPERATOR3D(#4276,#4277,#4279,1.,#4278);
#4281= IFCMAPPEDITEM(#4275,#4280);
#4282= IFCSHAPEREPRESENTATION(#41,'Body','MappedRepresentation',(#4281));
#4283= IFCSHAPEREPRESENTATION(#41,'Body','MappedRepresentation',(#4281));
#4284= IFCSHAPEASPECT((#4282),'Gross material layer',$,.U.,#4288);
#4285= IFCCARTESIANPOINTLIST2D(((0.,0.),(11021.494600326099317,0.)));
#4286= IFCINDEXEDPOLYCURVE(#4285,$,$);
#4287= IFCSHAPEREPRESENTATION(#42,'Axis','Curve2D',(#4286));
#4288= IFCPRODUCTDEFINITIONSHAPE($,$,(#4283,#4287));
#4289= IFCCOLOURRGB($,0.827450980392157,0.827450980392157,0.827450980392157);
#4290= IFCSURFACESTYLESHADING(#4289,$);
#4291= IFCSURFACESTYLE($,.BOTH.,(#4290));
#4292= IFCSTYLEDITEM(#4281,(#4291),$);
#4293= IFCMATERIAL('BWS_\X2\041104350442043E043D\X0\',$,$);
#4294= IFCSTYLEDITEM($,(#4291),$);
#4295= IFCSTYLEDREPRESENTATION(#5,$,$,(#4294));
#4296= IFCMATERIALDEFINITIONREPRESENTATION($,$,(#4295),#4293);
#4297= IFCMATERIALCONSTITUENT('\X2\0421043B043E0439\X0\ 1 - BWS_\X2\041104350442043E043D\X0\: 200,00 \X2\043C043C\X0\',$,#4293,$,$);
#4298= IFCMATERIALCONSTITUENTSET('\X2\041104350442043E043D\X0\',$,(#4297));
#4299= IFCRELASSOCIATESMATERIAL('1D9TrJHnT8Kf6jJ7CdgyZ6',$,$,$,(#4236,#4300,#4354),#4298);
#4300= IFCWALL('1s3j8jCDv8RQ_p__cO$vq_',$,'\X2\042104420435043D0430\X0\: 200,00 \X2\043C043C\X0\',$,$,#4305,#4352,$,.STANDARD.);
#4301= IFCCARTESIANPOINT((-9829.499701631313656,768.888267629005895,0.));
#4302= IFCDIRECTION((0.,-0.,1.));
#4303= IFCDIRECTION((1.,0.,0.));
#4304= IFCAXIS2PLACEMENT3D(#4301,#4302,#4303);
#4305= IFCLOCALPLACEMENT(#51,#4304);
#4306= IFCPOLYLOOP((#4307,#4308,#4309,#4310));
#4307= IFCCARTESIANPOINT((-9829.499701631313656,668.888267629005895,0.));
#4308= IFCCARTESIANPOINT((-4376.655766744115681,668.888267629005895,0.));
#4309= IFCCARTESIANPOINT((-4376.655766744115681,668.888267629005895,3200.));
#4310= IFCCARTESIANPOINT((-9829.499701631313656,668.888267629005895,3200.));
#4311= IFCFACEOUTERBOUND(#4306,.T.);
#4312= IFCFACE((#4311));
#4313= IFCPOLYLOOP((#4307,#4314,#4315,#4308));
#4314= IFCCARTESIANPOINT((-9829.499701631313656,868.888267629005895,0.));
#4315= IFCCARTESIANPOINT((-4376.655766744115681,868.888267629005895,0.));
#4316= IFCFACEOUTERBOUND(#4313,.T.);
#4317= IFCFACE((#4316));
#4318= IFCPOLYLOOP((#4308,#4315,#4319,#4309));
#4319= IFCCARTESIANPOINT((-4376.655766744115681,868.888267629005895,3200.));
#4320= IFCFACEOUTERBOUND(#4318,.T.);
#4321= IFCFACE((#4320));
#4322= IFCPOLYLOOP((#4310,#4309,#4319,#4323));
#4323= IFCCARTESIANPOINT((-9829.499701631313656,868.888267629005895,3200.));
#4324= IFCFACEOUTERBOUND(#4322,.T.);
#4325= IFCFACE((#4324));
#4326= IFCPOLYLOOP((#4314,#4307,#4310,#4323));
#4327= IFCFACEOUTERBOUND(#4326,.T.);
#4328= IFCFACE((#4327));
#4329= IFCPOLYLOOP((#4315,#4314,#4323,#4319));
#4330= IFCFACEOUTERBOUND(#4329,.T.);
#4331= IFCFACE((#4330));
#4332= IFCCLOSEDSHELL((#4312,#4317,#4321,#4325,#4328,#4331));
#4333= IFCFACETEDBREP(#4332);
#4334= IFCSHAPEREPRESENTATION(#41,'Body','Brep',(#4333));
#4335= IFCCARTESIANPOINT((0.,0.,0.));
#4336= IFCDIRECTION((0.,0.,1.));
#4337= IFCDIRECTION((1.,0.,0.));
#4338= IFCAXIS2PLACEMENT3D(#4335,#4336,#4337);
#4339= IFCREPRESENTATIONMAP(#4338,#4334);
#4340= IFCDIRECTION((1.,0.,0.));
#4341= IFCDIRECTION((0.,1.,0.));
#4342= IFCDIRECTION((0.,0.,1.));
#4343= IFCCARTESIANPOINT((9829.499701631313656,-768.888267629005895,-0.));
#4344= IFCCARTESIANTRANSFORMATIONOPERATOR3D(#4340,#4341,#4343,1.,#4342);
#4345= IFCMAPPEDITEM(#4339,#4344);
#4346= IFCSHAPEREPRESENTATION(#41,'Body','MappedRepresentation',(#4345));
#4347= IFCSHAPEREPRESENTATION(#41,'Body','MappedRepresentation',(#4345));
#4348= IFCSHAPEASPECT((#4346),'Gross material layer',$,.U.,#4352);
#4349= IFCCARTESIANPOINTLIST2D(((0.,0.),(5452.843934887197975,0.)));
#4350= IFCINDEXEDPOLYCURVE(#4349,$,$);
#4351= IFCSHAPEREPRESENTATION(#42,'Axis','Curve2D',(#4350));
#4352= IFCPRODUCTDEFINITIONSHAPE($,$,(#4347,#4351));
#4353= IFCSTYLEDITEM(#4345,(#4291),$);
#4354= IFCWALL('2oQzzM3UTCrxTLV3Ow7x8O',$,'\X2\042104420435043D0430\X0\: 200,00 \X2\043C043C\X0\',$,$,#4359,#4414,$,.STANDARD.);
#4355= IFCCARTESIANPOINT((-3855.32044501648943,95.641165973964235,0.));
#4356= IFCDIRECTION((0.,0.,1.));
#4357= IFCDIRECTION((-0.,-1.,0.));
#4358= IFCAXIS2PLACEMENT3D(#4355,#4356,#4357);
#4359= IFCLOCALPLACEMENT(#51,#4358);
#4360= IFCPOLYLOOP((#4361,#4362,#4363,#4364,#4365,#4366,#4367,#4368));
#4361= IFCCARTESIANPOINT((7994.075317957906918,-100.000000000000455,0.));
#4362= IFCCARTESIANPOINT((7994.075317957907828,-100.000000000000455,2100.));
#4363= IFCCARTESIANPOINT((8894.075317957907828,-100.,2100.));
#4364= IFCCARTESIANPOINT((8894.075317957907828,-100.,0.));
#4365= IFCCARTESIANPOINT((11055.79501466664442,-100.,0.));
#4366= IFCCARTESIANPOINT((11055.79501466664442,-100.,3200.));
#4367= IFCCARTESIANPOINT((0.,-100.,3200.));
#4368= IFCCARTESIANPOINT((0.,-100.,0.));
#4369= IFCFACEOUTERBOUND(#4360,.T.);
#4370= IFCFACE((#4369));
#4371= IFCPOLYLOOP((#4362,#4361,#4372,#4373));
#4372= IFCCARTESIANPOINT((7994.075317957907828,99.999999999999545,0.));
#4373= IFCCARTESIANPOINT((7994.075317957907828,99.999999999999545,2100.));
#4374= IFCFACEOUTERBOUND(#4371,.T.);
#4375= IFCFACE((#4374));
#4376= IFCPOLYLOOP((#4363,#4362,#4373,#4377));
#4377= IFCCARTESIANPOINT((8894.075317957907828,100.,2100.));
#4378= IFCFACEOUTERBOUND(#4376,.T.);
#4379= IFCFACE((#4378));
#4380= IFCPOLYLOOP((#4364,#4363,#4377,#4381));
#4381= IFCCARTESIANPOINT((8894.075317957907828,100.,0.));
#4382= IFCFACEOUTERBOUND(#4380,.T.);
#4383= IFCFACE((#4382));
#4384= IFCPOLYLOOP((#4364,#4381,#4385,#4365));
#4385= IFCCARTESIANPOINT((11055.79501466664442,100.,0.));
#4386= IFCFACEOUTERBOUND(#4384,.T.);
#4387= IFCFACE((#4386));
#4388= IFCPOLYLOOP((#4365,#4385,#4389,#4366));
#4389= IFCCARTESIANPOINT((11055.79501466664442,100.,3200.));
#4390= IFCFACEOUTERBOUND(#4388,.T.);
#4391= IFCFACE((#4390));
#4392= IFCPOLYLOOP((#4367,#4366,#4389,#4393));
#4393= IFCCARTESIANPOINT((0.000000000000028,100.,3200.));
#4394= IFCFACEOUTERBOUND(#4392,.T.);
#4395= IFCFACE((#4394));
#4396= IFCPOLYLOOP((#4397,#4368,#4367,#4393));
#4397= IFCCARTESIANPOINT((0.000000000000028,100.,0.));
#4398= IFCFACEOUTERBOUND(#4396,.T.);
#4399= IFCFACE((#4398));
#4400= IFCPOLYLOOP((#4372,#4361,#4368,#4397));
#4401= IFCFACEOUTERBOUND(#4400,.T.);
#4402= IFCFACE((#4401));
#4403= IFCPOLYLOOP((#4373,#4372,#4397,#4393,#4389,#4385,#4381,#4377));
#4404= IFCFACEOUTERBOUND(#4403,.T.);
#4405= IFCFACE((#4404));
#4406= IFCCLOSEDSHELL((#4370,#4375,#4379,#4383,#4387,#4391,#4395,#4399,#4402,#4405));
#4407= IFCFACETEDBREP(#4406);
#4408= IFCSHAPEREPRESENTATION(#41,'Body','Brep',(#4407));
#4409= IFCSHAPEREPRESENTATION(#41,'Body','Brep',(#4407));
#4410= IFCSHAPEASPECT((#4408),'\X2\0421043B043E0439\X0\ 1 - BWS_\X2\041104350442043E043D\X0\: 200,00 \X2\043C043C\X0\',$,.U.,#4414);
#4411= IFCCARTESIANPOINTLIST2D(((0.,0.),(11055.79501466664442,0.)));
#4412= IFCINDEXEDPOLYCURVE(#4411,$,$);
#4413= IFCSHAPEREPRESENTATION(#42,'Axis','Curve2D',(#4412));
#4414= IFCPRODUCTDEFINITIONSHAPE($,$,(#4409,#4413));
#4415= IFCRELCONNECTSPATHELEMENTS('1o5LraWhb9DxeTosDFILVK',$,$,$,$,#2144,#2164,(),(),.ATSTART.,.ATEND.);
#4416= IFCRELCONNECTSPATHELEMENTS('3UUxWHTgvEkQ8N4yX5EW$e',$,$,$,$,#2070,#2090,(),(),.ATSTART.,.ATEND.);
#4417= IFCRELCONNECTSPATHELEMENTS('0L2Fg7lXn9YQodFXxFUrWc',$,$,$,$,#2164,#2184,(),(),.ATSTART.,.ATEND.);
#4418= IFCRELCONNECTSPATHELEMENTS('2cIqAvwnT7EQah_v009_Qz',$,$,$,$,#2018,#2070,(),(),.ATSTART.,.ATEND.);
#4419= IFCRELCONNECTSPATHELEMENTS('30sytJkrv3q9fqbnRBSJsw',$,$,$,$,#1008,#2204,(),(),.ATPATH.,.ATSTART.);
#4420= IFCRELCONNECTSPATHELEMENTS('03Cg4OFfvCfBuWIwYdeS9H',$,$,$,$,#2204,#2476,(),(),.ATEND.,.ATPATH.);
#4421= IFCRELCONNECTSPATHELEMENTS('0ePMWoCAz0R8VaKr3UBfFe',$,$,$,$,#2184,#2204,(),(),.ATSTART.,.ATEND.);
#4422= IFCRELCONNECTSPATHELEMENTS('05aWFmwbf1lPtx61S3F6Mp',$,$,$,$,#2184,#2476,(),(),.ATPATH.,.ATEND.);
#4423= IFCRELCONNECTSPATHELEMENTS('17cbUvD6120Oa$OpGetKI_',$,$,$,$,#2204,#2476,(),(),.ATPATH.,.ATSTART.);
#4424= IFCRELCONNECTSPATHELEMENTS('3m684TqrX4zv_mFtmyQlaP',$,$,$,$,#1966,#2018,(),(),.ATSTART.,.ATEND.);
#4425= IFCRELCONNECTSPATHELEMENTS('2zR$2siMDF_wQt9CLof0zj',$,$,$,$,#1914,#1966,(),(),.ATSTART.,.ATEND.);
#4426= IFCRELCONNECTSPATHELEMENTS('1HsMQwB4L69O4fTnTFsajo',$,$,$,$,#2391,#2476,(),(),.ATSTART.,.ATEND.);
#4427= IFCRELCONNECTSPATHELEMENTS('1F$rwBJ1n3QewlsjWA8Pn1',$,$,$,$,#54,#525,(),(),.ATEND.,.ATSTART.);
#4428= IFCRELCONNECTSPATHELEMENTS('04CwOj$JfEgu7QSZy6VUdf',$,$,$,$,#525,#634,(),(),.ATEND.,.ATPATH.);
#4429= IFCRELCONNECTSPATHELEMENTS('02dhJAE1j5LgF1X_ztXe66',$,$,$,$,#525,#814,(),(),.ATEND.,.ATPATH.);
#4430= IFCRELCONNECTSPATHELEMENTS('1vJtbzNmP1Yu__MeMPHBbX',$,$,$,$,#440,#525,(),(),.ATSTART.,.ATEND.);
#4431= IFCRELCONNECTSPATHELEMENTS('1nPH6LCRXBb8ggEIpkfU0N',$,$,$,$,#3825,#3886,(),(),.ATSTART.,.ATEND.);
#4432= IFCRELCONNECTSPATHELEMENTS('3_WzU9m09FcOntDc3Qq7Zl',$,$,$,$,#3886,#4173,(),(),.ATEND.,.ATEND.);
#4433= IFCRELCONNECTSPATHELEMENTS('26tK251An7TO2WMsB0HIqn',$,$,$,$,#3584,#3638,(),(),.ATSTART.,.ATEND.);
#4434= IFCRELCONNECTSPATHELEMENTS('3DtjTOmpPCUAid0yy5bobk',$,$,$,$,#814,#3638,(),(),.ATEND.,.ATPATH.);
#4435= IFCRELCONNECTSPATHELEMENTS('0S256yMab3UwJkFyt0oprN',$,$,$,$,#814,#3691,(),(),.ATSTART.,.ATPATH.);
#4436= IFCRELCONNECTSPATHELEMENTS('3gl7gwQnT0tQcN9teILtgi',$,$,$,$,#3638,#3691,(),(),.ATSTART.,.ATEND.);
#4437= IFCRELCONNECTSPATHELEMENTS('3YiNRFQZf8OAlSo5TGFCQc',$,$,$,$,#2692,#2875,(),(),.ATEND.,.ATSTART.);
#4438= IFCRELCONNECTSPATHELEMENTS('1$7g1o3x53zBuTs8B7pvYK',$,$,$,$,#2692,#2760,(),(),.ATSTART.,.ATEND.);
#4439= IFCRELCONNECTSPATHELEMENTS('3JwxyLSVr6$gDRZkyaC6va',$,$,$,$,#3584,#3711,(),(),.ATEND.,.ATSTART.);
#4440= IFCRELCONNECTSPATHELEMENTS('2zNXLx3cX6cBCDw7CmpdzH',$,$,$,$,#814,#3691,(),(),.ATEND.,.ATPATH.);
#4441= IFCRELCONNECTSPATHELEMENTS('0Kerb7s3j6kRCYSvllsciz',$,$,$,$,#814,#3711,(),(),.ATSTART.,.ATPATH.);
#4442= IFCRELCONNECTSPATHELEMENTS('2uIqOE4DD2Y8$LLXGYCGwY',$,$,$,$,#3691,#3711,(),(),.ATSTART.,.ATEND.);
#4443= IFCRELCONNECTSPATHELEMENTS('2XsRvt$0PC1QrnLmGzRuyI',$,$,$,$,#888,#3478,(),(),.ATEND.,.ATSTART.);
#4444= IFCRELCONNECTSPATHELEMENTS('1Sj_gt$M90xPkeXn6Fna7x',$,$,$,$,#3478,#3531,(),(),.ATSTART.,.ATEND.);
#4445= IFCRELCONNECTSPATHELEMENTS('2QkiFohNDEeOrwxsa5IOKw',$,$,$,$,#814,#888,(),(),.ATEND.,.ATPATH.);
#4446= IFCRELCONNECTSPATHELEMENTS('2GJstZ5lT6XulvsxsfOgw4',$,$,$,$,#814,#3346,(),(),.ATSTART.,.ATPATH.);
#4447= IFCRELCONNECTSPATHELEMENTS('2b7Zl93hr94hE6PnhdSpBq',$,$,$,$,#814,#3531,(),(),.ATEND.,.ATPATH.);
#4448= IFCRELCONNECTSPATHELEMENTS('0lrZw9WR5129k7Jdsj3zBp',$,$,$,$,#888,#3346,(),(),.ATSTART.,.ATEND.);
#4449= IFCRELCONNECTSPATHELEMENTS('2Mi2I1w5b6LQSW6PdXfzJJ',$,$,$,$,#814,#3346,(),(),.ATPATH.,.ATSTART.);
#4450= IFCRELCONNECTSPATHELEMENTS('0azMORO7PDWvQkpLQdPw1v',$,$,$,$,#2821,#2875,(),(),.ATSTART.,.ATEND.);
#4451= IFCRELCONNECTSPATHELEMENTS('1U8Np8L9XBA82co4xqR_7o',$,$,$,$,#2760,#2821,(),(),.ATSTART.,.ATEND.);
#4452= IFCRELCONNECTSPATHELEMENTS('3N5YHPwd9DIOFu_VmaUPQR',$,$,$,$,#3764,#3825,(),(),.ATSTART.,.ATEND.);
#4453= IFCRELCONNECTSPATHELEMENTS('3V6kH9_tv9kfY36BmwcmGV',$,$,$,$,#3764,#4173,(),(),.ATSTART.,.ATSTART.);
#4454= IFCRELCONNECTSPATHELEMENTS('1i1CZn13L1sO7uQ9j0lTXZ',$,$,$,$,#54,#130,(),(),.ATSTART.,.ATEND.);
#4455= IFCRELCONNECTSPATHELEMENTS('0ySn4ZhdbDMu4KH9DbAqLA',$,$,$,$,#130,#184,(),(),.ATSTART.,.ATEND.);
#4456= IFCRELCONNECTSPATHELEMENTS('2fBYSGVcv08O1VNke2WcQK',$,$,$,$,#130,#245,(),(),.ATSTART.,.ATEND.);
#4457= IFCRELCONNECTSPATHELEMENTS('0hmt6ikh12Wx1klr4$D661',$,$,$,$,#184,#245,(),(),.ATSTART.,.ATSTART.);
#4458= IFCRELCONNECTSPATHELEMENTS('24gYCXqrPCBxbpjxD6U4_b',$,$,$,$,#634,#245,(),(),.ATEND.,.ATPATH.);
#4459= IFCRELCONNECTSPATHELEMENTS('35s6yOS1TBOhqc6ZLy1j5t',$,$,$,$,#699,#760,(),(),.ATSTART.,.ATEND.);
#4460= IFCRELCONNECTSPATHELEMENTS('0ASbtLfob6ROFzE_yZBZZm',$,$,$,$,#440,#760,(),(),.ATEND.,.ATPATH.);
#4461= IFCRELCONNECTSPATHELEMENTS('0GZcNPhWjB0PrdcB7pGef3',$,$,$,$,#3047,#3101,(),(),.ATSTART.,.ATEND.);
#4462= IFCRELCONNECTSPATHELEMENTS('3eQb3NxqH5yOsl1HezZMUo',$,$,$,$,#2985,#3047,(),(),.ATSTART.,.ATEND.);
#4463= IFCRELCONNECTSPATHELEMENTS('0TihkK1I17i8vCaON2bCtk',$,$,$,$,#4055,#4116,(),(),.ATSTART.,.ATEND.);
#4464= IFCRELCONNECTSPATHELEMENTS('0JNZ$RVWnBaP_vGPHq6CWr',$,$,$,$,#3940,#4116,(),(),.ATEND.,.ATSTART.);
#4465= IFCRELCONNECTSPATHELEMENTS('2314SP2hzEmwUqPvrHl5tv',$,$,$,$,#1008,#1072,(),(),.ATSTART.,.ATEND.);
#4466= IFCRELCONNECTSPATHELEMENTS('1P8JuD1sTBnPpWAhCHEDcf',$,$,$,$,#1072,#1124,(),(),.ATSTART.,.ATEND.);
#4467= IFCRELCONNECTSPATHELEMENTS('1PON_VT_H1Jv0E0RDvUOyU',$,$,$,$,#2581,#2631,(),(),.ATSTART.,.ATEND.);
#4468= IFCRELCONNECTSPATHELEMENTS('1v9xoCbkHDTxWQBXivv6i_',$,$,$,$,#2928,#2985,(),(),.ATSTART.,.ATEND.);
#4469= IFCRELCONNECTSPATHELEMENTS('3bEFwhzZH5s8vHxo8uodSN',$,$,$,$,#2928,#3101,(),(),.ATEND.,.ATSTART.);
#4470= IFCRELCONNECTSPATHELEMENTS('3aP514AQb4JwfPy3NOs0DW',$,$,$,$,#699,#951,(),(),.ATSTART.,.ATPATH.);
#4471= IFCRELCONNECTSPATHELEMENTS('1w0d7EU$n44QJ1cObnC0ic',$,$,$,$,#951,#3163,(),(),.ATEND.,.ATPATH.);
#4472= IFCRELCONNECTSPATHELEMENTS('2W$HN2YODCegXLDNMYe6uV',$,$,$,$,#951,#3217,(),(),.ATSTART.,.ATPATH.);
#4473= IFCRELCONNECTSPATHELEMENTS('3GSOENRSXB2wOHTEvAozU5',$,$,$,$,#3163,#3217,(),(),.ATSTART.,.ATEND.);
#4474= IFCRELCONNECTSPATHELEMENTS('3QkMOfu_v1BgmYypCp_Yrn',$,$,$,$,#951,#3217,(),(),.ATEND.,.ATPATH.);
#4475= IFCRELCONNECTSPATHELEMENTS('2QJfZZhnHADhBkzd$hcOvt',$,$,$,$,#951,#3269,(),(),.ATSTART.,.ATPATH.);
#4476= IFCRELCONNECTSPATHELEMENTS('1Wx7Wz8$j1DhY6Bkd4X5y8',$,$,$,$,#3217,#3269,(),(),.ATSTART.,.ATEND.);
#4477= IFCRELCONNECTSPATHELEMENTS('0Q2N3fqSr0Fxq4TcI5oc1M',$,$,$,$,#440,#951,(),(),.ATEND.,.ATPATH.);
#4478= IFCRELCONNECTSPATHELEMENTS('3iZLqNlDvAvwtRbiKmrhuH',$,$,$,$,#3994,#4055,(),(),.ATSTART.,.ATEND.);
#4479= IFCRELCONNECTSPATHELEMENTS('3PeqUVrrj56PxX8GKlDTGt',$,$,$,$,#3940,#3994,(),(),.ATSTART.,.ATEND.);
#4480= IFCRELCONNECTSPATHELEMENTS('2wOD03BfH2zeSnjiLQe424',$,$,$,$,#3423,#3478,(),(),.ATSTART.,.ATEND.);
#4481= IFCRELCONNECTSPATHELEMENTS('17rvmOas1DM9XzF0Y3fF_r',$,$,$,$,#3346,#3423,(),(),.ATSTART.,.ATEND.);
#4482= IFCRELCONNECTSPATHELEMENTS('2gqtkA23T2VBR9lQmdbiTl',$,$,$,$,#3163,#3289,(),(),.ATEND.,.ATSTART.);
#4483= IFCRELCONNECTSPATHELEMENTS('2jElpzjcb3w95EhqYQIhxj',$,$,$,$,#3269,#3289,(),(),.ATSTART.,.ATEND.);
#4484= IFCRELCONNECTSPATHELEMENTS('2LiSLbhGTCq8E1pv8FMXR6',$,$,$,$,#184,#311,(),(),.ATSTART.,.ATEND.);
#4485= IFCRELCONNECTSPATHELEMENTS('3SbM9hfG52c9wgfxtgeo5K',$,$,$,$,#311,#634,(),(),.ATSTART.,.ATPATH.);
#4486= IFCRELCONNECTSPATHELEMENTS('2YxItRF755G8vgPsYwBQ6Z',$,$,$,$,#311,#699,(),(),.ATSTART.,.ATPATH.);
#4487= IFCRELCONNECTSPATHELEMENTS('11HJLHE9f60u5i1fyAxvg1',$,$,$,$,#311,#440,(),(),.ATSTART.,.ATEND.);
#4488= IFCRELCONNECTSPATHELEMENTS('0H_oW48i5288bUJzfFYRVe',$,$,$,$,#1228,#1280,(),(),.ATSTART.,.ATEND.);
#4489= IFCRELCONNECTSPATHELEMENTS('2sRM6VBVP6pBrOvw79euZ_',$,$,$,$,#1176,#1228,(),(),.ATSTART.,.ATEND.);
#4490= IFCRELCONNECTSPATHELEMENTS('2OstjmVpP6bvkduSzxZQSD',$,$,$,$,#1124,#1176,(),(),.ATSTART.,.ATEND.);
#4491= IFCRELCONNECTSPATHELEMENTS('1rX4TBfb97WfV07WPwzgTk',$,$,$,$,#2258,#2631,(),(),.ATEND.,.ATSTART.);
#4492= IFCRELCONNECTSPATHELEMENTS('2GqD2lns9CXwg$GmAGQR1D',$,$,$,$,#1540,#1592,(),(),.ATSTART.,.ATEND.);
#4493= IFCRELCONNECTSPATHELEMENTS('2CgBe1XHv2c8VSzSUlHzVE',$,$,$,$,#1592,#1644,(),(),.ATSTART.,.ATEND.);
#4494= IFCRELCONNECTSPATHELEMENTS('253qxgSrP78fo_7ZRQMiX3',$,$,$,$,#1840,#1860,(),(),.ATSTART.,.ATEND.);
#4495= IFCRELCONNECTSPATHELEMENTS('2HdCQ0puXEm8$p3VRFGEBd',$,$,$,$,#1860,#1914,(),(),.ATSTART.,.ATEND.);
#4496= IFCRELCONNECTSPATHELEMENTS('0Dr3Kh48HF0fc5xoWZC7PM',$,$,$,$,#2258,#2391,(),(),.ATSTART.,.ATEND.);
#4497= IFCRELCONNECTSPATHELEMENTS('0YMNSYaNr71O05V5T43FD6',$,$,$,$,#1644,#1696,(),(),.ATSTART.,.ATEND.);
#4498= IFCRELCONNECTSPATHELEMENTS('0_0XyUZtj2axcF0zzrOkeq',$,$,$,$,#1820,#1840,(),(),.ATSTART.,.ATEND.);
#4499= IFCRELCONNECTSPATHELEMENTS('3yZsG3mqTFWuUaZiQRq5cZ',$,$,$,$,#1696,#1748,(),(),.ATSTART.,.ATEND.);
#4500= IFCRELCONNECTSPATHELEMENTS('3HDPerGSD0lx_TNH1ZqiF3',$,$,$,$,#1800,#1820,(),(),.ATSTART.,.ATEND.);
#4501= IFCRELCONNECTSPATHELEMENTS('0Dv9Dv0GjCuBG61Xa2y_aP',$,$,$,$,#1386,#1438,(),(),.ATSTART.,.ATEND.);
#4502= IFCRELCONNECTSPATHELEMENTS('31uhVR7zj24eyTkVucoDue',$,$,$,$,#1332,#1386,(),(),.ATSTART.,.ATEND.);
#4503= IFCRELCONNECTSPATHELEMENTS('1bt7YBJf16_8mvsgHXDUfB',$,$,$,$,#1332,#1490,(),(),.ATSTART.,.ATSTART.);
#4504= IFCRELCONNECTSPATHELEMENTS('3aTSdEpnz1guMjkH_a6H1s',$,$,$,$,#1490,#1540,(),(),.ATSTART.,.ATEND.);
#4505= IFCCARTESIANPOINT((450.,1050.));
#4506= IFCDIRECTION((1.,0.));
#4507= IFCAXIS2PLACEMENT2D(#4505,#4506);
#4508= IFCRECTANGLEPROFILEDEF(.AREA.,$,#4507,900.,2100.);
#4509= IFCCARTESIANPOINT((0.,0.,0.));
#4510= IFCDIRECTION((0.,-1.,0.));
#4511= IFCDIRECTION((1.,0.,0.));
#4512= IFCAXIS2PLACEMENT3D(#4509,#4510,#4511);
#4513= IFCDIRECTION((0.,0.,-1.));
#4514= IFCEXTRUDEDAREASOLID(#4508,#4512,#4513,480.);
#4515= IFCSHAPEREPRESENTATION(#44,'Reference','SweptSolid',(#4514));
#4516= IFCPRODUCTDEFINITIONSHAPE($,$,(#4515));
#4517= IFCCARTESIANPOINT((4004.406754598530824,-240.,200.));
#4518= IFCDIRECTION((-0.,0.,1.));
#4519= IFCDIRECTION((1.,-0.,0.));
#4520= IFCAXIS2PLACEMENT3D(#4517,#4518,#4519);
#4521= IFCLOCALPLACEMENT(#530,#4520);
#4522= IFCRELVOIDSELEMENT('3ej8XyZzP3ZxZErSfoEpp1',$,$,$,#525,#4523);
#4523= IFCOPENINGELEMENT('3zrr$7nCPsJgIRfF$xkPTo',$,'\X2\0414043204350440044C\X0\ - \X2\041E0434043D043E043F043E043B044C043D0430044F\X0\ \X2\044004300441043F04300448043D0430044F\X0\ (\X2\0433043B04430445043E0435\X0\ \X2\0441043204350442043B043E0435\X0\): 900,00 \X2\043C043C\X0\ x 2\X2\00A0\X0\100,00 \X2\043C043C\X0\',$,$,#4521,#4516,$,.OPENING.);
#4524= IFCDOOR('14nOTV9jX0nAS$KB$x6WP$',$,'\X2\0414043204350440044C\X0\ - \X2\041E0434043D043E043F043E043B044C043D0430044F\X0\ \X2\044004300441043F04300448043D0430044F\X0\ (\X2\0433043B04430445043E0435\X0\ \X2\0441043204350442043B043E0435\X0\): 900,00 \X2\043C043C\X0\ x 2\X2\00A0\X0\100,00 \X2\043C043C\X0\',$,$,#4693,#4688,$,2100.,900.,$,$,$);
#4525= IFCPOLYLOOP((#4526,#4527,#4528,#4529,#4530,#4531,#4532,#4533));
#4526= IFCCARTESIANPOINT((-249.99999999998056,8230.59324540144371,0.));
#4527= IFCCARTESIANPOINT((-249.99999999998056,8160.59324540144371,0.));
#4528= IFCCARTESIANPOINT((-249.99999999998056,8160.59324540144371,2065.));
#4529= IFCCARTESIANPOINT((-249.999999999980588,7330.59324540144371,2065.));
#4530= IFCCARTESIANPOINT((-249.999999999980588,7330.59324540144371,0.));
#4531= IFCCARTESIANPOINT((-249.999999999980588,7260.59324540144371,0.));
#4532= IFCCARTESIANPOINT((-249.999999999980588,7260.59324540144371,2135.));
#4533= IFCCARTESIANPOINT((-249.99999999998056,8230.59324540144371,2135.));
#4534= IFCFACEOUTERBOUND(#4525,.T.);
#4535= IFCFACE((#4534));
#4536= IFCPOLYLOOP((#4537,#4538,#4527,#4526));
#4537= IFCCARTESIANPOINT((-239.99999999998056,8230.59324540144371,0.));
#4538= IFCCARTESIANPOINT((-239.99999999998056,8160.59324540144371,0.));
#4539= IFCFACEOUTERBOUND(#4536,.T.);
#4540= IFCFACE((#4539));
#4541= IFCPOLYLOOP((#4538,#4542,#4528,#4527));
#4542= IFCCARTESIANPOINT((-239.99999999998056,8160.59324540144371,2065.));
#4543= IFCFACEOUTERBOUND(#4541,.T.);
#4544= IFCFACE((#4543));
#4545= IFCPOLYLOOP((#4542,#4546,#4529,#4528));
#4546= IFCCARTESIANPOINT((-239.999999999980588,7330.59324540144371,2065.));
#4547= IFCFACEOUTERBOUND(#4545,.T.);
#4548= IFCFACE((#4547));
#4549= IFCPOLYLOOP((#4546,#4550,#4530,#4529));
#4550= IFCCARTESIANPOINT((-239.999999999980588,7330.59324540144371,0.));
#4551= IFCFACEOUTERBOUND(#4549,.T.);
#4552= IFCFACE((#4551));
#4553= IFCPOLYLOOP((#4550,#4554,#4531,#4530));
#4554= IFCCARTESIANPOINT((-239.999999999980588,7260.59324540144371,0.));
#4555= IFCFACEOUTERBOUND(#4553,.T.);
#4556= IFCFACE((#4555));
#4557= IFCPOLYLOOP((#4554,#4558,#4532,#4531));
#4558= IFCCARTESIANPOINT((-239.999999999980588,7260.59324540144371,2135.));
#4559= IFCFACEOUTERBOUND(#4557,.T.);
#4560= IFCFACE((#4559));
#4561= IFCPOLYLOOP((#4558,#4562,#4533,#4532));
#4562= IFCCARTESIANPOINT((-239.99999999998056,8230.59324540144371,2135.));
#4563= IFCFACEOUTERBOUND(#4561,.T.);
#4564= IFCFACE((#4563));
#4565= IFCPOLYLOOP((#4562,#4537,#4526,#4533));
#4566= IFCFACEOUTERBOUND(#4565,.T.);
#4567= IFCFACE((#4566));
#4568= IFCPOLYLOOP((#4537,#4562,#4558,#4554,#4550,#4546,#4542,#4538));
#4569= IFCFACEOUTERBOUND(#4568,.T.);
#4570= IFCFACE((#4569));
#4571= IFCCLOSEDSHELL((#4535,#4540,#4544,#4548,#4552,#4556,#4560,#4564,#4567,#4570));
#4572= IFCFACETEDBREP(#4571);
#4573= IFCSHAPEREPRESENTATION(#41,'Body','Brep',(#4572));
#4574= IFCCARTESIANPOINT((0.,0.,0.));
#4575= IFCDIRECTION((0.,0.,1.));
#4576= IFCDIRECTION((1.,0.,0.));
#4577= IFCAXIS2PLACEMENT3D(#4574,#4575,#4576);
#4578= IFCREPRESENTATIONMAP(#4577,#4573);
#4579= IFCDIRECTION((0.,-1.,0.));
#4580= IFCDIRECTION((1.,0.,-0.));
#4581= IFCDIRECTION((0.,0.,1.));
#4582= IFCCARTESIANPOINT((-7295.5932454014428,240.000000000018929,-0.));
#4583= IFCCARTESIANTRANSFORMATIONOPERATOR3D(#4579,#4580,#4582,1.,#4581);
#4584= IFCMAPPEDITEM(#4578,#4583);
#4585= IFCSHAPEREPRESENTATION(#41,'Body','MappedRepresentation',(#4584));
#4586= IFCPOLYLOOP((#4538,#4550,#4546,#4542));
#4587= IFCFACEOUTERBOUND(#4586,.T.);
#4588= IFCFACE((#4587));
#4589= IFCPOLYLOOP((#4590,#4591,#4550,#4538));
#4590= IFCCARTESIANPOINT((-189.99999999998056,8160.59324540144371,0.));
#4591= IFCCARTESIANPOINT((-189.999999999980588,7330.59324540144371,0.));
#4592= IFCFACEOUTERBOUND(#4589,.T.);
#4593= IFCFACE((#4592));
#4594= IFCPOLYLOOP((#4591,#4595,#4546,#4550));
#4595= IFCCARTESIANPOINT((-189.999999999980588,7330.59324540144371,2065.));
#4596= IFCFACEOUTERBOUND(#4594,.T.);
#4597= IFCFACE((#4596));
#4598= IFCPOLYLOOP((#4595,#4599,#4542,#4546));
#4599= IFCCARTESIANPOINT((-189.99999999998056,8160.59324540144371,2065.));
#4600= IFCFACEOUTERBOUND(#4598,.T.);
#4601= IFCFACE((#4600));
#4602= IFCPOLYLOOP((#4599,#4590,#4538,#4542));
#4603= IFCFACEOUTERBOUND(#4602,.T.);
#4604= IFCFACE((#4603));
#4605= IFCPOLYLOOP((#4590,#4599,#4595,#4591));
#4606= IFCFACEOUTERBOUND(#4605,.T.);
#4607= IFCFACE((#4606));
#4608= IFCCLOSEDSHELL((#4588,#4593,#4597,#4601,#4604,#4607));
#4609= IFCFACETEDBREP(#4608);
#4610= IFCSHAPEREPRESENTATION(#41,'Body','Brep',(#4609));
#4611= IFCCARTESIANPOINT((0.,0.,0.));
#4612= IFCDIRECTION((0.,0.,1.));
#4613= IFCDIRECTION((1.,0.,0.));
#4614= IFCAXIS2PLACEMENT3D(#4611,#4612,#4613);
#4615= IFCREPRESENTATIONMAP(#4614,#4610);
#4616= IFCDIRECTION((0.,-1.,0.));
#4617= IFCDIRECTION((1.,0.,-0.));
#4618= IFCDIRECTION((0.,0.,1.));
#4619= IFCCARTESIANPOINT((-7295.5932454014428,240.000000000018929,-0.));
#4620= IFCCARTESIANTRANSFORMATIONOPERATOR3D(#4616,#4617,#4619,1.,#4618);
#4621= IFCMAPPEDITEM(#4615,#4620);
#4622= IFCSHAPEREPRESENTATION(#41,'Body','MappedRepresentation',(#4621));
#4623= IFCPOLYLOOP((#4624,#4538,#4542,#4546,#4550,#4625,#4626,#4627));
#4624= IFCCARTESIANPOINT((-239.99999999998056,8195.59324540144371,0.));
#4625= IFCCARTESIANPOINT((-239.999999999980588,7295.59324540144371,0.));
#4626= IFCCARTESIANPOINT((-239.999999999980588,7295.59324540144371,2100.));
#4627= IFCCARTESIANPOINT((-239.99999999998056,8195.59324540144371,2100.));
#4628= IFCFACEOUTERBOUND(#4623,.T.);
#4629= IFCFACE((#4628));
#4630= IFCPOLYLOOP((#4631,#4632,#4538,#4624));
#4631= IFCCARTESIANPOINT((-164.99999999998056,8195.59324540144371,0.));
#4632= IFCCARTESIANPOINT((-164.99999999998056,8160.59324540144371,0.));
#4633= IFCFACEOUTERBOUND(#4630,.T.);
#4634= IFCFACE((#4633));
#4635= IFCPOLYLOOP((#4632,#4636,#4542,#4538));
#4636= IFCCARTESIANPOINT((-164.99999999998056,8160.59324540144371,2065.));
#4637= IFCFACEOUTERBOUND(#4635,.T.);
#4638= IFCFACE((#4637));
#4639= IFCPOLYLOOP((#4636,#4640,#4546,#4542));
#4640= IFCCARTESIANPOINT((-164.999999999980616,7330.59324540144371,2065.));
#4641= IFCFACEOUTERBOUND(#4639,.T.);
#4642= IFCFACE((#4641));
#4643= IFCPOLYLOOP((#4640,#4644,#4550,#4546));
#4644= IFCCARTESIANPOINT((-164.999999999980616,7330.59324540144371,0.));
#4645= IFCFACEOUTERBOUND(#4643,.T.);
#4646= IFCFACE((#4645));
#4647= IFCPOLYLOOP((#4644,#4648,#4625,#4550));
#4648= IFCCARTESIANPOINT((-164.999999999980616,7295.59324540144371,0.));
#4649= IFCFACEOUTERBOUND(#4647,.T.);
#4650= IFCFACE((#4649));
#4651= IFCPOLYLOOP((#4648,#4652,#4626,#4625));
#4652= IFCCARTESIANPOINT((-164.999999999980616,7295.59324540144371,2100.));
#4653= IFCFACEOUTERBOUND(#4651,.T.);
#4654= IFCFACE((#4653));
#4655= IFCPOLYLOOP((#4652,#4656,#4627,#4626));
#4656= IFCCARTESIANPOINT((-164.99999999998056,8195.59324540144371,2100.));
#4657= IFCFACEOUTERBOUND(#4655,.T.);
#4658= IFCFACE((#4657));
#4659= IFCPOLYLOOP((#4656,#4631,#4624,#4627));
#4660= IFCFACEOUTERBOUND(#4659,.T.);
#4661= IFCFACE((#4660));
#4662= IFCPOLYLOOP((#4631,#4656,#4652,#4648,#4644,#4640,#4636,#4632));
#4663= IFCFACEOUTERBOUND(#4662,.T.);
#4664= IFCFACE((#4663));
#4665= IFCCLOSEDSHELL((#4629,#4634,#4638,#4642,#4646,#4650,#4654,#4658,#4661,#4664));
#4666= IFCFACETEDBREP(#4665);
#4667= IFCSHAPEREPRESENTATION(#41,'Body','Brep',(#4666));
#4668= IFCCARTESIANPOINT((0.,0.,0.));
#4669= IFCDIRECTION((0.,0.,1.));
#4670= IFCDIRECTION((1.,0.,0.));
#4671= IFCAXIS2PLACEMENT3D(#4668,#4669,#4670);
#4672= IFCREPRESENTATIONMAP(#4671,#4667);
#4673= IFCDIRECTION((0.,-1.,0.));
#4674= IFCDIRECTION((1.,0.,-0.));
#4675= IFCDIRECTION((0.,0.,1.));
#4676= IFCCARTESIANPOINT((-7295.5932454014428,240.000000000018929,-0.));
#4677= IFCCARTESIANTRANSFORMATIONOPERATOR3D(#4673,#4674,#4676,1.,#4675);
#4678= IFCMAPPEDITEM(#4672,#4677);
#4679= IFCSHAPEREPRESENTATION(#41,'Body','MappedRepresentation',(#4678));
#4680= IFCSHAPEREPRESENTATION(#41,'Body','MappedRepresentation',(#4584,#4621,#4678));
#4681= IFCSHAPEASPECT((#4585),'Casing',$,.U.,#4688);
#4682= IFCSHAPEASPECT((#4622),'Framing',$,.U.,#4688);
#4683= IFCSHAPEASPECT((#4679),'Lining',$,.U.,#4688);
#4684= IFCCARTESIANPOINTLIST2D(((900.000000000000909,0.),(0.,0.)));
#4685= IFCINDEXEDPOLYCURVE(#4684,(IFCLINEINDEX((1,2))),$);
#4686= IFCGEOMETRICCURVESET((#4685));
#4687= IFCSHAPEREPRESENTATION(#43,'FootPrint','GeometricCurveSet',(#4686));
#4688= IFCPRODUCTDEFINITIONSHAPE($,$,(#4680,#4687));
#4689= IFCCARTESIANPOINT((900.000000000000909,480.,0.));
#4690= IFCDIRECTION((0.,0.,1.));
#4691= IFCDIRECTION((-1.,0.,0.));
#4692= IFCAXIS2PLACEMENT3D(#4689,#4690,#4691);
#4693= IFCLOCALPLACEMENT(#4521,#4692);
#4694= IFCRELFILLSELEMENT('0OYwti7Nn2wAUwKRwEqZmY',$,$,$,#4523,#4524);
#4695= IFCDOORPANELPROPERTIES('06Jt28e1X5DfgcVmXwB74B',$,'\X2\042004300441043F04300448043D043E0435\X0\',$,50.,.SWINGING.,1.,.RIGHT.,$);
#4696= IFCDOORLININGPROPERTIES('2uCN3155n1jOvfb6_8yor_',$,'Door Lining Properties',$,75.,35.,$,$,$,$,405.,$,$,$,$,$,$);
#4697= IFCDOORTYPE('2UvqMCF4zaIOT4YpR6jKi6',$,'\X2\041E0434043D043E043F043E043B044C043D0430044F\X0\ \X2\044004300441043F04300448043D0430044F\X0\ (\X2\0433043B04430445043E0435\X0\ \X2\0441043204350442043B043E0435\X0\)',$,$,(#4696,#4695,#12918),$,$,$,.DOOR.,.SINGLE_SWING_RIGHT.,.F.,$);
#4698= IFCRELDEFINESBYTYPE('34M$ACA6v29gD_z8awegz7',$,$,$,(#4524),#4697);
#4699= IFCMATERIAL('\X2\0414044004350432043504410438043D0430\X0\ \X2\0441043204350442043B0430044F\X0\',$,$);
#4700= IFCCOLOURRGB($,0.874509803921569,0.752941176470588,0.525490196078431);
#4701= IFCSURFACESTYLESHADING(#4700,$);
#4702= IFCSURFACESTYLE($,.BOTH.,(#4701));
#4703= IFCSTYLEDITEM($,(#4702),$);
#4704= IFCSTYLEDREPRESENTATION(#5,$,$,(#4703));
#4705= IFCMATERIALDEFINITIONREPRESENTATION($,$,(#4704),#4699);
#4706= IFCMATERIALCONSTITUENT('Casing',$,#4699,$,$);
#4707= IFCMATERIALCONSTITUENT('Framing',$,#4699,$,$);
#4708= IFCMATERIALCONSTITUENT('Lining',$,#4699,$,$);
#4709= IFCMATERIALCONSTITUENTSET($,$,(#4706,#4707,#4708));
#4710= IFCRELASSOCIATESMATERIAL('0e8mGY8mb648FH98fuLGAg',$,$,$,(#4524,#4730,#4924,#5118,#5174,#5368),#4709);
#4711= IFCCARTESIANPOINT((450.,1050.));
#4712= IFCDIRECTION((1.,0.));
#4713= IFCAXIS2PLACEMENT2D(#4711,#4712);
#4714= IFCRECTANGLEPROFILEDEF(.AREA.,$,#4713,900.,2100.);
#4715= IFCCARTESIANPOINT((0.,0.,0.));
#4716= IFCDIRECTION((0.,-1.,0.));
#4717= IFCDIRECTION((1.,0.,0.));
#4718= IFCAXIS2PLACEMENT3D(#4715,#4716,#4717);
#4719= IFCDIRECTION((0.,0.,-1.));
#4720= IFCEXTRUDEDAREASOLID(#4714,#4718,#4719,160.);
#4721= IFCSHAPEREPRESENTATION(#44,'Reference','SweptSolid',(#4720));
#4722= IFCPRODUCTDEFINITIONSHAPE($,$,(#4721));
#4723= IFCCARTESIANPOINT((1690.021987920188622,160.,10.));
#4724= IFCDIRECTION((0.,0.,1.));
#4725= IFCDIRECTION((-1.,0.,0.));
#4726= IFCAXIS2PLACEMENT3D(#4723,#4724,#4725);
#4727= IFCLOCALPLACEMENT(#893,#4726);
#4728= IFCRELVOIDSELEMENT('0i3uUB5Dz4V9gCODTBcDGb',$,$,$,#888,#4729);
#4729= IFCOPENINGELEMENT('3ppSHXdkPTIw02haMgEvwo',$,'\X2\0414043204350440044C\X0\ - \X2\041E0434043D043E043F043E043B044C043D0430044F\X0\ \X2\044004300441043F04300448043D0430044F\X0\ (\X2\0433043B04430445043E0435\X0\ \X2\0441043204350442043B043E0435\X0\): 900,00 \X2\043C043C\X0\ x 2\X2\00A0\X0\100,00 \X2\043C043C\X0\',$,$,#4727,#4722,$,.OPENING.);
#4730= IFCDOOR('1w4PyQblHFLRdYtMWlHyQR',$,'\X2\0414043204350440044C\X0\ - \X2\041E0434043D043E043F043E043B044C043D0430044F\X0\ \X2\044004300441043F04300448043D0430044F\X0\ (\X2\0433043B04430445043E0435\X0\ \X2\0441043204350442043B043E0435\X0\): 900,00 \X2\043C043C\X0\ x 2\X2\00A0\X0\100,00 \X2\043C043C\X0\',$,$,#4899,#4894,$,2100.,900.,$,$,$);
#4731= IFCPOLYLOOP((#4732,#4733,#4734,#4735,#4736,#4737,#4738,#4739));
#4732= IFCCARTESIANPOINT((1900.000000000014552,8325.021987920179527,0.));
#4733= IFCCARTESIANPOINT((1900.000000000014552,8255.021987920179527,0.));
#4734= IFCCARTESIANPOINT((1900.000000000014552,8255.021987920179527,2065.));
#4735= IFCCARTESIANPOINT((1900.000000000014552,7425.021987920179527,2065.));
#4736= IFCCARTESIANPOINT((1900.000000000014552,7425.021987920179527,0.));
#4737= IFCCARTESIANPOINT((1900.000000000014552,7355.021987920179527,0.));
#4738= IFCCARTESIANPOINT((1900.000000000014552,7355.021987920179527,2135.));
#4739= IFCCARTESIANPOINT((1900.000000000014552,8325.021987920179527,2135.));
#4740= IFCFACEOUTERBOUND(#4731,.T.);
#4741= IFCFACE((#4740));
#4742= IFCPOLYLOOP((#4743,#4744,#4733,#4732));
#4743= IFCCARTESIANPOINT((1910.000000000014552,8325.021987920179527,0.));
#4744= IFCCARTESIANPOINT((1910.000000000014552,8255.021987920179527,0.));
#4745= IFCFACEOUTERBOUND(#4742,.T.);
#4746= IFCFACE((#4745));
#4747= IFCPOLYLOOP((#4744,#4748,#4734,#4733));
#4748= IFCCARTESIANPOINT((1910.000000000014552,8255.021987920179527,2065.));
#4749= IFCFACEOUTERBOUND(#4747,.T.);
#4750= IFCFACE((#4749));
#4751= IFCPOLYLOOP((#4748,#4752,#4735,#4734));
#4752= IFCCARTESIANPOINT((1910.000000000014552,7425.021987920179527,2065.));
#4753= IFCFACEOUTERBOUND(#4751,.T.);
#4754= IFCFACE((#4753));
#4755= IFCPOLYLOOP((#4752,#4756,#4736,#4735));
#4756= IFCCARTESIANPOINT((1910.000000000014552,7425.021987920179527,0.));
#4757= IFCFACEOUTERBOUND(#4755,.T.);
#4758= IFCFACE((#4757));
#4759= IFCPOLYLOOP((#4756,#4760,#4737,#4736));
#4760= IFCCARTESIANPOINT((1910.000000000014552,7355.021987920179527,0.));
#4761= IFCFACEOUTERBOUND(#4759,.T.);
#4762= IFCFACE((#4761));
#4763= IFCPOLYLOOP((#4760,#4764,#4738,#4737));
#4764= IFCCARTESIANPOINT((1910.000000000014552,7355.021987920179527,2135.));
#4765= IFCFACEOUTERBOUND(#4763,.T.);
#4766= IFCFACE((#4765));
#4767= IFCPOLYLOOP((#4764,#4768,#4739,#4738));
#4768= IFCCARTESIANPOINT((1910.000000000014552,8325.021987920179527,2135.));
#4769= IFCFACEOUTERBOUND(#4767,.T.);
#4770= IFCFACE((#4769));
#4771= IFCPOLYLOOP((#4768,#4743,#4732,#4739));
#4772= IFCFACEOUTERBOUND(#4771,.T.);
#4773= IFCFACE((#4772));
#4774= IFCPOLYLOOP((#4743,#4768,#4764,#4760,#4756,#4752,#4748,#4744));
#4775= IFCFACEOUTERBOUND(#4774,.T.);
#4776= IFCFACE((#4775));
#4777= IFCCLOSEDSHELL((#4741,#4746,#4750,#4754,#4758,#4762,#4766,#4770,#4773,#4776));
#4778= IFCFACETEDBREP(#4777);
#4779= IFCSHAPEREPRESENTATION(#41,'Body','Brep',(#4778));
#4780= IFCCARTESIANPOINT((0.,0.,0.));
#4781= IFCDIRECTION((0.,0.,1.));
#4782= IFCDIRECTION((1.,0.,0.));
#4783= IFCAXIS2PLACEMENT3D(#4780,#4781,#4782);
#4784= IFCREPRESENTATIONMAP(#4783,#4779);
#4785= IFCDIRECTION((-0.,-1.,0.));
#4786= IFCDIRECTION((1.,0.,0.));
#4787= IFCDIRECTION((-0.,0.,1.));
#4788= IFCCARTESIANPOINT((-7390.021987920179527,2070.000000000014552,-0.));
#4789= IFCCARTESIANTRANSFORMATIONOPERATOR3D(#4785,#4786,#4788,1.,#4787);
#4790= IFCMAPPEDITEM(#4784,#4789);
#4791= IFCSHAPEREPRESENTATION(#41,'Body','MappedRepresentation',(#4790));
#4792= IFCPOLYLOOP((#4744,#4756,#4752,#4748));
#4793= IFCFACEOUTERBOUND(#4792,.T.);
#4794= IFCFACE((#4793));
#4795= IFCPOLYLOOP((#4796,#4797,#4756,#4744));
#4796= IFCCARTESIANPOINT((1960.000000000014552,8255.021987920179527,0.));
#4797= IFCCARTESIANPOINT((1960.000000000014552,7425.021987920179527,0.));
#4798= IFCFACEOUTERBOUND(#4795,.T.);
#4799= IFCFACE((#4798));
#4800= IFCPOLYLOOP((#4797,#4801,#4752,#4756));
#4801= IFCCARTESIANPOINT((1960.000000000014552,7425.021987920179527,2065.));
#4802= IFCFACEOUTERBOUND(#4800,.T.);
#4803= IFCFACE((#4802));
#4804= IFCPOLYLOOP((#4801,#4805,#4748,#4752));
#4805= IFCCARTESIANPOINT((1960.000000000014552,8255.021987920179527,2065.));
#4806= IFCFACEOUTERBOUND(#4804,.T.);
#4807= IFCFACE((#4806));
#4808= IFCPOLYLOOP((#4805,#4796,#4744,#4748));
#4809= IFCFACEOUTERBOUND(#4808,.T.);
#4810= IFCFACE((#4809));
#4811= IFCPOLYLOOP((#4796,#4805,#4801,#4797));
#4812= IFCFACEOUTERBOUND(#4811,.T.);
#4813= IFCFACE((#4812));
#4814= IFCCLOSEDSHELL((#4794,#4799,#4803,#4807,#4810,#4813));
#4815= IFCFACETEDBREP(#4814);
#4816= IFCSHAPEREPRESENTATION(#41,'Body','Brep',(#4815));
#4817= IFCCARTESIANPOINT((0.,0.,0.));
#4818= IFCDIRECTION((0.,0.,1.));
#4819= IFCDIRECTION((1.,0.,0.));
#4820= IFCAXIS2PLACEMENT3D(#4817,#4818,#4819);
#4821= IFCREPRESENTATIONMAP(#4820,#4816);
#4822= IFCDIRECTION((-0.,-1.,0.));
#4823= IFCDIRECTION((1.,0.,0.));
#4824= IFCDIRECTION((-0.,0.,1.));
#4825= IFCCARTESIANPOINT((-7390.021987920179527,2070.000000000014552,-0.));
#4826= IFCCARTESIANTRANSFORMATIONOPERATOR3D(#4822,#4823,#4825,1.,#4824);
#4827= IFCMAPPEDITEM(#4821,#4826);
#4828= IFCSHAPEREPRESENTATION(#41,'Body','MappedRepresentation',(#4827));
#4829= IFCPOLYLOOP((#4830,#4744,#4748,#4752,#4756,#4831,#4832,#4833));
#4830= IFCCARTESIANPOINT((1910.000000000014552,8290.021987920179527,0.));
#4831= IFCCARTESIANPOINT((1910.000000000014552,7390.021987920179527,0.));
#4832= IFCCARTESIANPOINT((1910.000000000014552,7390.021987920179527,2100.));
#4833= IFCCARTESIANPOINT((1910.000000000014552,8290.021987920179527,2100.));
#4834= IFCFACEOUTERBOUND(#4829,.T.);
#4835= IFCFACE((#4834));
#4836= IFCPOLYLOOP((#4837,#4838,#4744,#4830));
#4837= IFCCARTESIANPOINT((1985.000000000014552,8290.021987920179527,0.));
#4838= IFCCARTESIANPOINT((1985.000000000014552,8255.021987920179527,0.));
#4839= IFCFACEOUTERBOUND(#4836,.T.);
#4840= IFCFACE((#4839));
#4841= IFCPOLYLOOP((#4838,#4842,#4748,#4744));
#4842= IFCCARTESIANPOINT((1985.000000000014552,8255.021987920179527,2065.));
#4843= IFCFACEOUTERBOUND(#4841,.T.);
#4844= IFCFACE((#4843));
#4845= IFCPOLYLOOP((#4842,#4846,#4752,#4748));
#4846= IFCCARTESIANPOINT((1985.000000000014552,7425.021987920179527,2065.));
#4847= IFCFACEOUTERBOUND(#4845,.T.);
#4848= IFCFACE((#4847));
#4849= IFCPOLYLOOP((#4846,#4850,#4756,#4752));
#4850= IFCCARTESIANPOINT((1985.000000000014552,7425.021987920179527,0.));
#4851= IFCFACEOUTERBOUND(#4849,.T.);
#4852= IFCFACE((#4851));
#4853= IFCPOLYLOOP((#4850,#4854,#4831,#4756));
#4854= IFCCARTESIANPOINT((1985.000000000014552,7390.021987920179527,0.));
#4855= IFCFACEOUTERBOUND(#4853,.T.);
#4856= IFCFACE((#4855));
#4857= IFCPOLYLOOP((#4854,#4858,#4832,#4831));
#4858= IFCCARTESIANPOINT((1985.000000000014552,7390.021987920179527,2100.));
#4859= IFCFACEOUTERBOUND(#4857,.T.);
#4860= IFCFACE((#4859));
#4861= IFCPOLYLOOP((#4858,#4862,#4833,#4832));
#4862= IFCCARTESIANPOINT((1985.000000000014552,8290.021987920179527,2100.));
#4863= IFCFACEOUTERBOUND(#4861,.T.);
#4864= IFCFACE((#4863));
#4865= IFCPOLYLOOP((#4862,#4837,#4830,#4833));
#4866= IFCFACEOUTERBOUND(#4865,.T.);
#4867= IFCFACE((#4866));
#4868= IFCPOLYLOOP((#4837,#4862,#4858,#4854,#4850,#4846,#4842,#4838));
#4869= IFCFACEOUTERBOUND(#4868,.T.);
#4870= IFCFACE((#4869));
#4871= IFCCLOSEDSHELL((#4835,#4840,#4844,#4848,#4852,#4856,#4860,#4864,#4867,#4870));
#4872= IFCFACETEDBREP(#4871);
#4873= IFCSHAPEREPRESENTATION(#41,'Body','Brep',(#4872));
#4874= IFCCARTESIANPOINT((0.,0.,0.));
#4875= IFCDIRECTION((0.,0.,1.));
#4876= IFCDIRECTION((1.,0.,0.));
#4877= IFCAXIS2PLACEMENT3D(#4874,#4875,#4876);
#4878= IFCREPRESENTATIONMAP(#4877,#4873);
#4879= IFCDIRECTION((-0.,-1.,0.));
#4880= IFCDIRECTION((1.,0.,0.));
#4881= IFCDIRECTION((-0.,0.,1.));
#4882= IFCCARTESIANPOINT((-7390.021987920179527,2070.000000000014552,-0.));
#4883= IFCCARTESIANTRANSFORMATIONOPERATOR3D(#4879,#4880,#4882,1.,#4881);
#4884= IFCMAPPEDITEM(#4878,#4883);
#4885= IFCSHAPEREPRESENTATION(#41,'Body','MappedRepresentation',(#4884));
#4886= IFCSHAPEREPRESENTATION(#41,'Body','MappedRepresentation',(#4790,#4827,#4884));
#4887= IFCSHAPEASPECT((#4791),'Casing',$,.U.,#4894);
#4888= IFCSHAPEASPECT((#4828),'Framing',$,.U.,#4894);
#4889= IFCSHAPEASPECT((#4885),'Lining',$,.U.,#4894);
#4890= IFCCARTESIANPOINTLIST2D(((900.,0.),(0.,0.)));
#4891= IFCINDEXEDPOLYCURVE(#4890,(IFCLINEINDEX((1,2))),$);
#4892= IFCGEOMETRICCURVESET((#4891));
#4893= IFCSHAPEREPRESENTATION(#43,'FootPrint','GeometricCurveSet',(#4892));
#4894= IFCPRODUCTDEFINITIONSHAPE($,$,(#4886,#4893));
#4895= IFCCARTESIANPOINT((900.,160.,0.));
#4896= IFCDIRECTION((0.,0.,1.));
#4897= IFCDIRECTION((-1.,0.,0.));
#4898= IFCAXIS2PLACEMENT3D(#4895,#4896,#4897);
#4899= IFCLOCALPLACEMENT(#4727,#4898);
#4900= IFCRELFILLSELEMENT('0JFicVqX95Rvsw6CkUXiC5',$,$,$,#4729,#4730);
#4901= IFCDOORPANELPROPERTIES('26abliIN12uxihNqCYV$L1',$,'\X2\042004300441043F04300448043D043E0435\X0\',$,50.,.SWINGING.,1.,.RIGHT.,$);
#4902= IFCDOORLININGPROPERTIES('2MXMX7Kun1SvjZWBvDcaTg',$,'Door Lining Properties',$,75.,35.,$,$,$,$,85.,$,$,$,$,$,$);
#4903= IFCDOORTYPE('0_TNCZXan0JOAYNS$Zi21q',$,'\X2\041E0434043D043E043F043E043B044C043D0430044F\X0\ \X2\044004300441043F04300448043D0430044F\X0\ (\X2\0433043B04430445043E0435\X0\ \X2\0441043204350442043B043E0435\X0\)',$,$,(#4902,#4901,#12942),$,$,$,.DOOR.,.SINGLE_SWING_RIGHT.,.F.,$);
#4904= IFCRELDEFINESBYTYPE('3j9gpFLi1ASv5aKUM8pi_j',$,$,$,(#4730,#5118),#4903);
#4905= IFCCARTESIANPOINT((450.,1050.));
#4906= IFCDIRECTION((1.,0.));
#4907= IFCAXIS2PLACEMENT2D(#4905,#4906);
#4908= IFCRECTANGLEPROFILEDEF(.AREA.,$,#4907,900.,2100.);
#4909= IFCCARTESIANPOINT((0.,0.,0.));
#4910= IFCDIRECTION((0.,-1.,0.));
#4911= IFCDIRECTION((1.,0.,0.));
#4912= IFCAXIS2PLACEMENT3D(#4909,#4910,#4911);
#4913= IFCDIRECTION((0.,0.,-1.));
#4914= IFCEXTRUDEDAREASOLID(#4908,#4912,#4913,400.);
#4915= IFCSHAPEREPRESENTATION(#44,'Reference','SweptSolid',(#4914));
#4916= IFCPRODUCTDEFINITIONSHAPE($,$,(#4915));
#4917= IFCCARTESIANPOINT((4722.134963662532755,200.,200.));
#4918= IFCDIRECTION((0.,0.,1.));
#4919= IFCDIRECTION((-1.,0.,0.));
#4920= IFCAXIS2PLACEMENT3D(#4917,#4918,#4919);
#4921= IFCLOCALPLACEMENT(#704,#4920);
#4922= IFCRELVOIDSELEMENT('25yvpsdWr6kPLDpm7zs_Cv',$,$,$,#699,#4923);
#4923= IFCOPENINGELEMENT('3I8_tKlRXtGQQL8z3NUujT',$,'\X2\0414043204350440044C\X0\ - \X2\041E0434043D043E043F043E043B044C043D0430044F\X0\ \X2\044004300441043F04300448043D0430044F\X0\ (\X2\0433043B04430445043E0435\X0\ \X2\0441043204350442043B043E0435\X0\): 900,00 \X2\043C043C\X0\ x 2\X2\00A0\X0\100,00 \X2\043C043C\X0\',$,$,#4921,#4916,$,.OPENING.);
#4924= IFCDOOR('0KWTAtp2z6_fuhe9ES3quy',$,'\X2\0414043204350440044C\X0\ - \X2\041E0434043D043E043F043E043B044C043D0430044F\X0\ \X2\044004300441043F04300448043D0430044F\X0\ (\X2\0433043B04430445043E0435\X0\ \X2\0441043204350442043B043E0435\X0\): 900,00 \X2\043C043C\X0\ x 2\X2\00A0\X0\100,00 \X2\043C043C\X0\',$,$,#5093,#5088,$,2100.,900.,$,$,$);
#4925= IFCPOLYLOOP((#4926,#4927,#4928,#4929,#4930,#4931,#4932,#4933));
#4926= IFCCARTESIANPOINT((5242.865036337470883,8589.999999999974534,0.));
#4927= IFCCARTESIANPOINT((5312.865036337470883,8589.999999999974534,0.));
#4928= IFCCARTESIANPOINT((5312.865036337470883,8589.999999999974534,2065.));
#4929= IFCCARTESIANPOINT((6142.865036337470883,8589.999999999974534,2065.));
#4930= IFCCARTESIANPOINT((6142.865036337470883,8589.999999999974534,0.));
#4931= IFCCARTESIANPOINT((6212.865036337470883,8589.999999999974534,0.));
#4932= IFCCARTESIANPOINT((6212.865036337470883,8589.999999999974534,2135.));
#4933= IFCCARTESIANPOINT((5242.865036337470883,8589.999999999974534,2135.));
#4934= IFCFACEOUTERBOUND(#4925,.T.);
#4935= IFCFACE((#4934));
#4936= IFCPOLYLOOP((#4937,#4938,#4927,#4926));
#4937= IFCCARTESIANPOINT((5242.865036337470883,8599.999999999974534,0.));
#4938= IFCCARTESIANPOINT((5312.865036337470883,8599.999999999974534,0.));
#4939= IFCFACEOUTERBOUND(#4936,.T.);
#4940= IFCFACE((#4939));
#4941= IFCPOLYLOOP((#4938,#4942,#4928,#4927));
#4942= IFCCARTESIANPOINT((5312.865036337470883,8599.999999999974534,2065.));
#4943= IFCFACEOUTERBOUND(#4941,.T.);
#4944= IFCFACE((#4943));
#4945= IFCPOLYLOOP((#4942,#4946,#4929,#4928));
#4946= IFCCARTESIANPOINT((6142.865036337470883,8599.999999999974534,2065.));
#4947= IFCFACEOUTERBOUND(#4945,.T.);
#4948= IFCFACE((#4947));
#4949= IFCPOLYLOOP((#4946,#4950,#4930,#4929));
#4950= IFCCARTESIANPOINT((6142.865036337470883,8599.999999999974534,0.));
#4951= IFCFACEOUTERBOUND(#4949,.T.);
#4952= IFCFACE((#4951));
#4953= IFCPOLYLOOP((#4950,#4954,#4931,#4930));
#4954= IFCCARTESIANPOINT((6212.865036337470883,8599.999999999974534,0.));
#4955= IFCFACEOUTERBOUND(#4953,.T.);
#4956= IFCFACE((#4955));
#4957= IFCPOLYLOOP((#4954,#4958,#4932,#4931));
#4958= IFCCARTESIANPOINT((6212.865036337470883,8599.999999999974534,2135.));
#4959= IFCFACEOUTERBOUND(#4957,.T.);
#4960= IFCFACE((#4959));
#4961= IFCPOLYLOOP((#4958,#4962,#4933,#4932));
#4962= IFCCARTESIANPOINT((5242.865036337470883,8599.999999999974534,2135.));
#4963= IFCFACEOUTERBOUND(#4961,.T.);
#4964= IFCFACE((#4963));
#4965= IFCPOLYLOOP((#4962,#4937,#4926,#4933));
#4966= IFCFACEOUTERBOUND(#4965,.T.);
#4967= IFCFACE((#4966));
#4968= IFCPOLYLOOP((#4937,#4962,#4958,#4954,#4950,#4946,#4942,#4938));
#4969= IFCFACEOUTERBOUND(#4968,.T.);
#4970= IFCFACE((#4969));
#4971= IFCCLOSEDSHELL((#4935,#4940,#4944,#4948,#4952,#4956,#4960,#4964,#4967,#4970));
#4972= IFCFACETEDBREP(#4971);
#4973= IFCSHAPEREPRESENTATION(#41,'Body','Brep',(#4972));
#4974= IFCCARTESIANPOINT((0.,0.,0.));
#4975= IFCDIRECTION((0.,0.,1.));
#4976= IFCDIRECTION((1.,0.,0.));
#4977= IFCAXIS2PLACEMENT3D(#4974,#4975,#4976);
#4978= IFCREPRESENTATIONMAP(#4977,#4973);
#4979= IFCDIRECTION((-1.,0.,0.));
#4980= IFCDIRECTION((0.,-1.,0.));
#4981= IFCDIRECTION((0.,0.,1.));
#4982= IFCCARTESIANPOINT((6177.865036337470883,8999.999999999974534,-0.));
#4983= IFCCARTESIANTRANSFORMATIONOPERATOR3D(#4979,#4980,#4982,1.,#4981);
#4984= IFCMAPPEDITEM(#4978,#4983);
#4985= IFCSHAPEREPRESENTATION(#41,'Body','MappedRepresentation',(#4984));
#4986= IFCPOLYLOOP((#4938,#4950,#4946,#4942));
#4987= IFCFACEOUTERBOUND(#4986,.T.);
#4988= IFCFACE((#4987));
#4989= IFCPOLYLOOP((#4990,#4991,#4950,#4938));
#4990= IFCCARTESIANPOINT((5312.865036337470883,8649.999999999974534,0.));
#4991= IFCCARTESIANPOINT((6142.865036337470883,8649.999999999974534,0.));
#4992= IFCFACEOUTERBOUND(#4989,.T.);
#4993= IFCFACE((#4992));
#4994= IFCPOLYLOOP((#4991,#4995,#4946,#4950));
#4995= IFCCARTESIANPOINT((6142.865036337470883,8649.999999999974534,2065.));
#4996= IFCFACEOUTERBOUND(#4994,.T.);
#4997= IFCFACE((#4996));
#4998= IFCPOLYLOOP((#4995,#4999,#4942,#4946));
#4999= IFCCARTESIANPOINT((5312.865036337470883,8649.999999999974534,2065.));
#5000= IFCFACEOUTERBOUND(#4998,.T.);
#5001= IFCFACE((#5000));
#5002= IFCPOLYLOOP((#4999,#4990,#4938,#4942));
#5003= IFCFACEOUTERBOUND(#5002,.T.);
#5004= IFCFACE((#5003));
#5005= IFCPOLYLOOP((#4990,#4999,#4995,#4991));
#5006= IFCFACEOUTERBOUND(#5005,.T.);
#5007= IFCFACE((#5006));
#5008= IFCCLOSEDSHELL((#4988,#4993,#4997,#5001,#5004,#5007));
#5009= IFCFACETEDBREP(#5008);
#5010= IFCSHAPEREPRESENTATION(#41,'Body','Brep',(#5009));
#5011= IFCCARTESIANPOINT((0.,0.,0.));
#5012= IFCDIRECTION((0.,0.,1.));
#5013= IFCDIRECTION((1.,0.,0.));
#5014= IFCAXIS2PLACEMENT3D(#5011,#5012,#5013);
#5015= IFCREPRESENTATIONMAP(#5014,#5010);
#5016= IFCDIRECTION((-1.,0.,0.));
#5017= IFCDIRECTION((0.,-1.,0.));
#5018= IFCDIRECTION((0.,0.,1.));
#5019= IFCCARTESIANPOINT((6177.865036337470883,8999.999999999974534,-0.));
#5020= IFCCARTESIANTRANSFORMATIONOPERATOR3D(#5016,#5017,#5019,1.,#5018);
#5021= IFCMAPPEDITEM(#5015,#5020);
#5022= IFCSHAPEREPRESENTATION(#41,'Body','MappedRepresentation',(#5021));
#5023= IFCPOLYLOOP((#5024,#4938,#4942,#4946,#4950,#5025,#5026,#5027));
#5024= IFCCARTESIANPOINT((5277.865036337470883,8599.999999999974534,0.));
#5025= IFCCARTESIANPOINT((6177.865036337470883,8599.999999999974534,0.));
#5026= IFCCARTESIANPOINT((6177.865036337470883,8599.999999999974534,2100.));
#5027= IFCCARTESIANPOINT((5277.865036337470883,8599.999999999974534,2100.));
#5028= IFCFACEOUTERBOUND(#5023,.T.);
#5029= IFCFACE((#5028));
#5030= IFCPOLYLOOP((#5031,#5032,#4938,#5024));
#5031= IFCCARTESIANPOINT((5277.865036337470883,8674.999999999974534,0.));
#5032= IFCCARTESIANPOINT((5312.865036337470883,8674.999999999974534,0.));
#5033= IFCFACEOUTERBOUND(#5030,.T.);
#5034= IFCFACE((#5033));
#5035= IFCPOLYLOOP((#5032,#5036,#4942,#4938));
#5036= IFCCARTESIANPOINT((5312.865036337470883,8674.999999999974534,2065.));
#5037= IFCFACEOUTERBOUND(#5035,.T.);
#5038= IFCFACE((#5037));
#5039= IFCPOLYLOOP((#5036,#5040,#4946,#4942));
#5040= IFCCARTESIANPOINT((6142.865036337470883,8674.999999999974534,2065.));
#5041= IFCFACEOUTERBOUND(#5039,.T.);
#5042= IFCFACE((#5041));
#5043= IFCPOLYLOOP((#5040,#5044,#4950,#4946));
#5044= IFCCARTESIANPOINT((6142.865036337470883,8674.999999999974534,0.));
#5045= IFCFACEOUTERBOUND(#5043,.T.);
#5046= IFCFACE((#5045));
#5047= IFCPOLYLOOP((#5044,#5048,#5025,#4950));
#5048= IFCCARTESIANPOINT((6177.865036337470883,8674.999999999974534,0.));
#5049= IFCFACEOUTERBOUND(#5047,.T.);
#5050= IFCFACE((#5049));
#5051= IFCPOLYLOOP((#5048,#5052,#5026,#5025));
#5052= IFCCARTESIANPOINT((6177.865036337470883,8674.999999999974534,2100.));
#5053= IFCFACEOUTERBOUND(#5051,.T.);
#5054= IFCFACE((#5053));
#5055= IFCPOLYLOOP((#5052,#5056,#5027,#5026));
#5056= IFCCARTESIANPOINT((5277.865036337470883,8674.999999999974534,2100.));
#5057= IFCFACEOUTERBOUND(#5055,.T.);
#5058= IFCFACE((#5057));
#5059= IFCPOLYLOOP((#5056,#5031,#5024,#5027));
#5060= IFCFACEOUTERBOUND(#5059,.T.);
#5061= IFCFACE((#5060));
#5062= IFCPOLYLOOP((#5031,#5056,#5052,#5048,#5044,#5040,#5036,#5032));
#5063= IFCFACEOUTERBOUND(#5062,.T.);
#5064= IFCFACE((#5063));
#5065= IFCCLOSEDSHELL((#5029,#5034,#5038,#5042,#5046,#5050,#5054,#5058,#5061,#5064));
#5066= IFCFACETEDBREP(#5065);
#5067= IFCSHAPEREPRESENTATION(#41,'Body','Brep',(#5066));
#5068= IFCCARTESIANPOINT((0.,0.,0.));
#5069= IFCDIRECTION((0.,0.,1.));
#5070= IFCDIRECTION((1.,0.,0.));
#5071= IFCAXIS2PLACEMENT3D(#5068,#5069,#5070);
#5072= IFCREPRESENTATIONMAP(#5071,#5067);
#5073= IFCDIRECTION((-1.,0.,0.));
#5074= IFCDIRECTION((0.,-1.,0.));
#5075= IFCDIRECTION((0.,0.,1.));
#5076= IFCCARTESIANPOINT((6177.865036337470883,8999.999999999974534,-0.));
#5077= IFCCARTESIANTRANSFORMATIONOPERATOR3D(#5073,#5074,#5076,1.,#5075);
#5078= IFCMAPPEDITEM(#5072,#5077);
#5079= IFCSHAPEREPRESENTATION(#41,'Body','MappedRepresentation',(#5078));
#5080= IFCSHAPEREPRESENTATION(#41,'Body','MappedRepresentation',(#4984,#5021,#5078));
#5081= IFCSHAPEASPECT((#4985),'Casing',$,.U.,#5088);
#5082= IFCSHAPEASPECT((#5022),'Framing',$,.U.,#5088);
#5083= IFCSHAPEASPECT((#5079),'Lining',$,.U.,#5088);
#5084= IFCCARTESIANPOINTLIST2D(((900.,0.),(0.,0.)));
#5085= IFCINDEXEDPOLYCURVE(#5084,(IFCLINEINDEX((1,2))),$);
#5086= IFCGEOMETRICCURVESET((#5085));
#5087= IFCSHAPEREPRESENTATION(#43,'FootPrint','GeometricCurveSet',(#5086));
#5088= IFCPRODUCTDEFINITIONSHAPE($,$,(#5080,#5087));
#5089= IFCCARTESIANPOINT((900.,400.,0.));
#5090= IFCDIRECTION((0.,0.,1.));
#5091= IFCDIRECTION((-1.,-0.,0.));
#5092= IFCAXIS2PLACEMENT3D(#5089,#5090,#5091);
#5093= IFCLOCALPLACEMENT(#4921,#5092);
#5094= IFCRELFILLSELEMENT('3$WfsARyjD4ehM6lBvWPKK',$,$,$,#4923,#4924);
#5095= IFCDOORPANELPROPERTIES('24U2M38D55kOmYeKoeUagC',$,'\X2\042004300441043F04300448043D043E0435\X0\',$,50.,.SWINGING.,1.,.LEFT.,$);
#5096= IFCDOORLININGPROPERTIES('2iPqoa7XT9Remj3EfAkNID',$,'Door Lining Properties',$,75.,35.,$,$,$,$,325.,$,$,$,$,$,$);
#5097= IFCDOORTYPE('10kqf$nEA2IvX7JRkQDsen',$,'\X2\041E0434043D043E043F043E043B044C043D0430044F\X0\ \X2\044004300441043F04300448043D0430044F\X0\ (\X2\0433043B04430445043E0435\X0\ \X2\0441043204350442043B043E0435\X0\)',$,$,(#5096,#5095,#12962),$,$,$,.DOOR.,.SINGLE_SWING_LEFT.,.F.,$);
#5098= IFCRELDEFINESBYTYPE('1xiMYR5JzBOwglWlewS$LB',$,$,$,(#4924),#5097);
#5099= IFCCARTESIANPOINT((450.,1050.));
#5100= IFCDIRECTION((1.,0.));
#5101= IFCAXIS2PLACEMENT2D(#5099,#5100);
#5102= IFCRECTANGLEPROFILEDEF(.AREA.,$,#5101,900.,2100.);
#5103= IFCCARTESIANPOINT((0.,0.,0.));
#5104= IFCDIRECTION((0.,-1.,0.));
#5105= IFCDIRECTION((1.,0.,0.));
#5106= IFCAXIS2PLACEMENT3D(#5103,#5104,#5105);
#5107= IFCDIRECTION((0.,0.,-1.));
#5108= IFCEXTRUDEDAREASOLID(#5102,#5106,#5107,160.);
#5109= IFCSHAPEREPRESENTATION(#44,'Reference','SweptSolid',(#5108));
#5110= IFCPRODUCTDEFINITIONSHAPE($,$,(#5109));
#5111= IFCCARTESIANPOINT((779.024918233712924,-160.,10.));
#5112= IFCDIRECTION((0.,0.,1.));
#5113= IFCDIRECTION((1.,0.,0.));
#5114= IFCAXIS2PLACEMENT3D(#5111,#5112,#5113);
#5115= IFCLOCALPLACEMENT(#819,#5114);
#5116= IFCRELVOIDSELEMENT('2wcEEhoR5D4eByLd4q3hIA',$,$,$,#814,#5117);
#5117= IFCOPENINGELEMENT('2fHB1S$vkhHONTfswycqiy',$,'\X2\0414043204350440044C\X0\ - \X2\041E0434043D043E043F043E043B044C043D0430044F\X0\ \X2\044004300441043F04300448043D0430044F\X0\ (\X2\0433043B04430445043E0435\X0\ \X2\0441043204350442043B043E0435\X0\): 900,00 \X2\043C043C\X0\ x 2\X2\00A0\X0\100,00 \X2\043C043C\X0\',$,$,#5115,#5110,$,.OPENING.);
#5118= IFCDOOR('2_Qtx9il5Bx8CWh0Lginuu',$,'\X2\0414043204350440044C\X0\ - \X2\041E0434043D043E043F043E043B044C043D0430044F\X0\ \X2\044004300441043F04300448043D0430044F\X0\ (\X2\0433043B04430445043E0435\X0\ \X2\0441043204350442043B043E0435\X0\): 900,00 \X2\043C043C\X0\ x 2\X2\00A0\X0\100,00 \X2\043C043C\X0\',$,$,#5153,#5148,$,2100.,900.,$,$,$);
#5119= IFCDIRECTION((0.,-1.,0.));
#5120= IFCDIRECTION((1.,0.,0.));
#5121= IFCDIRECTION((-0.,0.,1.));
#5122= IFCCARTESIANPOINT((-7390.021987920179527,2070.000000000014552,0.));
#5123= IFCCARTESIANTRANSFORMATIONOPERATOR3D(#5119,#5120,#5122,1.,#5121);
#5124= IFCMAPPEDITEM(#4784,#5123);
#5125= IFCSHAPEREPRESENTATION(#41,'Body','MappedRepresentation',(#5124));
#5126= IFCDIRECTION((0.,-1.,0.));
#5127= IFCDIRECTION((1.,0.,0.));
#5128= IFCDIRECTION((-0.,0.,1.));
#5129= IFCCARTESIANPOINT((-7390.021987920179527,2070.000000000014552,0.));
#5130= IFCCARTESIANTRANSFORMATIONOPERATOR3D(#5126,#5127,#5129,1.,#5128);
#5131= IFCMAPPEDITEM(#4821,#5130);
#5132= IFCSHAPEREPRESENTATION(#41,'Body','MappedRepresentation',(#5131));
#5133= IFCDIRECTION((0.,-1.,0.));
#5134= IFCDIRECTION((1.,0.,0.));
#5135= IFCDIRECTION((-0.,0.,1.));
#5136= IFCCARTESIANPOINT((-7390.021987920179527,2070.000000000014552,0.));
#5137= IFCCARTESIANTRANSFORMATIONOPERATOR3D(#5133,#5134,#5136,1.,#5135);
#5138= IFCMAPPEDITEM(#4878,#5137);
#5139= IFCSHAPEREPRESENTATION(#41,'Body','MappedRepresentation',(#5138));
#5140= IFCSHAPEREPRESENTATION(#41,'Body','MappedRepresentation',(#5124,#5131,#5138));
#5141= IFCSHAPEASPECT((#5125),'Casing',$,.U.,#5148);
#5142= IFCSHAPEASPECT((#5132),'Framing',$,.U.,#5148);
#5143= IFCSHAPEASPECT((#5139),'Lining',$,.U.,#5148);
#5144= IFCCARTESIANPOINTLIST2D(((900.,0.),(0.,0.)));
#5145= IFCINDEXEDPOLYCURVE(#5144,(IFCLINEINDEX((1,2))),$);
#5146= IFCGEOMETRICCURVESET((#5145));
#5147= IFCSHAPEREPRESENTATION(#43,'FootPrint','GeometricCurveSet',(#5146));
#5148= IFCPRODUCTDEFINITIONSHAPE($,$,(#5140,#5147));
#5149= IFCCARTESIANPOINT((900.,160.,0.));
#5150= IFCDIRECTION((0.,0.,1.));
#5151= IFCDIRECTION((-1.,0.,0.));
#5152= IFCAXIS2PLACEMENT3D(#5149,#5150,#5151);
#5153= IFCLOCALPLACEMENT(#5115,#5152);
#5154= IFCRELFILLSELEMENT('385Sm9Lk96bvzdQjDf2y8T',$,$,$,#5117,#5118);
#5155= IFCCARTESIANPOINT((500.,1050.));
#5156= IFCDIRECTION((1.,0.));
#5157= IFCAXIS2PLACEMENT2D(#5155,#5156);
#5158= IFCRECTANGLEPROFILEDEF(.AREA.,$,#5157,1000.,2100.);
#5159= IFCCARTESIANPOINT((0.,0.,0.));
#5160= IFCDIRECTION((0.,-1.,0.));
#5161= IFCDIRECTION((1.,0.,0.));
#5162= IFCAXIS2PLACEMENT3D(#5159,#5160,#5161);
#5163= IFCDIRECTION((0.,0.,-1.));
#5164= IFCEXTRUDEDAREASOLID(#5158,#5162,#5163,480.);
#5165= IFCSHAPEREPRESENTATION(#44,'Reference','SweptSolid',(#5164));
#5166= IFCPRODUCTDEFINITIONSHAPE($,$,(#5165));
#5167= IFCCARTESIANPOINT((2949.666059627953473,-240.,200.));
#5168= IFCDIRECTION((0.,-0.,1.));
#5169= IFCDIRECTION((1.,0.,0.));
#5170= IFCAXIS2PLACEMENT3D(#5167,#5168,#5169);
#5171= IFCLOCALPLACEMENT(#316,#5170);
#5172= IFCRELVOIDSELEMENT('3S8muW3KnBUgdpENp57LJk',$,$,$,#311,#5173);
#5173= IFCOPENINGELEMENT('1BsF_Qm7PmGxSSdOoPrdLy',$,'\X2\0414043204350440044C\X0\ - \X2\041E0434043D043E043F043E043B044C043D0430044F\X0\ \X2\044004300441043F04300448043D0430044F\X0\ (\X2\0433043B04430445043E0435\X0\ \X2\0441043204350442043B043E0435\X0\): 1\X2\00A0\X0\000,00 \X2\043C043C\X0\ x 2\X2\00A0\X0\100,00 \X2\043C043C\X0\',$,$,#5171,#5166,$,.OPENING.);
#5174= IFCDOOR('1BXN$JpH19AQR96JYsVnH3',$,'\X2\0414043204350440044C\X0\ - \X2\041E0434043D043E043F043E043B044C043D0430044F\X0\ \X2\044004300441043F04300448043D0430044F\X0\ (\X2\0433043B04430445043E0435\X0\ \X2\0441043204350442043B043E0435\X0\): 1\X2\00A0\X0\000,00 \X2\043C043C\X0\ x 2\X2\00A0\X0\100,00 \X2\043C043C\X0\',$,$,#5343,#5338,$,2100.,1000.,$,$,$);
#5175= IFCPOLYLOOP((#5176,#5177,#5178,#5179,#5180,#5181,#5182,#5183));
#5176= IFCCARTESIANPOINT((10250.000000000001819,4314.666059627938012,0.));
#5177= IFCCARTESIANPOINT((10250.000000000001819,4384.666059627938012,0.));
#5178= IFCCARTESIANPOINT((10250.000000000001819,4384.666059627938012,2065.));
#5179= IFCCARTESIANPOINT((10250.000000000001819,5314.666059627938012,2065.));
#5180= IFCCARTESIANPOINT((10250.000000000001819,5314.666059627938012,0.));
#5181= IFCCARTESIANPOINT((10250.000000000001819,5384.666059627938012,0.));
#5182= IFCCARTESIANPOINT((10250.000000000001819,5384.666059627938012,2135.));
#5183= IFCCARTESIANPOINT((10250.000000000001819,4314.666059627938012,2135.));
#5184= IFCFACEOUTERBOUND(#5175,.T.);
#5185= IFCFACE((#5184));
#5186= IFCPOLYLOOP((#5187,#5188,#5177,#5176));
#5187= IFCCARTESIANPOINT((10240.000000000001819,4314.666059627938012,0.));
#5188= IFCCARTESIANPOINT((10240.000000000001819,4384.666059627938012,0.));
#5189= IFCFACEOUTERBOUND(#5186,.T.);
#5190= IFCFACE((#5189));
#5191= IFCPOLYLOOP((#5188,#5192,#5178,#5177));
#5192= IFCCARTESIANPOINT((10240.000000000001819,4384.666059627938012,2065.));
#5193= IFCFACEOUTERBOUND(#5191,.T.);
#5194= IFCFACE((#5193));
#5195= IFCPOLYLOOP((#5192,#5196,#5179,#5178));
#5196= IFCCARTESIANPOINT((10240.000000000001819,5314.666059627938012,2065.));
#5197= IFCFACEOUTERBOUND(#5195,.T.);
#5198= IFCFACE((#5197));
#5199= IFCPOLYLOOP((#5196,#5200,#5180,#5179));
#5200= IFCCARTESIANPOINT((10240.000000000001819,5314.666059627938012,0.));
#5201= IFCFACEOUTERBOUND(#5199,.T.);
#5202= IFCFACE((#5201));
#5203= IFCPOLYLOOP((#5200,#5204,#5181,#5180));
#5204= IFCCARTESIANPOINT((10240.000000000001819,5384.666059627938012,0.));
#5205= IFCFACEOUTERBOUND(#5203,.T.);
#5206= IFCFACE((#5205));
#5207= IFCPOLYLOOP((#5204,#5208,#5182,#5181));
#5208= IFCCARTESIANPOINT((10240.000000000001819,5384.666059627938012,2135.));
#5209= IFCFACEOUTERBOUND(#5207,.T.);
#5210= IFCFACE((#5209));
#5211= IFCPOLYLOOP((#5208,#5212,#5183,#5182));
#5212= IFCCARTESIANPOINT((10240.000000000001819,4314.666059627938012,2135.));
#5213= IFCFACEOUTERBOUND(#5211,.T.);
#5214= IFCFACE((#5213));
#5215= IFCPOLYLOOP((#5212,#5187,#5176,#5183));
#5216= IFCFACEOUTERBOUND(#5215,.T.);
#5217= IFCFACE((#5216));
#5218= IFCPOLYLOOP((#5187,#5212,#5208,#5204,#5200,#5196,#5192,#5188));
#5219= IFCFACEOUTERBOUND(#5218,.T.);
#5220= IFCFACE((#5219));
#5221= IFCCLOSEDSHELL((#5185,#5190,#5194,#5198,#5202,#5206,#5210,#5214,#5217,#5220));
#5222= IFCFACETEDBREP(#5221);
#5223= IFCSHAPEREPRESENTATION(#41,'Body','Brep',(#5222));
#5224= IFCCARTESIANPOINT((0.,0.,0.));
#5225= IFCDIRECTION((0.,0.,1.));
#5226= IFCDIRECTION((1.,0.,0.));
#5227= IFCAXIS2PLACEMENT3D(#5224,#5225,#5226);
#5228= IFCREPRESENTATIONMAP(#5227,#5223);
#5229= IFCDIRECTION((-0.,1.,-0.));
#5230= IFCDIRECTION((-1.,0.,0.));
#5231= IFCDIRECTION((0.,0.,1.));
#5232= IFCCARTESIANPOINT((5349.666059627938012,-9760.000000000001819,-0.));
#5233= IFCCARTESIANTRANSFORMATIONOPERATOR3D(#5229,#5230,#5232,1.,#5231);
#5234= IFCMAPPEDITEM(#5228,#5233);
#5235= IFCSHAPEREPRESENTATION(#41,'Body','MappedRepresentation',(#5234));
#5236= IFCPOLYLOOP((#5188,#5200,#5196,#5192));
#5237= IFCFACEOUTERBOUND(#5236,.T.);
#5238= IFCFACE((#5237));
#5239= IFCPOLYLOOP((#5240,#5241,#5200,#5188));
#5240= IFCCARTESIANPOINT((10190.000000000001819,4384.666059627938012,0.));
#5241= IFCCARTESIANPOINT((10190.000000000001819,5314.666059627938012,0.));
#5242= IFCFACEOUTERBOUND(#5239,.T.);
#5243= IFCFACE((#5242));
#5244= IFCPOLYLOOP((#5241,#5245,#5196,#5200));
#5245= IFCCARTESIANPOINT((10190.000000000001819,5314.666059627938012,2065.));
#5246= IFCFACEOUTERBOUND(#5244,.T.);
#5247= IFCFACE((#5246));
#5248= IFCPOLYLOOP((#5245,#5249,#5192,#5196));
#5249= IFCCARTESIANPOINT((10190.000000000001819,4384.666059627938012,2065.));
#5250= IFCFACEOUTERBOUND(#5248,.T.);
#5251= IFCFACE((#5250));
#5252= IFCPOLYLOOP((#5249,#5240,#5188,#5192));
#5253= IFCFACEOUTERBOUND(#5252,.T.);
#5254= IFCFACE((#5253));
#5255= IFCPOLYLOOP((#5240,#5249,#5245,#5241));
#5256= IFCFACEOUTERBOUND(#5255,.T.);
#5257= IFCFACE((#5256));
#5258= IFCCLOSEDSHELL((#5238,#5243,#5247,#5251,#5254,#5257));
#5259= IFCFACETEDBREP(#5258);
#5260= IFCSHAPEREPRESENTATION(#41,'Body','Brep',(#5259));
#5261= IFCCARTESIANPOINT((0.,0.,0.));
#5262= IFCDIRECTION((0.,0.,1.));
#5263= IFCDIRECTION((1.,0.,0.));
#5264= IFCAXIS2PLACEMENT3D(#5261,#5262,#5263);
#5265= IFCREPRESENTATIONMAP(#5264,#5260);
#5266= IFCDIRECTION((-0.,1.,-0.));
#5267= IFCDIRECTION((-1.,0.,0.));
#5268= IFCDIRECTION((0.,0.,1.));
#5269= IFCCARTESIANPOINT((5349.666059627938012,-9760.000000000001819,-0.));
#5270= IFCCARTESIANTRANSFORMATIONOPERATOR3D(#5266,#5267,#5269,1.,#5268);
#5271= IFCMAPPEDITEM(#5265,#5270);
#5272= IFCSHAPEREPRESENTATION(#41,'Body','MappedRepresentation',(#5271));
#5273= IFCPOLYLOOP((#5274,#5188,#5192,#5196,#5200,#5275,#5276,#5277));
#5274= IFCCARTESIANPOINT((10240.000000000001819,4349.666059627938012,0.));
#5275= IFCCARTESIANPOINT((10240.000000000001819,5349.666059627938012,0.));
#5276= IFCCARTESIANPOINT((10240.000000000001819,5349.666059627938012,2100.));
#5277= IFCCARTESIANPOINT((10240.000000000001819,4349.666059627938012,2100.));
#5278= IFCFACEOUTERBOUND(#5273,.T.);
#5279= IFCFACE((#5278));
#5280= IFCPOLYLOOP((#5281,#5282,#5188,#5274));
#5281= IFCCARTESIANPOINT((10165.000000000001819,4349.666059627938012,0.));
#5282= IFCCARTESIANPOINT((10165.000000000001819,4384.666059627938012,0.));
#5283= IFCFACEOUTERBOUND(#5280,.T.);
#5284= IFCFACE((#5283));
#5285= IFCPOLYLOOP((#5282,#5286,#5192,#5188));
#5286= IFCCARTESIANPOINT((10165.000000000001819,4384.666059627938012,2065.));
#5287= IFCFACEOUTERBOUND(#5285,.T.);
#5288= IFCFACE((#5287));
#5289= IFCPOLYLOOP((#5286,#5290,#5196,#5192));
#5290= IFCCARTESIANPOINT((10165.000000000001819,5314.666059627938012,2065.));
#5291= IFCFACEOUTERBOUND(#5289,.T.);
#5292= IFCFACE((#5291));
#5293= IFCPOLYLOOP((#5290,#5294,#5200,#5196));
#5294= IFCCARTESIANPOINT((10165.000000000001819,5314.666059627938012,0.));
#5295= IFCFACEOUTERBOUND(#5293,.T.);
#5296= IFCFACE((#5295));
#5297= IFCPOLYLOOP((#5294,#5298,#5275,#5200));
#5298= IFCCARTESIANPOINT((10165.000000000001819,5349.666059627938012,0.));
#5299= IFCFACEOUTERBOUND(#5297,.T.);
#5300= IFCFACE((#5299));
#5301= IFCPOLYLOOP((#5298,#5302,#5276,#5275));
#5302= IFCCARTESIANPOINT((10165.000000000001819,5349.666059627938012,2100.));
#5303= IFCFACEOUTERBOUND(#5301,.T.);
#5304= IFCFACE((#5303));
#5305= IFCPOLYLOOP((#5302,#5306,#5277,#5276));
#5306= IFCCARTESIANPOINT((10165.000000000001819,4349.666059627938012,2100.));
#5307= IFCFACEOUTERBOUND(#5305,.T.);
#5308= IFCFACE((#5307));
#5309= IFCPOLYLOOP((#5306,#5281,#5274,#5277));
#5310= IFCFACEOUTERBOUND(#5309,.T.);
#5311= IFCFACE((#5310));
#5312= IFCPOLYLOOP((#5281,#5306,#5302,#5298,#5294,#5290,#5286,#5282));
#5313= IFCFACEOUTERBOUND(#5312,.T.);
#5314= IFCFACE((#5313));
#5315= IFCCLOSEDSHELL((#5279,#5284,#5288,#5292,#5296,#5300,#5304,#5308,#5311,#5314));
#5316= IFCFACETEDBREP(#5315);
#5317= IFCSHAPEREPRESENTATION(#41,'Body','Brep',(#5316));
#5318= IFCCARTESIANPOINT((0.,0.,0.));
#5319= IFCDIRECTION((0.,0.,1.));
#5320= IFCDIRECTION((1.,0.,0.));
#5321= IFCAXIS2PLACEMENT3D(#5318,#5319,#5320);
#5322= IFCREPRESENTATIONMAP(#5321,#5317);
#5323= IFCDIRECTION((-0.,1.,-0.));
#5324= IFCDIRECTION((-1.,0.,0.));
#5325= IFCDIRECTION((0.,0.,1.));
#5326= IFCCARTESIANPOINT((5349.666059627938012,-9760.000000000001819,-0.));
#5327= IFCCARTESIANTRANSFORMATIONOPERATOR3D(#5323,#5324,#5326,1.,#5325);
#5328= IFCMAPPEDITEM(#5322,#5327);
#5329= IFCSHAPEREPRESENTATION(#41,'Body','MappedRepresentation',(#5328));
#5330= IFCSHAPEREPRESENTATION(#41,'Body','MappedRepresentation',(#5234,#5271,#5328));
#5331= IFCSHAPEASPECT((#5235),'Casing',$,.U.,#5338);
#5332= IFCSHAPEASPECT((#5272),'Framing',$,.U.,#5338);
#5333= IFCSHAPEASPECT((#5329),'Lining',$,.U.,#5338);
#5334= IFCCARTESIANPOINTLIST2D(((1000.,0.),(0.,0.)));
#5335= IFCINDEXEDPOLYCURVE(#5334,(IFCLINEINDEX((1,2))),$);
#5336= IFCGEOMETRICCURVESET((#5335));
#5337= IFCSHAPEREPRESENTATION(#43,'FootPrint','GeometricCurveSet',(#5336));
#5338= IFCPRODUCTDEFINITIONSHAPE($,$,(#5330,#5337));
#5339= IFCCARTESIANPOINT((1000.,480.,0.));
#5340= IFCDIRECTION((0.,0.,1.));
#5341= IFCDIRECTION((-1.,0.,0.));
#5342= IFCAXIS2PLACEMENT3D(#5339,#5340,#5341);
#5343= IFCLOCALPLACEMENT(#5171,#5342);
#5344= IFCRELFILLSELEMENT('3NPXIOW_L1sxMpaQGOTn9I',$,$,$,#5173,#5174);
#5345= IFCDOORPANELPROPERTIES('3cpNHYntDDDuAC_KASLudd',$,'\X2\042004300441043F04300448043D043E0435\X0\',$,50.,.SWINGING.,1.,.LEFT.,$);
#5346= IFCDOORLININGPROPERTIES('3OJyGlss5F$BSA7N3gSkc5',$,'Door Lining Properties',$,75.,35.,$,$,$,$,405.,$,$,$,$,$,$);
#5347= IFCDOORTYPE('0T8FQdg92VGRTGW9FeH3Gi',$,'\X2\041E0434043D043E043F043E043B044C043D0430044F\X0\ \X2\044004300441043F04300448043D0430044F\X0\ (\X2\0433043B04430445043E0435\X0\ \X2\0441043204350442043B043E0435\X0\)',$,$,(#5346,#5345,#13000),$,$,$,.DOOR.,.SINGLE_SWING_LEFT.,.F.,$);
#5348= IFCRELDEFINESBYTYPE('05c1Pyz0XAnB$cAAtLZyNB',$,$,$,(#5174,#5368),#5347);
#5349= IFCCARTESIANPOINT((500.,1050.));
#5350= IFCDIRECTION((1.,0.));
#5351= IFCAXIS2PLACEMENT2D(#5349,#5350);
#5352= IFCRECTANGLEPROFILEDEF(.AREA.,$,#5351,1000.,2100.);
#5353= IFCCARTESIANPOINT((0.,0.,0.));
#5354= IFCDIRECTION((0.,-1.,0.));
#5355= IFCDIRECTION((1.,0.,0.));
#5356= IFCAXIS2PLACEMENT3D(#5353,#5354,#5355);
#5357= IFCDIRECTION((0.,0.,-1.));
#5358= IFCEXTRUDEDAREASOLID(#5352,#5356,#5357,480.);
#5359= IFCSHAPEREPRESENTATION(#44,'Reference','SweptSolid',(#5358));
#5360= IFCPRODUCTDEFINITIONSHAPE($,$,(#5359));
#5361= IFCCARTESIANPOINT((9194.99999999998181,-240.,200.));
#5362= IFCDIRECTION((0.,-0.,1.));
#5363= IFCDIRECTION((1.,0.,0.));
#5364= IFCAXIS2PLACEMENT3D(#5361,#5362,#5363);
#5365= IFCLOCALPLACEMENT(#316,#5364);
#5366= IFCRELVOIDSELEMENT('0FCrk2Rv52$PRbHVQzdgcj',$,$,$,#311,#5367);
#5367= IFCOPENINGELEMENT('3T3pjiLp$nIgE2t7TrdF9E',$,'\X2\0414043204350440044C\X0\ - \X2\041E0434043D043E043F043E043B044C043D0430044F\X0\ \X2\044004300441043F04300448043D0430044F\X0\ (\X2\0433043B04430445043E0435\X0\ \X2\0441043204350442043B043E0435\X0\): 1\X2\00A0\X0\000,00 \X2\043C043C\X0\ x 2\X2\00A0\X0\100,00 \X2\043C043C\X0\',$,$,#5365,#5360,$,.OPENING.);
#5368= IFCDOOR('2FCauDu75D98wTrp5F4CHb',$,'\X2\0414043204350440044C\X0\ - \X2\041E0434043D043E043F043E043B044C043D0430044F\X0\ \X2\044004300441043F04300448043D0430044F\X0\ (\X2\0433043B04430445043E0435\X0\ \X2\0441043204350442043B043E0435\X0\): 1\X2\00A0\X0\000,00 \X2\043C043C\X0\ x 2\X2\00A0\X0\100,00 \X2\043C043C\X0\',$,$,#5403,#5398,$,2100.,1000.,$,$,$);
#5369= IFCDIRECTION((-0.,1.,-0.));
#5370= IFCDIRECTION((-1.,0.,0.));
#5371= IFCDIRECTION((0.,0.,1.));
#5372= IFCCARTESIANPOINT((5349.666059627939831,-9760.000000000001819,0.));
#5373= IFCCARTESIANTRANSFORMATIONOPERATOR3D(#5369,#5370,#5372,1.,#5371);
#5374= IFCMAPPEDITEM(#5228,#5373);
#5375= IFCSHAPEREPRESENTATION(#41,'Body','MappedRepresentation',(#5374));
#5376= IFCDIRECTION((-0.,1.,-0.));
#5377= IFCDIRECTION((-1.,0.,0.));
#5378= IFCDIRECTION((0.,0.,1.));
#5379= IFCCARTESIANPOINT((5349.666059627939831,-9760.000000000001819,0.));
#5380= IFCCARTESIANTRANSFORMATIONOPERATOR3D(#5376,#5377,#5379,1.,#5378);
#5381= IFCMAPPEDITEM(#5265,#5380);
#5382= IFCSHAPEREPRESENTATION(#41,'Body','MappedRepresentation',(#5381));
#5383= IFCDIRECTION((-0.,1.,-0.));
#5384= IFCDIRECTION((-1.,0.,0.));
#5385= IFCDIRECTION((0.,0.,1.));
#5386= IFCCARTESIANPOINT((5349.666059627939831,-9760.000000000001819,0.));
#5387= IFCCARTESIANTRANSFORMATIONOPERATOR3D(#5383,#5384,#5386,1.,#5385);
#5388= IFCMAPPEDITEM(#5322,#5387);
#5389= IFCSHAPEREPRESENTATION(#41,'Body','MappedRepresentation',(#5388));
#5390= IFCSHAPEREPRESENTATION(#41,'Body','MappedRepresentation',(#5374,#5381,#5388));
#5391= IFCSHAPEASPECT((#5375),'Casing',$,.U.,#5398);
#5392= IFCSHAPEASPECT((#5382),'Framing',$,.U.,#5398);
#5393= IFCSHAPEASPECT((#5389),'Lining',$,.U.,#5398);
#5394= IFCCARTESIANPOINTLIST2D(((1000.000000000001819,0.),(0.,0.)));
#5395= IFCINDEXEDPOLYCURVE(#5394,(IFCLINEINDEX((1,2))),$);
#5396= IFCGEOMETRICCURVESET((#5395));
#5397= IFCSHAPEREPRESENTATION(#43,'FootPrint','GeometricCurveSet',(#5396));
#5398= IFCPRODUCTDEFINITIONSHAPE($,$,(#5390,#5397));
#5399= IFCCARTESIANPOINT((1000.000000000001819,480.,0.));
#5400= IFCDIRECTION((0.,0.,1.));
#5401= IFCDIRECTION((-1.,0.,0.));
#5402= IFCAXIS2PLACEMENT3D(#5399,#5400,#5401);
#5403= IFCLOCALPLACEMENT(#5365,#5402);
#5404= IFCRELFILLSELEMENT('3n3OcxOxDF8hatlsOn4lvW',$,$,$,#5367,#5368);
#5405= IFCCARTESIANPOINT((820.,1050.));
#5406= IFCDIRECTION((1.,0.));
#5407= IFCAXIS2PLACEMENT2D(#5405,#5406);
#5408= IFCRECTANGLEPROFILEDEF(.AREA.,$,#5407,1640.,2100.);
#5409= IFCCARTESIANPOINT((0.,0.,0.));
#5410= IFCDIRECTION((0.,-1.,0.));
#5411= IFCDIRECTION((1.,0.,0.));
#5412= IFCAXIS2PLACEMENT3D(#5409,#5410,#5411);
#5413= IFCDIRECTION((0.,0.,-1.));
#5414= IFCEXTRUDEDAREASOLID(#5408,#5412,#5413,400.);
#5415= IFCSHAPEREPRESENTATION(#44,'Reference','SweptSolid',(#5414));
#5416= IFCPRODUCTDEFINITIONSHAPE($,$,(#5415));
#5417= IFCCARTESIANPOINT((7059.99999999998181,200.000000000000909,200.));
#5418= IFCDIRECTION((0.,0.,1.));
#5419= IFCDIRECTION((-1.,-0.,0.));
#5420= IFCAXIS2PLACEMENT3D(#5417,#5418,#5419);
#5421= IFCLOCALPLACEMENT(#639,#5420);
#5422= IFCRELVOIDSELEMENT('3kRHCDG895VRQmcZt6EBsm',$,$,$,#634,#5423);
#5423= IFCOPENINGELEMENT('3rdo_dPKAYHgY9yU3EvhdV',$,'\X2\0414043204350440044C\X0\ - \X2\041404320443043F043E043B044C043D0430044F\X0\ \X2\044004300441043F04300448043D0430044F\X0\ (\X2\0433043B04430445043E0435\X0\): 1\X2\00A0\X0\640,00 \X2\043C043C\X0\ x 2\X2\00A0\X0\100,00 \X2\043C043C\X0\',$,$,#5421,#5416,$,.OPENING.);
#5424= IFCDOOR('1YRgCyS0PBxPMOe167SMBr',$,'\X2\0414043204350440044C\X0\ - \X2\041404320443043F043E043B044C043D0430044F\X0\ \X2\044004300441043F04300448043D0430044F\X0\ (\X2\0433043B04430445043E0435\X0\): 1\X2\00A0\X0\640,00 \X2\043C043C\X0\ x 2\X2\00A0\X0\100,00 \X2\043C043C\X0\',$,$,#5629,#5624,$,2100.,1640.,$,$,$);
#5425= IFCPOLYLOOP((#5426,#5427,#5428,#5429,#5430,#5431,#5432,#5433));
#5426= IFCCARTESIANPOINT((2905.000000000022283,6189.999999999968168,0.));
#5427= IFCCARTESIANPOINT((2975.000000000022283,6189.999999999968168,0.));
#5428= IFCCARTESIANPOINT((2975.000000000022283,6189.999999999968168,2065.));
#5429= IFCCARTESIANPOINT((4545.000000000021828,6189.999999999968168,2065.));
#5430= IFCCARTESIANPOINT((4545.000000000021828,6189.999999999968168,0.));
#5431= IFCCARTESIANPOINT((4615.000000000021828,6189.999999999968168,0.));
#5432= IFCCARTESIANPOINT((4615.000000000021828,6189.999999999968168,2135.));
#5433= IFCCARTESIANPOINT((2905.000000000022737,6189.999999999968168,2135.));
#5434= IFCFACEOUTERBOUND(#5425,.T.);
#5435= IFCFACE((#5434));
#5436= IFCPOLYLOOP((#5437,#5438,#5427,#5426));
#5437= IFCCARTESIANPOINT((2905.000000000022283,6199.999999999968168,0.));
#5438= IFCCARTESIANPOINT((2975.000000000022283,6199.999999999968168,0.));
#5439= IFCFACEOUTERBOUND(#5436,.T.);
#5440= IFCFACE((#5439));
#5441= IFCPOLYLOOP((#5438,#5442,#5428,#5427));
#5442= IFCCARTESIANPOINT((2975.000000000022283,6199.999999999968168,2065.));
#5443= IFCFACEOUTERBOUND(#5441,.T.);
#5444= IFCFACE((#5443));
#5445= IFCPOLYLOOP((#5442,#5446,#5429,#5428));
#5446= IFCCARTESIANPOINT((4545.000000000021828,6199.999999999968168,2065.));
#5447= IFCFACEOUTERBOUND(#5445,.T.);
#5448= IFCFACE((#5447));
#5449= IFCPOLYLOOP((#5446,#5450,#5430,#5429));
#5450= IFCCARTESIANPOINT((4545.000000000021828,6199.999999999968168,0.));
#5451= IFCFACEOUTERBOUND(#5449,.T.);
#5452= IFCFACE((#5451));
#5453= IFCPOLYLOOP((#5450,#5454,#5431,#5430));
#5454= IFCCARTESIANPOINT((4615.000000000021828,6199.999999999968168,0.));
#5455= IFCFACEOUTERBOUND(#5453,.T.);
#5456= IFCFACE((#5455));
#5457= IFCPOLYLOOP((#5454,#5458,#5432,#5431));
#5458= IFCCARTESIANPOINT((4615.000000000021828,6199.999999999968168,2135.));
#5459= IFCFACEOUTERBOUND(#5457,.T.);
#5460= IFCFACE((#5459));
#5461= IFCPOLYLOOP((#5458,#5462,#5433,#5432));
#5462= IFCCARTESIANPOINT((2905.000000000022737,6199.999999999968168,2135.));
#5463= IFCFACEOUTERBOUND(#5461,.T.);
#5464= IFCFACE((#5463));
#5465= IFCPOLYLOOP((#5462,#5437,#5426,#5433));
#5466= IFCFACEOUTERBOUND(#5465,.T.);
#5467= IFCFACE((#5466));
#5468= IFCPOLYLOOP((#5437,#5462,#5458,#5454,#5450,#5446,#5442,#5438));
#5469= IFCFACEOUTERBOUND(#5468,.T.);
#5470= IFCFACE((#5469));
#5471= IFCCLOSEDSHELL((#5435,#5440,#5444,#5448,#5452,#5456,#5460,#5464,#5467,#5470));
#5472= IFCFACETEDBREP(#5471);
#5473= IFCSHAPEREPRESENTATION(#41,'Body','Brep',(#5472));
#5474= IFCCARTESIANPOINT((0.,0.,0.));
#5475= IFCDIRECTION((0.,0.,1.));
#5476= IFCDIRECTION((1.,0.,0.));
#5477= IFCAXIS2PLACEMENT3D(#5474,#5475,#5476);
#5478= IFCREPRESENTATIONMAP(#5477,#5473);
#5479= IFCDIRECTION((-1.,0.000000000000001,0.));
#5480= IFCDIRECTION((-0.000000000000001,-1.,0.));
#5481= IFCDIRECTION((0.,0.,1.));
#5482= IFCCARTESIANPOINT((4580.000000000025466,6599.999999999966349,-0.));
#5483= IFCCARTESIANTRANSFORMATIONOPERATOR3D(#5479,#5480,#5482,1.,#5481);
#5484= IFCMAPPEDITEM(#5478,#5483);
#5485= IFCSHAPEREPRESENTATION(#41,'Body','MappedRepresentation',(#5484));
#5486= IFCPOLYLOOP((#5487,#5442,#5438,#5488));
#5487= IFCCARTESIANPOINT((3760.000000000021828,6199.999999999968168,2065.));
#5488= IFCCARTESIANPOINT((3760.000000000022283,6199.999999999968168,0.));
#5489= IFCFACEOUTERBOUND(#5486,.T.);
#5490= IFCFACE((#5489));
#5491= IFCPOLYLOOP((#5492,#5493,#5442,#5487));
#5492= IFCCARTESIANPOINT((3760.000000000021828,6249.999999999968168,2065.));
#5493= IFCCARTESIANPOINT((2975.000000000022283,6249.999999999968168,2065.));
#5494= IFCFACEOUTERBOUND(#5491,.T.);
#5495= IFCFACE((#5494));
#5496= IFCPOLYLOOP((#5493,#5497,#5438,#5442));
#5497= IFCCARTESIANPOINT((2975.000000000022283,6249.999999999968168,0.));
#5498= IFCFACEOUTERBOUND(#5496,.T.);
#5499= IFCFACE((#5498));
#5500= IFCPOLYLOOP((#5497,#5501,#5488,#5438));
#5501= IFCCARTESIANPOINT((3760.000000000022283,6249.999999999968168,0.));
#5502= IFCFACEOUTERBOUND(#5500,.T.);
#5503= IFCFACE((#5502));
#5504= IFCPOLYLOOP((#5501,#5492,#5487,#5488));
#5505= IFCFACEOUTERBOUND(#5504,.T.);
#5506= IFCFACE((#5505));
#5507= IFCPOLYLOOP((#5492,#5501,#5497,#5493));
#5508= IFCFACEOUTERBOUND(#5507,.T.);
#5509= IFCFACE((#5508));
#5510= IFCCLOSEDSHELL((#5490,#5495,#5499,#5503,#5506,#5509));
#5511= IFCFACETEDBREP(#5510);
#5512= IFCSHAPEREPRESENTATION(#41,'Body','Brep',(#5511));
#5513= IFCCARTESIANPOINT((0.,0.,0.));
#5514= IFCDIRECTION((0.,0.,1.));
#5515= IFCDIRECTION((1.,0.,0.));
#5516= IFCAXIS2PLACEMENT3D(#5513,#5514,#5515);
#5517= IFCREPRESENTATIONMAP(#5516,#5512);
#5518= IFCDIRECTION((-1.,0.000000000000001,0.));
#5519= IFCDIRECTION((-0.000000000000001,-1.,0.));
#5520= IFCDIRECTION((0.,0.,1.));
#5521= IFCCARTESIANPOINT((4580.000000000025466,6599.999999999966349,-0.));
#5522= IFCCARTESIANTRANSFORMATIONOPERATOR3D(#5518,#5519,#5521,1.,#5520);
#5523= IFCMAPPEDITEM(#5517,#5522);
#5524= IFCPOLYLOOP((#5488,#5450,#5446,#5487));
#5525= IFCFACEOUTERBOUND(#5524,.T.);
#5526= IFCFACE((#5525));
#5527= IFCPOLYLOOP((#5501,#5528,#5450,#5488));
#5528= IFCCARTESIANPOINT((4545.000000000021828,6249.999999999968168,0.));
#5529= IFCFACEOUTERBOUND(#5527,.T.);
#5530= IFCFACE((#5529));
#5531= IFCPOLYLOOP((#5528,#5532,#5446,#5450));
#5532= IFCCARTESIANPOINT((4545.000000000021828,6249.999999999968168,2065.));
#5533= IFCFACEOUTERBOUND(#5531,.T.);
#5534= IFCFACE((#5533));
#5535= IFCPOLYLOOP((#5532,#5492,#5487,#5446));
#5536= IFCFACEOUTERBOUND(#5535,.T.);
#5537= IFCFACE((#5536));
#5538= IFCPOLYLOOP((#5492,#5501,#5488,#5487));
#5539= IFCFACEOUTERBOUND(#5538,.T.);
#5540= IFCFACE((#5539));
#5541= IFCPOLYLOOP((#5501,#5492,#5532,#5528));
#5542= IFCFACEOUTERBOUND(#5541,.T.);
#5543= IFCFACE((#5542));
#5544= IFCCLOSEDSHELL((#5526,#5530,#5534,#5537,#5540,#5543));
#5545= IFCFACETEDBREP(#5544);
#5546= IFCSHAPEREPRESENTATION(#41,'Body','Brep',(#5545));
#5547= IFCCARTESIANPOINT((0.,0.,0.));
#5548= IFCDIRECTION((0.,0.,1.));
#5549= IFCDIRECTION((1.,0.,0.));
#5550= IFCAXIS2PLACEMENT3D(#5547,#5548,#5549);
#5551= IFCREPRESENTATIONMAP(#5550,#5546);
#5552= IFCDIRECTION((-1.,0.000000000000001,0.));
#5553= IFCDIRECTION((-0.000000000000001,-1.,0.));
#5554= IFCDIRECTION((0.,0.,1.));
#5555= IFCCARTESIANPOINT((4580.000000000025466,6599.999999999966349,-0.));
#5556= IFCCARTESIANTRANSFORMATIONOPERATOR3D(#5552,#5553,#5555,1.,#5554);
#5557= IFCMAPPEDITEM(#5551,#5556);
#5558= IFCSHAPEREPRESENTATION(#41,'Body','MappedRepresentation',(#5523,#5557));
#5559= IFCPOLYLOOP((#5560,#5438,#5442,#5446,#5450,#5561,#5562,#5563));
#5560= IFCCARTESIANPOINT((2940.000000000022283,6199.999999999968168,0.));
#5561= IFCCARTESIANPOINT((4580.000000000021828,6199.999999999968168,0.));
#5562= IFCCARTESIANPOINT((4580.000000000021828,6199.999999999968168,2100.));
#5563= IFCCARTESIANPOINT((2940.000000000022283,6199.999999999968168,2100.));
#5564= IFCFACEOUTERBOUND(#5559,.T.);
#5565= IFCFACE((#5564));
#5566= IFCPOLYLOOP((#5567,#5568,#5438,#5560));
#5567= IFCCARTESIANPOINT((2940.000000000022283,6274.999999999968168,0.));
#5568= IFCCARTESIANPOINT((2975.000000000022283,6274.999999999968168,0.));
#5569= IFCFACEOUTERBOUND(#5566,.T.);
#5570= IFCFACE((#5569));
#5571= IFCPOLYLOOP((#5568,#5572,#5442,#5438));
#5572= IFCCARTESIANPOINT((2975.000000000022283,6274.999999999968168,2065.));
#5573= IFCFACEOUTERBOUND(#5571,.T.);
#5574= IFCFACE((#5573));
#5575= IFCPOLYLOOP((#5572,#5576,#5446,#5442));
#5576= IFCCARTESIANPOINT((4545.000000000021828,6274.999999999968168,2065.));
#5577= IFCFACEOUTERBOUND(#5575,.T.);
#5578= IFCFACE((#5577));
#5579= IFCPOLYLOOP((#5576,#5580,#5450,#5446));
#5580= IFCCARTESIANPOINT((4545.000000000021828,6274.999999999968168,0.));
#5581= IFCFACEOUTERBOUND(#5579,.T.);
#5582= IFCFACE((#5581));
#5583= IFCPOLYLOOP((#5580,#5584,#5561,#5450));
#5584= IFCCARTESIANPOINT((4580.000000000021828,6274.999999999968168,0.));
#5585= IFCFACEOUTERBOUND(#5583,.T.);
#5586= IFCFACE((#5585));
#5587= IFCPOLYLOOP((#5584,#5588,#5562,#5561));
#5588= IFCCARTESIANPOINT((4580.000000000021828,6274.999999999968168,2100.));
#5589= IFCFACEOUTERBOUND(#5587,.T.);
#5590= IFCFACE((#5589));
#5591= IFCPOLYLOOP((#5588,#5592,#5563,#5562));
#5592= IFCCARTESIANPOINT((2940.000000000022283,6274.999999999968168,2100.));
#5593= IFCFACEOUTERBOUND(#5591,.T.);
#5594= IFCFACE((#5593));
#5595= IFCPOLYLOOP((#5592,#5567,#5560,#5563));
#5596= IFCFACEOUTERBOUND(#5595,.T.);
#5597= IFCFACE((#5596));
#5598= IFCPOLYLOOP((#5567,#5592,#5588,#5584,#5580,#5576,#5572,#5568));
#5599= IFCFACEOUTERBOUND(#5598,.T.);
#5600= IFCFACE((#5599));
#5601= IFCCLOSEDSHELL((#5565,#5570,#5574,#5578,#5582,#5586,#5590,#5594,#5597,#5600));
#5602= IFCFACETEDBREP(#5601);
#5603= IFCSHAPEREPRESENTATION(#41,'Body','Brep',(#5602));
#5604= IFCCARTESIANPOINT((0.,0.,0.));
#5605= IFCDIRECTION((0.,0.,1.));
#5606= IFCDIRECTION((1.,0.,0.));
#5607= IFCAXIS2PLACEMENT3D(#5604,#5605,#5606);
#5608= IFCREPRESENTATIONMAP(#5607,#5603);
#5609= IFCDIRECTION((-1.,0.000000000000001,0.));
#5610= IFCDIRECTION((-0.000000000000001,-1.,0.));
#5611= IFCDIRECTION((0.,0.,1.));
#5612= IFCCARTESIANPOINT((4580.000000000025466,6599.999999999966349,-0.));
#5613= IFCCARTESIANTRANSFORMATIONOPERATOR3D(#5609,#5610,#5612,1.,#5611);
#5614= IFCMAPPEDITEM(#5608,#5613);
#5615= IFCSHAPEREPRESENTATION(#41,'Body','MappedRepresentation',(#5614));
#5616= IFCSHAPEREPRESENTATION(#41,'Body','MappedRepresentation',(#5484,#5523,#5557,#5614));
#5617= IFCSHAPEASPECT((#5485),'Casing',$,.U.,#5624);
#5618= IFCSHAPEASPECT((#5558),'Framing',$,.U.,#5624);
#5619= IFCSHAPEASPECT((#5615),'Lining',$,.U.,#5624);
#5620= IFCCARTESIANPOINTLIST2D(((1639.999999999999545,0.),(0.,0.)));
#5621= IFCINDEXEDPOLYCURVE(#5620,(IFCLINEINDEX((1,2))),$);
#5622= IFCGEOMETRICCURVESET((#5621));
#5623= IFCSHAPEREPRESENTATION(#43,'FootPrint','GeometricCurveSet',(#5622));
#5624= IFCPRODUCTDEFINITIONSHAPE($,$,(#5616,#5623));
#5625= IFCCARTESIANPOINT((1639.999999999999545,400.000000000000909,0.));
#5626= IFCDIRECTION((0.,0.,1.));
#5627= IFCDIRECTION((-1.,-0.000000000000001,0.));
#5628= IFCAXIS2PLACEMENT3D(#5625,#5626,#5627);
#5629= IFCLOCALPLACEMENT(#5421,#5628);
#5630= IFCRELFILLSELEMENT('34vvidMQrEtR2D_Lk_oTQQ',$,$,$,#5423,#5424);
#5631= IFCDOORPANELPROPERTIES('07bcAdTdr4wgfMp5E0gvFa',$,'\X2\042004300441043F04300448043D043E0435\X0\',$,50.,.SWINGING.,0.5,.LEFT.,$);
#5632= IFCDOORPANELPROPERTIES('2mAFjYi_9Cj8KwupB1N0A8',$,'\X2\042004300441043F04300448043D043E0435\X0\',$,50.,.SWINGING.,0.5,.RIGHT.,$);
#5633= IFCDOORLININGPROPERTIES('1dKJyCClT9WgboxdclGF3T',$,'Door Lining Properties',$,75.,35.,$,$,$,$,325.,$,$,$,$,$,$);
#5634= IFCDOORTYPE('2lhKz2uMdqHB3NOKPYa88d',$,'\X2\041404320443043F043E043B044C043D0430044F\X0\ \X2\044004300441043F04300448043D0430044F\X0\ (\X2\0433043B04430445043E0435\X0\)',$,$,(#5633,#5631,#5632,#13038),$,$,$,.DOOR.,.DOUBLE_DOOR_SINGLE_SWING.,.F.,$);
#5635= IFCRELDEFINESBYTYPE('1CzvywgGvCERJ2bL_Afh3_',$,$,$,(#5424),#5634);
#5636= IFCMATERIAL('\X2\0414044004350432043504410438043D0430\X0\ \X2\04420451043C043D0430044F\X0\',$,$);
#5637= IFCCOLOURRGB($,0.4,0.333333333333333,0.333333333333333);
#5638= IFCSURFACESTYLESHADING(#5637,$);
#5639= IFCSURFACESTYLE($,.BOTH.,(#5638));
#5640= IFCSTYLEDITEM($,(#5639),$);
#5641= IFCSTYLEDREPRESENTATION(#5,$,$,(#5640));
#5642= IFCMATERIALDEFINITIONREPRESENTATION($,$,(#5641),#5636);
#5643= IFCMATERIALCONSTITUENT('Casing',$,#5636,$,$);
#5644= IFCMATERIALCONSTITUENT('Framing',$,#5636,$,$);
#5645= IFCMATERIALCONSTITUENT('Lining',$,#5636,$,$);
#5646= IFCMATERIALCONSTITUENTSET($,$,(#5643,#5644,#5645));
#5647= IFCRELASSOCIATESMATERIAL('0WucYvxc5DfPggaKtlHdPt',$,$,$,(#5424),#5646);
#5648= IFCCARTESIANPOINT((1000.,1050.));
#5649= IFCDIRECTION((1.,0.));
#5650= IFCAXIS2PLACEMENT2D(#5648,#5649);
#5651= IFCRECTANGLEPROFILEDEF(.AREA.,$,#5650,2000.,2100.);
#5652= IFCCARTESIANPOINT((0.,0.,0.));
#5653= IFCDIRECTION((0.,-1.,0.));
#5654= IFCDIRECTION((1.,0.,0.));
#5655= IFCAXIS2PLACEMENT3D(#5652,#5653,#5654);
#5656= IFCDIRECTION((0.,0.,-1.));
#5657= IFCEXTRUDEDAREASOLID(#5651,#5655,#5656,400.);
#5658= IFCSHAPEREPRESENTATION(#44,'Reference','SweptSolid',(#5657));
#5659= IFCPRODUCTDEFINITIONSHAPE($,$,(#5658));
#5660= IFCCOLOURRGB($,0.4,0.317647058823529,0.317647058823529);
#5661= IFCSURFACESTYLESHADING(#5660,$);
#5662= IFCSURFACESTYLE($,.BOTH.,(#5661));
#5663= IFCSTYLEDITEM(#5657,(#5662),$);
#5664= IFCCARTESIANPOINT((2100.00000000003638,-160.,200.));
#5665= IFCDIRECTION((0.,0.,1.));
#5666= IFCDIRECTION((1.,0.,0.));
#5667= IFCAXIS2PLACEMENT3D(#5664,#5665,#5666);
#5668= IFCLOCALPLACEMENT(#250,#5667);
#5669= IFCRELVOIDSELEMENT('0nHv7vp8T9Rw1ItglNuBqK',$,$,$,#245,#5670);
#5670= IFCOPENINGELEMENT('1jUO9gliPyGuomZ1GXTs2O',$,'\X2\0414043204350440044C\X0\ - (\X2\043D04350442\X0\): 2\X2\00A0\X0\000,00 \X2\043C043C\X0\ x 2\X2\00A0\X0\100,00 \X2\043C043C\X0\',$,$,#5668,#5659,$,.OPENING.);
#5671= IFCCARTESIANPOINT((500.,1050.));
#5672= IFCDIRECTION((1.,0.));
#5673= IFCAXIS2PLACEMENT2D(#5671,#5672);
#5674= IFCRECTANGLEPROFILEDEF(.AREA.,$,#5673,1000.,2100.);
#5675= IFCCARTESIANPOINT((0.,0.,0.));
#5676= IFCDIRECTION((0.,-1.,0.));
#5677= IFCDIRECTION((1.,0.,0.));
#5678= IFCAXIS2PLACEMENT3D(#5675,#5676,#5677);
#5679= IFCDIRECTION((0.,0.,-1.));
#5680= IFCEXTRUDEDAREASOLID(#5674,#5678,#5679,10.);
#5681= IFCSHAPEREPRESENTATION(#44,'Reference','SweptSolid',(#5680));
#5682= IFCPRODUCTDEFINITIONSHAPE($,$,(#5681));
#5683= IFCSTYLEDITEM(#5680,(#5662),$);
#5684= IFCCARTESIANPOINT((3189.666059627945288,-10.,0.));
#5685= IFCDIRECTION((0.,0.,1.));
#5686= IFCDIRECTION((1.,0.,0.));
#5687= IFCAXIS2PLACEMENT3D(#5684,#5685,#5686);
#5688= IFCLOCALPLACEMENT(#2263,#5687);
#5689= IFCRELVOIDSELEMENT('0PEYcn8pbAHwENsfqwGiOh',$,$,$,#2258,#5690);
#5690= IFCOPENINGELEMENT('0WSxD3psMFG90GseIjLIsh',$,'\X2\0414043204350440044C\X0\ - (\X2\043D04350442\X0\): 1\X2\00A0\X0\000,00 \X2\043C043C\X0\ x 2\X2\00A0\X0\100,00 \X2\043C043C\X0\',$,$,#5688,#5682,$,.OPENING.);
#5691= IFCCARTESIANPOINT((500.,1050.));
#5692= IFCDIRECTION((1.,0.));
#5693= IFCAXIS2PLACEMENT2D(#5691,#5692);
#5694= IFCRECTANGLEPROFILEDEF(.AREA.,$,#5693,1000.,2100.);
#5695= IFCCARTESIANPOINT((0.,0.,0.));
#5696= IFCDIRECTION((0.,-1.,0.));
#5697= IFCDIRECTION((1.,0.,0.));
#5698= IFCAXIS2PLACEMENT3D(#5695,#5696,#5697);
#5699= IFCDIRECTION((0.,0.,-1.));
#5700= IFCEXTRUDEDAREASOLID(#5694,#5698,#5699,10.);
#5701= IFCSHAPEREPRESENTATION(#44,'Reference','SweptSolid',(#5700));
#5702= IFCPRODUCTDEFINITIONSHAPE($,$,(#5701));
#5703= IFCSTYLEDITEM(#5700,(#5662),$);
#5704= IFCCARTESIANPOINT((9434.999999999972715,-10.,0.));
#5705= IFCDIRECTION((0.,0.,1.));
#5706= IFCDIRECTION((1.,0.,0.));
#5707= IFCAXIS2PLACEMENT3D(#5704,#5705,#5706);
#5708= IFCLOCALPLACEMENT(#2263,#5707);
#5709= IFCRELVOIDSELEMENT('0N4mHZmy9C_hgbDYS4csu_',$,$,$,#2258,#5710);
#5710= IFCOPENINGELEMENT('0JARloPKcaJAfgYYPhcY_3',$,'\X2\0414043204350440044C\X0\ - (\X2\043D04350442\X0\): 1\X2\00A0\X0\000,00 \X2\043C043C\X0\ x 2\X2\00A0\X0\100,00 \X2\043C043C\X0\',$,$,#5708,#5702,$,.OPENING.);
#5711= IFCCARTESIANPOINT((450.,1050.));
#5712= IFCDIRECTION((1.,0.));
#5713= IFCAXIS2PLACEMENT2D(#5711,#5712);
#5714= IFCRECTANGLEPROFILEDEF(.AREA.,$,#5713,900.,2100.);
#5715= IFCCARTESIANPOINT((0.,0.,0.));
#5716= IFCDIRECTION((0.,-1.,0.));
#5717= IFCDIRECTION((1.,0.,0.));
#5718= IFCAXIS2PLACEMENT3D(#5715,#5716,#5717);
#5719= IFCDIRECTION((0.,0.,-1.));
#5720= IFCEXTRUDEDAREASOLID(#5714,#5718,#5719,10.);
#5721= IFCSHAPEREPRESENTATION(#44,'Reference','SweptSolid',(#5720));
#5722= IFCPRODUCTDEFINITIONSHAPE($,$,(#5721));
#5723= IFCSTYLEDITEM(#5720,(#5662),$);
#5724= IFCCARTESIANPOINT((4244.406754598514453,-10.,0.));
#5725= IFCDIRECTION((0.,-0.,1.));
#5726= IFCDIRECTION((1.,0.,0.));
#5727= IFCAXIS2PLACEMENT3D(#5724,#5725,#5726);
#5728= IFCLOCALPLACEMENT(#2481,#5727);
#5729= IFCRELVOIDSELEMENT('0a4lMgA9128eLBjk8Tmh2I',$,$,$,#2476,#5730);
#5730= IFCOPENINGELEMENT('3Nbw2UstcPGurnmdyi8RhH',$,'\X2\0414043204350440044C\X0\ - (\X2\043D04350442\X0\): 900,00 \X2\043C043C\X0\ x 2\X2\00A0\X0\100,00 \X2\043C043C\X0\',$,$,#5728,#5722,$,.OPENING.);
#5731= IFCCARTESIANPOINT((500.,1050.));
#5732= IFCDIRECTION((1.,0.));
#5733= IFCAXIS2PLACEMENT2D(#5731,#5732);
#5734= IFCRECTANGLEPROFILEDEF(.AREA.,$,#5733,1000.,2100.);
#5735= IFCCARTESIANPOINT((0.,0.,0.));
#5736= IFCDIRECTION((0.,-1.,0.));
#5737= IFCDIRECTION((1.,0.,0.));
#5738= IFCAXIS2PLACEMENT3D(#5735,#5736,#5737);
#5739= IFCDIRECTION((0.,0.,-1.));
#5740= IFCEXTRUDEDAREASOLID(#5734,#5738,#5739,10.);
#5741= IFCSHAPEREPRESENTATION(#44,'Reference','SweptSolid',(#5740));
#5742= IFCPRODUCTDEFINITIONSHAPE($,$,(#5741));
#5743= IFCSTYLEDITEM(#5740,(#5662),$);
#5744= IFCCARTESIANPOINT((1850.333940372030156,0.,10.));
#5745= IFCDIRECTION((0.,0.,1.));
#5746= IFCDIRECTION((-1.,0.,0.));
#5747= IFCAXIS2PLACEMENT3D(#5744,#5745,#5746);
#5748= IFCLOCALPLACEMENT(#3999,#5747);
#5749= IFCRELVOIDSELEMENT('3$vlBx_V55keF_FUmiPnuF',$,$,$,#3994,#5750);
#5750= IFCOPENINGELEMENT('2u213ttIdnJ8yXAeEmFPS3',$,'\X2\0414043204350440044C\X0\ - (\X2\043D04350442\X0\): 1\X2\00A0\X0\000,00 \X2\043C043C\X0\ x 2\X2\00A0\X0\100,00 \X2\043C043C\X0\',$,$,#5748,#5742,$,.OPENING.);
#5751= IFCCARTESIANPOINT((450.,1050.));
#5752= IFCDIRECTION((1.,0.));
#5753= IFCAXIS2PLACEMENT2D(#5751,#5752);
#5754= IFCRECTANGLEPROFILEDEF(.AREA.,$,#5753,900.,2100.);
#5755= IFCCARTESIANPOINT((0.,0.,0.));
#5756= IFCDIRECTION((0.,-1.,0.));
#5757= IFCDIRECTION((1.,0.,0.));
#5758= IFCAXIS2PLACEMENT3D(#5755,#5756,#5757);
#5759= IFCDIRECTION((0.,0.,-1.));
#5760= IFCEXTRUDEDAREASOLID(#5754,#5758,#5759,10.);
#5761= IFCSHAPEREPRESENTATION(#44,'Reference','SweptSolid',(#5760));
#5762= IFCPRODUCTDEFINITIONSHAPE($,$,(#5761));
#5763= IFCSTYLEDITEM(#5760,(#5662),$);
#5764= IFCCARTESIANPOINT((779.024918233711105,-10.,0.));
#5765= IFCDIRECTION((0.,0.,1.));
#5766= IFCDIRECTION((1.,0.,0.));
#5767= IFCAXIS2PLACEMENT3D(#5764,#5765,#5766);
#5768= IFCLOCALPLACEMENT(#2880,#5767);
#5769= IFCRELVOIDSELEMENT('2JBmIf$E96j8atguw3rFeE',$,$,$,#2875,#5770);
#5770= IFCOPENINGELEMENT('0cRQPP_79NHOSiyX_138yl',$,'\X2\0414043204350440044C\X0\ - (\X2\043D04350442\X0\): 900,00 \X2\043C043C\X0\ x 2\X2\00A0\X0\100,00 \X2\043C043C\X0\',$,$,#5768,#5762,$,.OPENING.);
#5771= IFCCARTESIANPOINT((450.,1050.));
#5772= IFCDIRECTION((1.,0.));
#5773= IFCAXIS2PLACEMENT2D(#5771,#5772);
#5774= IFCRECTANGLEPROFILEDEF(.AREA.,$,#5773,900.,2100.);
#5775= IFCCARTESIANPOINT((0.,0.,0.));
#5776= IFCDIRECTION((0.,-1.,0.));
#5777= IFCDIRECTION((1.,0.,0.));
#5778= IFCAXIS2PLACEMENT3D(#5775,#5776,#5777);
#5779= IFCDIRECTION((0.,0.,-1.));
#5780= IFCEXTRUDEDAREASOLID(#5774,#5778,#5779,10.);
#5781= IFCSHAPEREPRESENTATION(#44,'Reference','SweptSolid',(#5780));
#5782= IFCPRODUCTDEFINITIONSHAPE($,$,(#5781));
#5783= IFCSTYLEDITEM(#5780,(#5662),$);
#5784= IFCCARTESIANPOINT((1595.593245401474633,0.,0.));
#5785= IFCDIRECTION((0.,0.,1.));
#5786= IFCDIRECTION((-1.,-0.,0.));
#5787= IFCAXIS2PLACEMENT3D(#5784,#5785,#5786);
#5788= IFCLOCALPLACEMENT(#3643,#5787);
#5789= IFCRELVOIDSELEMENT('20Y5pQldTBE9AvAG91cft6',$,$,$,#3638,#5790);
#5790= IFCOPENINGELEMENT('0pC8scNcG7GQaI$2nE5U6X',$,'\X2\0414043204350440044C\X0\ - (\X2\043D04350442\X0\): 900,00 \X2\043C043C\X0\ x 2\X2\00A0\X0\100,00 \X2\043C043C\X0\',$,$,#5788,#5782,$,.OPENING.);
#5791= IFCCARTESIANPOINT((450.,1050.));
#5792= IFCDIRECTION((1.,0.));
#5793= IFCAXIS2PLACEMENT2D(#5791,#5792);
#5794= IFCRECTANGLEPROFILEDEF(.AREA.,$,#5793,900.,2100.);
#5795= IFCCARTESIANPOINT((0.,0.,0.));
#5796= IFCDIRECTION((0.,-1.,0.));
#5797= IFCDIRECTION((1.,0.,0.));
#5798= IFCAXIS2PLACEMENT3D(#5795,#5796,#5797);
#5799= IFCDIRECTION((0.,0.,-1.));
#5800= IFCEXTRUDEDAREASOLID(#5794,#5798,#5799,10.);
#5801= IFCSHAPEREPRESENTATION(#44,'Reference','SweptSolid',(#5800));
#5802= IFCPRODUCTDEFINITIONSHAPE($,$,(#5801));
#5803= IFCSTYLEDITEM(#5800,(#5662),$);
#5804= IFCCARTESIANPOINT((309.978012079796827,-10.,0.));
#5805= IFCDIRECTION((0.,0.,1.));
#5806= IFCDIRECTION((1.,0.,0.));
#5807= IFCAXIS2PLACEMENT3D(#5804,#5805,#5806);
#5808= IFCLOCALPLACEMENT(#3716,#5807);
#5809= IFCRELVOIDSELEMENT('2qV3p4ymDAEwsoXZMppbif',$,$,$,#3711,#5810);
#5810= IFCOPENINGELEMENT('0epWDnttKPJ9BioRSxMEil',$,'\X2\0414043204350440044C\X0\ - (\X2\043D04350442\X0\): 900,00 \X2\043C043C\X0\ x 2\X2\00A0\X0\100,00 \X2\043C043C\X0\',$,$,#5808,#5802,$,.OPENING.);
#5811= IFCCARTESIANPOINT((1000.,1050.));
#5812= IFCDIRECTION((1.,0.));
#5813= IFCAXIS2PLACEMENT2D(#5811,#5812);
#5814= IFCRECTANGLEPROFILEDEF(.AREA.,$,#5813,2000.,2100.);
#5815= IFCCARTESIANPOINT((0.,0.,0.));
#5816= IFCDIRECTION((0.,-1.,0.));
#5817= IFCDIRECTION((1.,0.,0.));
#5818= IFCAXIS2PLACEMENT3D(#5815,#5816,#5817);
#5819= IFCDIRECTION((0.,0.,-1.));
#5820= IFCEXTRUDEDAREASOLID(#5814,#5818,#5819,10.);
#5821= IFCSHAPEREPRESENTATION(#44,'Reference','SweptSolid',(#5820));
#5822= IFCPRODUCTDEFINITIONSHAPE($,$,(#5821));
#5823= IFCSTYLEDITEM(#5820,(#5662),$);
#5824= IFCCARTESIANPOINT((1860.000000000036152,-10.000000000000909,9.999999999999998));
#5825= IFCDIRECTION((0.,-0.,1.));
#5826= IFCDIRECTION((1.,0.,0.));
#5827= IFCAXIS2PLACEMENT3D(#5824,#5825,#5826);
#5828= IFCLOCALPLACEMENT(#4121,#5827);
#5829= IFCRELVOIDSELEMENT('1d1A8Ju650ZA8RcBkhr5zA',$,$,$,#4116,#5830);
#5830= IFCOPENINGELEMENT('0a_CwzdxU9Gx$2I0vWKFbv',$,'\X2\0414043204350440044C\X0\ - (\X2\043D04350442\X0\): 2\X2\00A0\X0\000,00 \X2\043C043C\X0\ x 2\X2\00A0\X0\100,00 \X2\043C043C\X0\',$,$,#5828,#5822,$,.OPENING.);
#5831= IFCCARTESIANPOINT((500.,1050.));
#5832= IFCDIRECTION((1.,0.));
#5833= IFCAXIS2PLACEMENT2D(#5831,#5832);
#5834= IFCRECTANGLEPROFILEDEF(.AREA.,$,#5833,1000.,2100.);
#5835= IFCCARTESIANPOINT((0.,0.,0.));
#5836= IFCDIRECTION((0.,-1.,0.));
#5837= IFCDIRECTION((1.,0.,0.));
#5838= IFCAXIS2PLACEMENT3D(#5835,#5836,#5837);
#5839= IFCDIRECTION((0.,0.,-1.));
#5840= IFCEXTRUDEDAREASOLID(#5834,#5838,#5839,10.);
#5841= IFCSHAPEREPRESENTATION(#44,'Reference','SweptSolid',(#5840));
#5842= IFCPRODUCTDEFINITIONSHAPE($,$,(#5841));
#5843= IFCSTYLEDITEM(#5840,(#5662),$);
#5844= IFCCARTESIANPOINT((1365.000000000027285,0.,0.));
#5845= IFCDIRECTION((0.,0.,1.));
#5846= IFCDIRECTION((-1.,-0.000000000000001,0.));
#5847= IFCAXIS2PLACEMENT3D(#5844,#5845,#5846);
#5848= IFCLOCALPLACEMENT(#3294,#5847);
#5849= IFCRELVOIDSELEMENT('3QQs2nCxX34uifrohabitU',$,$,$,#3289,#5850);
#5850= IFCOPENINGELEMENT('0DfFagPrQKGxs7lKnqIz_S',$,'\X2\0414043204350440044C\X0\ - (\X2\043D04350442\X0\): 1\X2\00A0\X0\000,00 \X2\043C043C\X0\ x 2\X2\00A0\X0\100,00 \X2\043C043C\X0\',$,$,#5848,#5842,$,.OPENING.);
#5851= IFCCARTESIANPOINT((450.,1050.));
#5852= IFCDIRECTION((1.,0.));
#5853= IFCAXIS2PLACEMENT2D(#5851,#5852);
#5854= IFCRECTANGLEPROFILEDEF(.AREA.,$,#5853,900.,2100.);
#5855= IFCCARTESIANPOINT((0.,0.,0.));
#5856= IFCDIRECTION((0.,-1.,0.));
#5857= IFCDIRECTION((1.,0.,0.));
#5858= IFCAXIS2PLACEMENT3D(#5855,#5856,#5857);
#5859= IFCDIRECTION((0.,0.,-1.));
#5860= IFCEXTRUDEDAREASOLID(#5854,#5858,#5859,10.);
#5861= IFCSHAPEREPRESENTATION(#44,'Reference','SweptSolid',(#5860));
#5862= IFCPRODUCTDEFINITIONSHAPE($,$,(#5861));
#5863= IFCSTYLEDITEM(#5860,(#5662),$);
#5864= IFCCARTESIANPOINT((3207.865036337498168,-10.,0.));
#5865= IFCDIRECTION((0.,-0.,1.));
#5866= IFCDIRECTION((1.,0.,0.));
#5867= IFCAXIS2PLACEMENT3D(#5864,#5865,#5866);
#5868= IFCLOCALPLACEMENT(#3351,#5867);
#5869= IFCRELVOIDSELEMENT('3WeIlYsv5CmQI8AmPe8LIN',$,$,$,#3346,#5870);
#5870= IFCOPENINGELEMENT('09ZShD5HAwHAr_P0JBaW8L',$,'\X2\0414043204350440044C\X0\ - (\X2\043D04350442\X0\): 900,00 \X2\043C043C\X0\ x 2\X2\00A0\X0\100,00 \X2\043C043C\X0\',$,$,#5868,#5862,$,.OPENING.);
#5871= IFCCARTESIANPOINT((820.,1050.));
#5872= IFCDIRECTION((1.,0.));
#5873= IFCAXIS2PLACEMENT2D(#5871,#5872);
#5874= IFCRECTANGLEPROFILEDEF(.AREA.,$,#5873,1640.,2100.);
#5875= IFCCARTESIANPOINT((0.,0.,0.));
#5876= IFCDIRECTION((0.,-1.,0.));
#5877= IFCDIRECTION((1.,0.,0.));
#5878= IFCAXIS2PLACEMENT3D(#5875,#5876,#5877);
#5879= IFCDIRECTION((0.,0.,-1.));
#5880= IFCEXTRUDEDAREASOLID(#5874,#5878,#5879,10.);
#5881= IFCSHAPEREPRESENTATION(#44,'Reference','SweptSolid',(#5880));
#5882= IFCPRODUCTDEFINITIONSHAPE($,$,(#5881));
#5883= IFCSTYLEDITEM(#5880,(#5662),$);
#5884= IFCCARTESIANPOINT((5179.999999999999091,-10.,-0.000000000000057));
#5885= IFCDIRECTION((0.,-0.,1.));
#5886= IFCDIRECTION((1.,0.,0.));
#5887= IFCAXIS2PLACEMENT3D(#5884,#5885,#5886);
#5888= IFCLOCALPLACEMENT(#3483,#5887);
#5889= IFCRELVOIDSELEMENT('2kkLkd8xn7mfHU1hQzPkIL',$,$,$,#3478,#5890);
#5890= IFCOPENINGELEMENT('0jTRXu7c6bIh6s6jV$Jihs',$,'\X2\0414043204350440044C\X0\ - (\X2\043D04350442\X0\): 1\X2\00A0\X0\640,00 \X2\043C043C\X0\ x 2\X2\00A0\X0\100,00 \X2\043C043C\X0\',$,$,#5888,#5882,$,.OPENING.);
#5891= IFCCARTESIANPOINT((1000.,1050.));
#5892= IFCDIRECTION((1.,0.));
#5893= IFCAXIS2PLACEMENT2D(#5891,#5892);
#5894= IFCRECTANGLEPROFILEDEF(.AREA.,$,#5893,2000.,2100.);
#5895= IFCCARTESIANPOINT((0.,0.,0.));
#5896= IFCDIRECTION((0.,-1.,0.));
#5897= IFCDIRECTION((1.,0.,0.));
#5898= IFCAXIS2PLACEMENT3D(#5895,#5896,#5897);
#5899= IFCDIRECTION((0.,0.,-1.));
#5900= IFCEXTRUDEDAREASOLID(#5894,#5898,#5899,10.);
#5901= IFCSHAPEREPRESENTATION(#44,'Reference','SweptSolid',(#5900));
#5902= IFCPRODUCTDEFINITIONSHAPE($,$,(#5901));
#5903= IFCSTYLEDITEM(#5900,(#5662),$);
#5904= IFCCARTESIANPOINT((2689.999999999951797,0.,9.999999999999998));
#5905= IFCDIRECTION((0.,0.,1.));
#5906= IFCDIRECTION((-1.,0.,0.));
#5907= IFCAXIS2PLACEMENT3D(#5904,#5905,#5906);
#5908= IFCLOCALPLACEMENT(#3769,#5907);
#5909= IFCRELVOIDSELEMENT('1mzzDEo19AofRicn4npTry',$,$,$,#3764,#5910);
#5910= IFCOPENINGELEMENT('2cVOW_Gi$DJfnxsqfvPxQO',$,'\X2\0414043204350440044C\X0\ - (\X2\043D04350442\X0\): 2\X2\00A0\X0\000,00 \X2\043C043C\X0\ x 2\X2\00A0\X0\100,00 \X2\043C043C\X0\',$,$,#5908,#5902,$,.OPENING.);
#5911= IFCCARTESIANPOINT((450.,1050.));
#5912= IFCDIRECTION((1.,0.));
#5913= IFCAXIS2PLACEMENT2D(#5911,#5912);
#5914= IFCRECTANGLEPROFILEDEF(.AREA.,$,#5913,900.,2100.);
#5915= IFCCARTESIANPOINT((0.,0.,0.));
#5916= IFCDIRECTION((0.,-1.,0.));
#5917= IFCDIRECTION((1.,0.,0.));
#5918= IFCAXIS2PLACEMENT3D(#5915,#5916,#5917);
#5919= IFCDIRECTION((0.,0.,-1.));
#5920= IFCEXTRUDEDAREASOLID(#5914,#5918,#5919,10.);
#5921= IFCSHAPEREPRESENTATION(#44,'Reference','SweptSolid',(#5920));
#5922= IFCPRODUCTDEFINITIONSHAPE($,$,(#5921));
#5923= IFCSTYLEDITEM(#5920,(#5662),$);
#5924= IFCCARTESIANPOINT((1690.021987920186803,0.,0.));
#5925= IFCDIRECTION((0.,0.,1.));
#5926= IFCDIRECTION((-1.,0.,0.));
#5927= IFCAXIS2PLACEMENT3D(#5924,#5925,#5926);
#5928= IFCLOCALPLACEMENT(#3536,#5927);
#5929= IFCRELVOIDSELEMENT('0dNpobSK9E$vteIV85JJNV',$,$,$,#3531,#5930);
#5930= IFCOPENINGELEMENT('2OSmYXWgKQI9SV0ZrrAxz5',$,'\X2\0414043204350440044C\X0\ - (\X2\043D04350442\X0\): 900,00 \X2\043C043C\X0\ x 2\X2\00A0\X0\100,00 \X2\043C043C\X0\',$,$,#5928,#5922,$,.OPENING.);
#5931= IFCCARTESIANPOINT((820.,1050.));
#5932= IFCDIRECTION((1.,0.));
#5933= IFCAXIS2PLACEMENT2D(#5931,#5932);
#5934= IFCRECTANGLEPROFILEDEF(.AREA.,$,#5933,1640.,2100.);
#5935= IFCCARTESIANPOINT((0.,0.,0.));
#5936= IFCDIRECTION((0.,-1.,0.));
#5937= IFCDIRECTION((1.,0.,0.));
#5938= IFCAXIS2PLACEMENT3D(#5935,#5936,#5937);
#5939= IFCDIRECTION((0.,0.,-1.));
#5940= IFCEXTRUDEDAREASOLID(#5934,#5938,#5939,10.);
#5941= IFCSHAPEREPRESENTATION(#44,'Reference','SweptSolid',(#5940));
#5942= IFCPRODUCTDEFINITIONSHAPE($,$,(#5941));
#5943= IFCSTYLEDITEM(#5940,(#5662),$);
#5944= IFCCARTESIANPOINT((279.987912551708177,0.,9.999999999999943));
#5945= IFCDIRECTION((0.,-0.,1.));
#5946= IFCDIRECTION((1.,0.,0.));
#5947= IFCAXIS2PLACEMENT3D(#5944,#5945,#5946);
#5948= IFCLOCALPLACEMENT(#4178,#5947);
#5949= IFCRELVOIDSELEMENT('0Zl3q$Q059Mxib6v9Q5$2O',$,$,$,#4173,#5950);
#5950= IFCOPENINGELEMENT('1a2$ibCD39HwgDOMiLEBxN',$,'\X2\0414043204350440044C\X0\ - (\X2\043D04350442\X0\): 1\X2\00A0\X0\640,00 \X2\043C043C\X0\ x 2\X2\00A0\X0\100,00 \X2\043C043C\X0\',$,$,#5948,#5942,$,.OPENING.);
#5951= IFCCARTESIANPOINT((450.,1050.));
#5952= IFCDIRECTION((1.,0.));
#5953= IFCAXIS2PLACEMENT2D(#5951,#5952);
#5954= IFCRECTANGLEPROFILEDEF(.AREA.,$,#5953,900.,2100.);
#5955= IFCCARTESIANPOINT((0.,0.,0.));
#5956= IFCDIRECTION((0.,-1.,0.));
#5957= IFCDIRECTION((1.,0.,0.));
#5958= IFCAXIS2PLACEMENT3D(#5955,#5956,#5957);
#5959= IFCDIRECTION((0.,0.,-1.));
#5960= IFCEXTRUDEDAREASOLID(#5954,#5958,#5959,10.);
#5961= IFCSHAPEREPRESENTATION(#44,'Reference','SweptSolid',(#5960));
#5962= IFCPRODUCTDEFINITIONSHAPE($,$,(#5961));
#5963= IFCSTYLEDITEM(#5960,(#5662),$);
#5964= IFCCARTESIANPOINT((1882.134963662499104,0.,9.999999999999943));
#5965= IFCDIRECTION((0.,0.,1.));
#5966= IFCDIRECTION((-1.,-0.000000000000008,0.));
#5967= IFCAXIS2PLACEMENT3D(#5964,#5965,#5966);
#5968= IFCLOCALPLACEMENT(#2990,#5967);
#5969= IFCRELVOIDSELEMENT('1wK7kT4TXEFgxqaG0g8Cp$',$,$,$,#2985,#5970);
#5970= IFCOPENINGELEMENT('360abqYM0YJBupdu4aTK8A',$,'\X2\0414043204350440044C\X0\ - (\X2\043D04350442\X0\): 900,00 \X2\043C043C\X0\ x 2\X2\00A0\X0\100,00 \X2\043C043C\X0\',$,$,#5968,#5962,$,.OPENING.);
#5971= IFCCARTESIANPOINT((450.,1050.));
#5972= IFCDIRECTION((1.,0.));
#5973= IFCAXIS2PLACEMENT2D(#5971,#5972);
#5974= IFCRECTANGLEPROFILEDEF(.AREA.,$,#5973,900.,2100.);
#5975= IFCCARTESIANPOINT((0.,0.,0.));
#5976= IFCDIRECTION((0.,-1.,0.));
#5977= IFCDIRECTION((1.,0.,0.));
#5978= IFCAXIS2PLACEMENT3D(#5975,#5976,#5977);
#5979= IFCDIRECTION((0.,0.,-1.));
#5980= IFCEXTRUDEDAREASOLID(#5974,#5978,#5979,10.);
#5981= IFCSHAPEREPRESENTATION(#44,'Reference','SweptSolid',(#5980));
#5982= IFCPRODUCTDEFINITIONSHAPE($,$,(#5981));
#5983= IFCSTYLEDITEM(#5980,(#5662),$);
#5984= IFCCARTESIANPOINT((1960.975081766288895,0.,0.));
#5985= IFCDIRECTION((0.,0.,1.));
#5986= IFCDIRECTION((-1.,0.,0.));
#5987= IFCAXIS2PLACEMENT3D(#5984,#5985,#5986);
#5988= IFCLOCALPLACEMENT(#3351,#5987);
#5989= IFCRELVOIDSELEMENT('1CWMZJ37j8ZuUNIdVNcueG',$,$,$,#3346,#5990);
#5990= IFCOPENINGELEMENT('0aSc9rPLX1If6e6ARaAEob',$,'\X2\0414043204350440044C\X0\ - (\X2\043D04350442\X0\): 900,00 \X2\043C043C\X0\ x 2\X2\00A0\X0\100,00 \X2\043C043C\X0\',$,$,#5988,#5982,$,.OPENING.);
#5991= IFCCARTESIANPOINT((450.,1050.));
#5992= IFCDIRECTION((1.,0.));
#5993= IFCAXIS2PLACEMENT2D(#5991,#5992);
#5994= IFCRECTANGLEPROFILEDEF(.AREA.,$,#5993,900.,2100.);
#5995= IFCCARTESIANPOINT((0.,0.,0.));
#5996= IFCDIRECTION((0.,-1.,0.));
#5997= IFCDIRECTION((1.,0.,0.));
#5998= IFCAXIS2PLACEMENT3D(#5995,#5996,#5997);
#5999= IFCDIRECTION((0.,0.,-1.));
#6000= IFCEXTRUDEDAREASOLID(#5994,#5998,#5999,200.);
#6001= IFCSHAPEREPRESENTATION(#44,'Reference','SweptSolid',(#6000));
#6002= IFCPRODUCTDEFINITIONSHAPE($,$,(#6001));
#6003= IFCSTYLEDITEM(#6000,(#5662),$);
#6004= IFCCARTESIANPOINT((8894.075317957907828,100.,0.));
#6005= IFCDIRECTION((0.,0.,1.));
#6006= IFCDIRECTION((-1.,-0.,0.));
#6007= IFCAXIS2PLACEMENT3D(#6004,#6005,#6006);
#6008= IFCLOCALPLACEMENT(#4359,#6007);
#6009= IFCRELVOIDSELEMENT('0VQjndb71AhApfXi1bcV93',$,$,$,#4354,#6010);
#6010= IFCOPENINGELEMENT('0CRudjq9DCHRV7_Z$YiwB0',$,'\X2\0414043204350440044C\X0\ - (\X2\043D04350442\X0\): 900,00 \X2\043C043C\X0\ x 2\X2\00A0\X0\100,00 \X2\043C043C\X0\',$,$,#6008,#6002,$,.OPENING.);
#6011= IFCCARTESIANPOINT((600.,300.));
#6012= IFCDIRECTION((1.,0.));
#6013= IFCAXIS2PLACEMENT2D(#6011,#6012);
#6014= IFCRECTANGLEPROFILEDEF(.AREA.,$,#6013,1200.,600.);
#6015= IFCCARTESIANPOINT((0.,0.,0.));
#6016= IFCDIRECTION((0.,-1.,0.));
#6017= IFCDIRECTION((1.,0.,0.));
#6018= IFCAXIS2PLACEMENT3D(#6015,#6016,#6017);
#6019= IFCDIRECTION((0.,0.,-1.));
#6020= IFCEXTRUDEDAREASOLID(#6014,#6018,#6019,480.);
#6021= IFCSHAPEREPRESENTATION(#44,'Reference','SweptSolid',(#6020));
#6022= IFCPRODUCTDEFINITIONSHAPE($,$,(#6021));
#6023= IFCSTYLEDITEM(#6020,(#5662),$);
#6024= IFCCARTESIANPOINT((3371.405775609731791,-240.,2000.));
#6025= IFCDIRECTION((0.,0.,1.));
#6026= IFCDIRECTION((1.,0.,0.));
#6027= IFCAXIS2PLACEMENT3D(#6024,#6025,#6026);
#6028= IFCLOCALPLACEMENT(#445,#6027);
#6029= IFCRELVOIDSELEMENT('3We49ipsf5bvtVf0Adxgxf',$,$,$,#440,#6030);
#6030= IFCOPENINGELEMENT('03KeMIaX$AH92M0U4mfnlD',$,'\X2\041E043A043D043E\X0\ - BWS_\X2\041E0434043D043E044104420432043E0440044704300442043E0435\X0\: 1\X2\00A0\X0\200,00 \X2\043C043C\X0\ x 600,00 \X2\043C043C\X0\',$,$,#6028,#6022,$,.OPENING.);
#6031= IFCWINDOW('2rJL16Sd917xatmb1Ug0YC',$,'\X2\041E043A043D043E\X0\ - BWS_\X2\041E0434043D043E044104420432043E0440044704300442043E0435\X0\: 1\X2\00A0\X0\200,00 \X2\043C043C\X0\ x 600,00 \X2\043C043C\X0\',$,$,#6209,#6199,$,600.,1200.,$,$,$);
#6032= IFCPOLYLOOP((#6033,#6034,#6035,#6036));
#6033= IFCCARTESIANPOINT((6628.594224390271847,12339.999999999974534,1800.));
#6034= IFCCARTESIANPOINT((6628.594224390271847,12339.999999999974534,2400.));
#6035= IFCCARTESIANPOINT((5428.594224390271847,12339.999999999974534,2400.));
#6036= IFCCARTESIANPOINT((5428.594224390271847,12339.999999999974534,1800.));
#6037= IFCFACEOUTERBOUND(#6032,.T.);
#6038= IFCPOLYLOOP((#6039,#6040,#6041,#6042));
#6039= IFCCARTESIANPOINT((6603.594224390271847,12339.999999999974534,1825.));
#6040= IFCCARTESIANPOINT((5453.594224390271847,12339.999999999974534,1825.));
#6041= IFCCARTESIANPOINT((5453.594224390271847,12339.999999999974534,2375.));
#6042= IFCCARTESIANPOINT((6603.594224390271847,12339.999999999974534,2375.));
#6043= IFCFACEBOUND(#6038,.T.);
#6044= IFCFACE((#6037,#6043));
#6045= IFCPOLYLOOP((#6046,#6047,#6048,#6049));
#6046= IFCCARTESIANPOINT((5478.594224390271847,12364.999999999974534,1850.));
#6047= IFCCARTESIANPOINT((6578.594224390271847,12364.999999999974534,1850.));
#6048= IFCCARTESIANPOINT((6578.594224390271847,12389.999999999974534,1850.));
#6049= IFCCARTESIANPOINT((5478.594224390271847,12389.999999999974534,1850.));
#6050= IFCFACEOUTERBOUND(#6045,.T.);
#6051= IFCFACE((#6050));
#6052= IFCPOLYLOOP((#6053,#6046,#6049,#6054));
#6053= IFCCARTESIANPOINT((5478.594224390271847,12364.999999999974534,2350.));
#6054= IFCCARTESIANPOINT((5478.594224390271847,12389.999999999974534,2350.));
#6055= IFCFACEOUTERBOUND(#6052,.T.);
#6056= IFCFACE((#6055));
#6057= IFCPOLYLOOP((#6058,#6053,#6054,#6059));
#6058= IFCCARTESIANPOINT((6578.594224390271847,12364.999999999974534,2350.));
#6059= IFCCARTESIANPOINT((6578.594224390271847,12389.999999999974534,2350.));
#6060= IFCFACEOUTERBOUND(#6057,.T.);
#6061= IFCFACE((#6060));
#6062= IFCPOLYLOOP((#6047,#6058,#6059,#6048));
#6063= IFCFACEOUTERBOUND(#6062,.T.);
#6064= IFCFACE((#6063));
#6065= IFCPOLYLOOP((#6039,#6042,#6066,#6067));
#6066= IFCCARTESIANPOINT((6603.594224390271847,12364.999999999974534,2375.));
#6067= IFCCARTESIANPOINT((6603.594224390271847,12364.999999999974534,1825.));
#6068= IFCFACEOUTERBOUND(#6065,.T.);
#6069= IFCFACE((#6068));
#6070= IFCPOLYLOOP((#6042,#6041,#6071,#6066));
#6071= IFCCARTESIANPOINT((5453.594224390271847,12364.999999999974534,2375.));
#6072= IFCFACEOUTERBOUND(#6070,.T.);
#6073= IFCFACE((#6072));
#6074= IFCPOLYLOOP((#6041,#6040,#6075,#6071));
#6075= IFCCARTESIANPOINT((5453.594224390271847,12364.999999999974534,1825.));
#6076= IFCFACEOUTERBOUND(#6074,.T.);
#6077= IFCFACE((#6076));
#6078= IFCPOLYLOOP((#6040,#6039,#6067,#6075));
#6079= IFCFACEOUTERBOUND(#6078,.T.);
#6080= IFCFACE((#6079));
#6081= IFCPOLYLOOP((#6067,#6066,#6071,#6075));
#6082= IFCFACEOUTERBOUND(#6081,.T.);
#6083= IFCPOLYLOOP((#6058,#6047,#6046,#6053));
#6084= IFCFACEBOUND(#6083,.T.);
#6085= IFCFACE((#6082,#6084));
#6086= IFCPOLYLOOP((#6034,#6033,#6087,#6088));
#6087= IFCCARTESIANPOINT((6628.594224390271847,12389.999999999974534,1800.));
#6088= IFCCARTESIANPOINT((6628.594224390271847,12389.999999999974534,2400.));
#6089= IFCFACEOUTERBOUND(#6086,.T.);
#6090= IFCFACE((#6089));
#6091= IFCPOLYLOOP((#6035,#6034,#6088,#6092));
#6092= IFCCARTESIANPOINT((5428.594224390271847,12389.999999999974534,2400.));
#6093= IFCFACEOUTERBOUND(#6091,.T.);
#6094= IFCFACE((#6093));
#6095= IFCPOLYLOOP((#6036,#6035,#6092,#6096));
#6096= IFCCARTESIANPOINT((5428.594224390271847,12389.999999999974534,1800.));
#6097= IFCFACEOUTERBOUND(#6095,.T.);
#6098= IFCFACE((#6097));
#6099= IFCPOLYLOOP((#6033,#6036,#6096,#6087));
#6100= IFCFACEOUTERBOUND(#6099,.T.);
#6101= IFCFACE((#6100));
#6102= IFCPOLYLOOP((#6087,#6096,#6092,#6088));
#6103= IFCFACEOUTERBOUND(#6102,.T.);
#6104= IFCPOLYLOOP((#6048,#6059,#6054,#6049));
#6105= IFCFACEBOUND(#6104,.T.);
#6106= IFCFACE((#6103,#6105));
#6107= IFCCLOSEDSHELL((#6044,#6051,#6056,#6061,#6064,#6069,#6073,#6077,#6080,#6085,#6090,#6094,#6098,#6101,#6106));
#6108= IFCFACETEDBREP(#6107);
#6109= IFCPOLYLOOP((#6067,#6075,#6071,#6066));
#6110= IFCFACEOUTERBOUND(#6109,.T.);
#6111= IFCPOLYLOOP((#6112,#6113,#6114,#6115));
#6112= IFCCARTESIANPOINT((6553.594224390271847,12364.999999999974534,1874.999999999999318));
#6113= IFCCARTESIANPOINT((6553.594224390271847,12364.999999999974534,2325.));
#6114= IFCCARTESIANPOINT((5503.594224390271847,12364.999999999974534,2325.));
#6115= IFCCARTESIANPOINT((5503.594224390271847,12364.999999999974534,1875.));
#6116= IFCFACEBOUND(#6111,.T.);
#6117= IFCFACE((#6110,#6116));
#6118= IFCPOLYLOOP((#6119,#6120,#6075,#6067));
#6119= IFCCARTESIANPOINT((6603.594224390271847,12314.999999999974534,1825.));
#6120= IFCCARTESIANPOINT((5453.594224390271847,12314.999999999974534,1825.));
#6121= IFCFACEOUTERBOUND(#6118,.T.);
#6122= IFCFACE((#6121));
#6123= IFCPOLYLOOP((#6120,#6124,#6071,#6075));
#6124= IFCCARTESIANPOINT((5453.594224390271847,12314.999999999974534,2375.));
#6125= IFCFACEOUTERBOUND(#6123,.T.);
#6126= IFCFACE((#6125));
#6127= IFCPOLYLOOP((#6124,#6128,#6066,#6071));
#6128= IFCCARTESIANPOINT((6603.594224390271847,12314.999999999974534,2375.));
#6129= IFCFACEOUTERBOUND(#6127,.T.);
#6130= IFCFACE((#6129));
#6131= IFCPOLYLOOP((#6128,#6119,#6067,#6066));
#6132= IFCFACEOUTERBOUND(#6131,.T.);
#6133= IFCFACE((#6132));
#6134= IFCPOLYLOOP((#6135,#6136,#6113,#6112));
#6135= IFCCARTESIANPOINT((6553.594224390271847,12314.999999999974534,1874.999999999999318));
#6136= IFCCARTESIANPOINT((6553.594224390271847,12314.999999999974534,2325.));
#6137= IFCFACEOUTERBOUND(#6134,.T.);
#6138= IFCFACE((#6137));
#6139= IFCPOLYLOOP((#6136,#6140,#6114,#6113));
#6140= IFCCARTESIANPOINT((5503.594224390271847,12314.999999999974534,2325.));
#6141= IFCFACEOUTERBOUND(#6139,.T.);
#6142= IFCFACE((#6141));
#6143= IFCPOLYLOOP((#6140,#6144,#6115,#6114));
#6144= IFCCARTESIANPOINT((5503.594224390271847,12314.999999999974534,1875.));
#6145= IFCFACEOUTERBOUND(#6143,.T.);
#6146= IFCFACE((#6145));
#6147= IFCPOLYLOOP((#6144,#6135,#6112,#6115));
#6148= IFCFACEOUTERBOUND(#6147,.T.);
#6149= IFCFACE((#6148));
#6150= IFCPOLYLOOP((#6119,#6128,#6124,#6120));
#6151= IFCFACEOUTERBOUND(#6150,.T.);
#6152= IFCPOLYLOOP((#6135,#6144,#6140,#6136));
#6153= IFCFACEBOUND(#6152,.T.);
#6154= IFCFACE((#6151,#6153));
#6155= IFCCLOSEDSHELL((#6117,#6122,#6126,#6130,#6133,#6138,#6142,#6146,#6149,#6154));
#6156= IFCFACETEDBREP(#6155);
#6157= IFCSHAPEREPRESENTATION(#41,'Body','Brep',(#6108,#6156));
#6158= IFCCARTESIANPOINT((0.,0.,0.));
#6159= IFCDIRECTION((0.,0.,1.));
#6160= IFCDIRECTION((1.,0.,0.));
#6161= IFCAXIS2PLACEMENT3D(#6158,#6159,#6160);
#6162= IFCREPRESENTATIONMAP(#6161,#6157);
#6163= IFCDIRECTION((-1.,0.,0.));
#6164= IFCDIRECTION((0.,-1.,0.));
#6165= IFCDIRECTION((0.,0.,1.));
#6166= IFCCARTESIANPOINT((6628.594224390271847,12389.999999999974534,-1800.));
#6167= IFCCARTESIANTRANSFORMATIONOPERATOR3D(#6163,#6164,#6166,1.,#6165);
#6168= IFCMAPPEDITEM(#6162,#6167);
#6169= IFCSHAPEREPRESENTATION(#41,'Body','MappedRepresentation',(#6168));
#6170= IFCPOLYLOOP((#6171,#6172,#6173,#6174));
#6171= IFCCARTESIANPOINT((6553.594224390271847,12339.999999999974534,1874.999999999999773));
#6172= IFCCARTESIANPOINT((5503.594224390271847,12339.999999999974534,1875.));
#6173= IFCCARTESIANPOINT((5503.594224390271847,12339.999999999974534,2325.));
#6174= IFCCARTESIANPOINT((6553.594224390271847,12339.999999999974534,2325.));
#6175= IFCFACEOUTERBOUND(#6170,.T.);
#6176= IFCFACE((#6175));
#6177= IFCOPENSHELL((#6176));
#6178= IFCSHELLBASEDSURFACEMODEL((#6177));
#6179= IFCSHAPEREPRESENTATION(#41,'Body','SurfaceModel',(#6178));
#6180= IFCCARTESIANPOINT((0.,0.,0.));
#6181= IFCDIRECTION((0.,0.,1.));
#6182= IFCDIRECTION((1.,0.,0.));
#6183= IFCAXIS2PLACEMENT3D(#6180,#6181,#6182);
#6184= IFCREPRESENTATIONMAP(#6183,#6179);
#6185= IFCDIRECTION((-1.,0.,0.));
#6186= IFCDIRECTION((0.,-1.,0.));
#6187= IFCDIRECTION((0.,0.,1.));
#6188= IFCCARTESIANPOINT((6628.594224390271847,12389.999999999974534,-1800.));
#6189= IFCCARTESIANTRANSFORMATIONOPERATOR3D(#6185,#6186,#6188,1.,#6187);
#6190= IFCMAPPEDITEM(#6184,#6189);
#6191= IFCSHAPEREPRESENTATION(#41,'Body','MappedRepresentation',(#6190));
#6192= IFCSHAPEREPRESENTATION(#41,'Body','MappedRepresentation',(#6168,#6190));
#6193= IFCSHAPEASPECT((#6169),'Lining',$,.U.,#6199);
#6194= IFCSHAPEASPECT((#6191),'Glazing',$,.U.,#6199);
#6195= IFCCARTESIANPOINTLIST2D(((0.,25.),(1200.,25.)));
#6196= IFCINDEXEDPOLYCURVE(#6195,(IFCLINEINDEX((1,2))),$);
#6197= IFCGEOMETRICCURVESET((#6196));
#6198= IFCSHAPEREPRESENTATION(#43,'FootPrint','GeometricCurveSet',(#6197));
#6199= IFCPRODUCTDEFINITIONSHAPE($,$,(#6192,#6198));
#6200= IFCSTYLEDITEM(#6168,(#5662),$);
#6201= IFCCOLOURRGB($,0.862745098039216,0.909803921568627,0.988235294117647);
#6202= IFCSURFACESTYLERENDERING(#6201,0.7,$,$,$,$,$,$,.GLASS.);
#6203= IFCSURFACESTYLE($,.BOTH.,(#6202));
#6204= IFCSTYLEDITEM(#6190,(#6203),$);
#6205= IFCCARTESIANPOINT((0.,50.,0.));
#6206= IFCDIRECTION((0.,0.,1.));
#6207= IFCDIRECTION((1.,0.,0.));
#6208= IFCAXIS2PLACEMENT3D(#6205,#6206,#6207);
#6209= IFCLOCALPLACEMENT(#6028,#6208);
#6210= IFCRELFILLSELEMENT('1Py35dI2H4kvK7BaN3plfe',$,$,$,#6030,#6031);
#6211= IFCWINDOWPANELPROPERTIES('0bPiUsFQ51YBGQz9vs2cTB',$,'\X2\041D04380436043D04380439\X0\ \X2\043F043E0434043204350441\X0\',$,.BOTTOMHUNG.,.NOTDEFINED.,50.,50.,$);
#6212= IFCWINDOWLININGPROPERTIES('2Jj_61SMLD$9Q$FCKPoz__',$,'Window Lining Properties',$,50.,50.,50.,50.,$,$,$,$,$,$,$,$);
#6213= IFCWINDOWTYPE('0yDYImrpGqIw1MJ_sqprL7',$,'BWS_\X2\041E0434043D043E044104420432043E0440044704300442043E0435\X0\',$,$,(#6212,#6211,#13209),$,$,$,.WINDOW.,.USERDEFINED.,.F.,$);
#6214= IFCRELDEFINESBYTYPE('1dEt0Eybj54f56T3dwJLgh',$,$,$,(#6031),#6213);
#6215= IFCCARTESIANPOINT((450.,850.));
#6216= IFCDIRECTION((1.,0.));
#6217= IFCAXIS2PLACEMENT2D(#6215,#6216);
#6218= IFCRECTANGLEPROFILEDEF(.AREA.,$,#6217,900.,1700.);
#6219= IFCCARTESIANPOINT((0.,0.,0.));
#6220= IFCDIRECTION((0.,-1.,0.));
#6221= IFCDIRECTION((1.,0.,0.));
#6222= IFCAXIS2PLACEMENT3D(#6219,#6220,#6221);
#6223= IFCDIRECTION((0.,0.,-1.));
#6224= IFCEXTRUDEDAREASOLID(#6218,#6222,#6223,480.);
#6225= IFCSHAPEREPRESENTATION(#44,'Reference','SweptSolid',(#6224));
#6226= IFCPRODUCTDEFINITIONSHAPE($,$,(#6225));
#6227= IFCSTYLEDITEM(#6224,(#5662),$);
#6228= IFCCARTESIANPOINT((5679.777033255602873,-240.,900.));
#6229= IFCDIRECTION((0.,0.,1.));
#6230= IFCDIRECTION((1.,0.,0.));
#6231= IFCAXIS2PLACEMENT3D(#6228,#6229,#6230);
#6232= IFCLOCALPLACEMENT(#445,#6231);
#6233= IFCRELVOIDSELEMENT('24gewKgOv5QgejVjGyD8Kc',$,$,$,#440,#6234);
#6234= IFCOPENINGELEMENT('0qZhGj54qTIwijq8Vx7_uN',$,'\X2\041E043A043D043E\X0\ - BWS_\X2\041E0434043D043E044104420432043E0440044704300442043E0435\X0\ \X2\0441\X0\ \X2\044404400430043C04430433043E0439\X0\: 900,00 \X2\043C043C\X0\ x 1\X2\00A0\X0\700,00 \X2\043C043C\X0\',$,$,#6232,#6226,$,.OPENING.);
#6235= IFCWINDOW('0OHqyh4vHFGflut$rVKXKm',$,'\X2\041E043A043D043E\X0\ - BWS_\X2\041E0434043D043E044104420432043E0440044704300442043E0435\X0\ \X2\0441\X0\ \X2\044404400430043C04430433043E0439\X0\: 900,00 \X2\043C043C\X0\ x 1\X2\00A0\X0\700,00 \X2\043C043C\X0\',$,$,#6487,#6480,$,1700.,900.,$,$,$);
#6236= IFCPOLYLOOP((#6237,#6238,#6239,#6240));
#6237= IFCCARTESIANPOINT((3420.222966744400765,12339.999999999974534,700.));
#6238= IFCCARTESIANPOINT((4320.222966744400765,12339.999999999974534,700.000000000000114));
#6239= IFCCARTESIANPOINT((4320.222966744400765,12339.999999999974534,2400.));
#6240= IFCCARTESIANPOINT((3420.222966744400765,12339.999999999974534,2400.));
#6241= IFCFACEOUTERBOUND(#6236,.T.);
#6242= IFCPOLYLOOP((#6243,#6244,#6245,#6246));
#6243= IFCCARTESIANPOINT((4295.222966744400765,12339.999999999974534,1125.));
#6244= IFCCARTESIANPOINT((3445.222966744400765,12339.999999999974534,1125.));
#6245= IFCCARTESIANPOINT((3445.222966744400765,12339.999999999974534,2375.));
#6246= IFCCARTESIANPOINT((4295.222966744400765,12339.999999999974534,2375.));
#6247= IFCFACEBOUND(#6242,.T.);
#6248= IFCPOLYLOOP((#6249,#6250,#6251,#6252));
#6249= IFCCARTESIANPOINT((3470.222966744400765,12339.999999999974534,1100.));
#6250= IFCCARTESIANPOINT((4270.222966744400765,12339.999999999974534,1100.));
#6251= IFCCARTESIANPOINT((4270.222966744400765,12339.999999999974534,749.999999999999773));
#6252= IFCCARTESIANPOINT((3470.222966744400765,12339.999999999974534,749.999999999999773));
#6253= IFCFACEBOUND(#6248,.T.);
#6254= IFCFACE((#6241,#6247,#6253));
#6255= IFCPOLYLOOP((#6256,#6257,#6258,#6259));
#6256= IFCCARTESIANPOINT((3470.222966744400765,12364.999999999974534,1150.));
#6257= IFCCARTESIANPOINT((4270.222966744400765,12364.999999999974534,1150.));
#6258= IFCCARTESIANPOINT((4270.222966744400765,12389.999999999974534,1150.));
#6259= IFCCARTESIANPOINT((3470.222966744400765,12389.999999999974534,1150.));
#6260= IFCFACEOUTERBOUND(#6255,.T.);
#6261= IFCFACE((#6260));
#6262= IFCPOLYLOOP((#6263,#6256,#6259,#6264));
#6263= IFCCARTESIANPOINT((3470.222966744400765,12364.999999999974534,2350.));
#6264= IFCCARTESIANPOINT((3470.222966744400765,12389.999999999974534,2350.));
#6265= IFCFACEOUTERBOUND(#6262,.T.);
#6266= IFCFACE((#6265));
#6267= IFCPOLYLOOP((#6268,#6263,#6264,#6269));
#6268= IFCCARTESIANPOINT((4270.222966744400765,12364.999999999974534,2350.));
#6269= IFCCARTESIANPOINT((4270.222966744400765,12389.999999999974534,2350.));
#6270= IFCFACEOUTERBOUND(#6267,.T.);
#6271= IFCFACE((#6270));
#6272= IFCPOLYLOOP((#6257,#6268,#6269,#6258));
#6273= IFCFACEOUTERBOUND(#6272,.T.);
#6274= IFCFACE((#6273));
#6275= IFCPOLYLOOP((#6243,#6246,#6276,#6277));
#6276= IFCCARTESIANPOINT((4295.222966744400765,12364.999999999974534,2375.));
#6277= IFCCARTESIANPOINT((4295.222966744400765,12364.999999999974534,1125.));
#6278= IFCFACEOUTERBOUND(#6275,.T.);
#6279= IFCFACE((#6278));
#6280= IFCPOLYLOOP((#6246,#6245,#6281,#6276));
#6281= IFCCARTESIANPOINT((3445.222966744400765,12364.999999999974534,2375.));
#6282= IFCFACEOUTERBOUND(#6280,.T.);
#6283= IFCFACE((#6282));
#6284= IFCPOLYLOOP((#6245,#6244,#6285,#6281));
#6285= IFCCARTESIANPOINT((3445.222966744400765,12364.999999999974534,1125.));
#6286= IFCFACEOUTERBOUND(#6284,.T.);
#6287= IFCFACE((#6286));
#6288= IFCPOLYLOOP((#6244,#6243,#6277,#6285));
#6289= IFCFACEOUTERBOUND(#6288,.T.);
#6290= IFCFACE((#6289));
#6291= IFCPOLYLOOP((#6277,#6276,#6281,#6285));
#6292= IFCFACEOUTERBOUND(#6291,.T.);
#6293= IFCPOLYLOOP((#6268,#6257,#6256,#6263));
#6294= IFCFACEBOUND(#6293,.T.);
#6295= IFCFACE((#6292,#6294));
#6296= IFCPOLYLOOP((#6238,#6237,#6297,#6298));
#6297= IFCCARTESIANPOINT((3420.222966744400765,12389.999999999974534,700.));
#6298= IFCCARTESIANPOINT((4320.222966744400765,12389.999999999974534,700.000000000000114));
#6299= IFCFACEOUTERBOUND(#6296,.T.);
#6300= IFCFACE((#6299));
#6301= IFCPOLYLOOP((#6239,#6238,#6298,#6302));
#6302= IFCCARTESIANPOINT((4320.222966744400765,12389.999999999974534,2400.));
#6303= IFCFACEOUTERBOUND(#6301,.T.);
#6304= IFCFACE((#6303));
#6305= IFCPOLYLOOP((#6240,#6239,#6302,#6306));
#6306= IFCCARTESIANPOINT((3420.222966744400765,12389.999999999974534,2400.));
#6307= IFCFACEOUTERBOUND(#6305,.T.);
#6308= IFCFACE((#6307));
#6309= IFCPOLYLOOP((#6237,#6240,#6306,#6297));
#6310= IFCFACEOUTERBOUND(#6309,.T.);
#6311= IFCFACE((#6310));
#6312= IFCPOLYLOOP((#6250,#6249,#6313,#6314));
#6313= IFCCARTESIANPOINT((3470.222966744400765,12389.999999999974534,1100.));
#6314= IFCCARTESIANPOINT((4270.222966744400765,12389.999999999974534,1100.));
#6315= IFCFACEOUTERBOUND(#6312,.T.);
#6316= IFCFACE((#6315));
#6317= IFCPOLYLOOP((#6251,#6250,#6314,#6318));
#6318= IFCCARTESIANPOINT((4270.222966744400765,12389.999999999974534,749.999999999999773));
#6319= IFCFACEOUTERBOUND(#6317,.T.);
#6320= IFCFACE((#6319));
#6321= IFCPOLYLOOP((#6252,#6251,#6318,#6322));
#6322= IFCCARTESIANPOINT((3470.222966744400765,12389.999999999974534,750.));
#6323= IFCFACEOUTERBOUND(#6321,.T.);
#6324= IFCFACE((#6323));
#6325= IFCPOLYLOOP((#6249,#6252,#6322,#6313));
#6326= IFCFACEOUTERBOUND(#6325,.T.);
#6327= IFCFACE((#6326));
#6328= IFCPOLYLOOP((#6297,#6306,#6302,#6298));
#6329= IFCFACEOUTERBOUND(#6328,.T.);
#6330= IFCPOLYLOOP((#6258,#6269,#6264,#6259));
#6331= IFCFACEBOUND(#6330,.T.);
#6332= IFCPOLYLOOP((#6313,#6322,#6318,#6314));
#6333= IFCFACEBOUND(#6332,.T.);
#6334= IFCFACE((#6329,#6331,#6333));
#6335= IFCCLOSEDSHELL((#6254,#6261,#6266,#6271,#6274,#6279,#6283,#6287,#6290,#6295,#6300,#6304,#6308,#6311,#6316,#6320,#6324,#6327,#6334));
#6336= IFCFACETEDBREP(#6335);
#6337= IFCPOLYLOOP((#6277,#6285,#6281,#6276));
#6338= IFCFACEOUTERBOUND(#6337,.T.);
#6339= IFCPOLYLOOP((#6340,#6341,#6342,#6343));
#6340= IFCCARTESIANPOINT((4245.222966744400765,12364.999999999974534,1174.999999999999545));
#6341= IFCCARTESIANPOINT((4245.222966744400765,12364.999999999974534,2325.));
#6342= IFCCARTESIANPOINT((3495.222966744400765,12364.999999999974534,2325.));
#6343= IFCCARTESIANPOINT((3495.222966744400765,12364.999999999974534,1175.));
#6344= IFCFACEBOUND(#6339,.T.);
#6345= IFCFACE((#6338,#6344));
#6346= IFCPOLYLOOP((#6347,#6348,#6285,#6277));
#6347= IFCCARTESIANPOINT((4295.222966744400765,12314.999999999974534,1125.));
#6348= IFCCARTESIANPOINT((3445.222966744400765,12314.999999999974534,1125.));
#6349= IFCFACEOUTERBOUND(#6346,.T.);
#6350= IFCFACE((#6349));
#6351= IFCPOLYLOOP((#6348,#6352,#6281,#6285));
#6352= IFCCARTESIANPOINT((3445.222966744400765,12314.999999999974534,2375.));
#6353= IFCFACEOUTERBOUND(#6351,.T.);
#6354= IFCFACE((#6353));
#6355= IFCPOLYLOOP((#6352,#6356,#6276,#6281));
#6356= IFCCARTESIANPOINT((4295.222966744400765,12314.999999999974534,2375.));
#6357= IFCFACEOUTERBOUND(#6355,.T.);
#6358= IFCFACE((#6357));
#6359= IFCPOLYLOOP((#6356,#6347,#6277,#6276));
#6360= IFCFACEOUTERBOUND(#6359,.T.);
#6361= IFCFACE((#6360));
#6362= IFCPOLYLOOP((#6363,#6364,#6341,#6340));
#6363= IFCCARTESIANPOINT((4245.222966744400765,12314.999999999974534,1174.999999999999318));
#6364= IFCCARTESIANPOINT((4245.222966744400765,12314.999999999974534,2325.));
#6365= IFCFACEOUTERBOUND(#6362,.T.);
#6366= IFCFACE((#6365));
#6367= IFCPOLYLOOP((#6364,#6368,#6342,#6341));
#6368= IFCCARTESIANPOINT((3495.222966744400765,12314.999999999974534,2325.));
#6369= IFCFACEOUTERBOUND(#6367,.T.);
#6370= IFCFACE((#6369));
#6371= IFCPOLYLOOP((#6368,#6372,#6343,#6342));
#6372= IFCCARTESIANPOINT((3495.222966744400765,12314.999999999974534,1175.));
#6373= IFCFACEOUTERBOUND(#6371,.T.);
#6374= IFCFACE((#6373));
#6375= IFCPOLYLOOP((#6372,#6363,#6340,#6343));
#6376= IFCFACEOUTERBOUND(#6375,.T.);
#6377= IFCFACE((#6376));
#6378= IFCPOLYLOOP((#6347,#6356,#6352,#6348));
#6379= IFCFACEOUTERBOUND(#6378,.T.);
#6380= IFCPOLYLOOP((#6363,#6372,#6368,#6364));
#6381= IFCFACEBOUND(#6380,.T.);
#6382= IFCFACE((#6379,#6381));
#6383= IFCCLOSEDSHELL((#6345,#6350,#6354,#6358,#6361,#6366,#6370,#6374,#6377,#6382));
#6384= IFCFACETEDBREP(#6383);
#6385= IFCPOLYLOOP((#6313,#6314,#6318,#6322));
#6386= IFCFACEOUTERBOUND(#6385,.T.);
#6387= IFCPOLYLOOP((#6388,#6389,#6390,#6391));
#6388= IFCCARTESIANPOINT((3520.222966744400765,12389.999999999974534,1050.));
#6389= IFCCARTESIANPOINT((3520.222966744400765,12389.999999999974534,800.));
#6390= IFCCARTESIANPOINT((4220.222966744400765,12389.999999999974534,800.));
#6391= IFCCARTESIANPOINT((4220.222966744400765,12389.999999999974534,1050.));
#6392= IFCFACEBOUND(#6387,.T.);
#6393= IFCFACE((#6386,#6392));
#6394= IFCPOLYLOOP((#6249,#6250,#6314,#6313));
#6395= IFCFACEOUTERBOUND(#6394,.T.);
#6396= IFCFACE((#6395));
#6397= IFCPOLYLOOP((#6250,#6251,#6318,#6314));
#6398= IFCFACEOUTERBOUND(#6397,.T.);
#6399= IFCFACE((#6398));
#6400= IFCPOLYLOOP((#6251,#6252,#6322,#6318));
#6401= IFCFACEOUTERBOUND(#6400,.T.);
#6402= IFCFACE((#6401));
#6403= IFCPOLYLOOP((#6252,#6249,#6313,#6322));
#6404= IFCFACEOUTERBOUND(#6403,.T.);
#6405= IFCFACE((#6404));
#6406= IFCPOLYLOOP((#6407,#6408,#6389,#6388));
#6407= IFCCARTESIANPOINT((3520.222966744400765,12339.999999999974534,1050.));
#6408= IFCCARTESIANPOINT((3520.222966744400765,12339.999999999974534,800.));
#6409= IFCFACEOUTERBOUND(#6406,.T.);
#6410= IFCFACE((#6409));
#6411= IFCPOLYLOOP((#6408,#6412,#6390,#6389));
#6412= IFCCARTESIANPOINT((4220.222966744400765,12339.999999999974534,800.));
#6413= IFCFACEOUTERBOUND(#6411,.T.);
#6414= IFCFACE((#6413));
#6415= IFCPOLYLOOP((#6412,#6416,#6391,#6390));
#6416= IFCCARTESIANPOINT((4220.222966744400765,12339.999999999974534,1050.));
#6417= IFCFACEOUTERBOUND(#6415,.T.);
#6418= IFCFACE((#6417));
#6419= IFCPOLYLOOP((#6416,#6407,#6388,#6391));
#6420= IFCFACEOUTERBOUND(#6419,.T.);
#6421= IFCFACE((#6420));
#6422= IFCPOLYLOOP((#6249,#6252,#6251,#6250));
#6423= IFCFACEOUTERBOUND(#6422,.T.);
#6424= IFCPOLYLOOP((#6407,#6416,#6412,#6408));
#6425= IFCFACEBOUND(#6424,.T.);
#6426= IFCFACE((#6423,#6425));
#6427= IFCCLOSEDSHELL((#6393,#6396,#6399,#6402,#6405,#6410,#6414,#6418,#6421,#6426));
#6428= IFCFACETEDBREP(#6427);
#6429= IFCSHAPEREPRESENTATION(#41,'Body','Brep',(#6336,#6384,#6428));
#6430= IFCCARTESIANPOINT((0.,0.,0.));
#6431= IFCDIRECTION((0.,0.,1.));
#6432= IFCDIRECTION((1.,0.,0.));
#6433= IFCAXIS2PLACEMENT3D(#6430,#6431,#6432);
#6434= IFCREPRESENTATIONMAP(#6433,#6429);
#6435= IFCDIRECTION((-1.,0.,0.));
#6436= IFCDIRECTION((0.,-1.,0.));
#6437= IFCDIRECTION((0.,0.,1.));
#6438= IFCCARTESIANPOINT((4320.222966744400765,12389.999999999974534,-700.));
#6439= IFCCARTESIANTRANSFORMATIONOPERATOR3D(#6435,#6436,#6438,1.,#6437);
#6440= IFCMAPPEDITEM(#6434,#6439);
#6441= IFCSHAPEREPRESENTATION(#41,'Body','MappedRepresentation',(#6440));
#6442= IFCPOLYLOOP((#6443,#6444,#6445,#6446));
#6443= IFCCARTESIANPOINT((4245.222966744400765,12339.999999999974534,1175.));
#6444= IFCCARTESIANPOINT((3495.222966744400765,12339.999999999974534,1175.));
#6445= IFCCARTESIANPOINT((3495.222966744400765,12339.999999999974534,2325.000000000000455));
#6446= IFCCARTESIANPOINT((4245.222966744400765,12339.999999999974534,2325.));
#6447= IFCFACEOUTERBOUND(#6442,.T.);
#6448= IFCFACE((#6447));
#6449= IFCOPENSHELL((#6448));
#6450= IFCSHELLBASEDSURFACEMODEL((#6449));
#6451= IFCPOLYLOOP((#6452,#6453,#6454,#6455));
#6452= IFCCARTESIANPOINT((3520.222966744400765,12364.999999999974534,1050.));
#6453= IFCCARTESIANPOINT((4220.222966744400765,12364.999999999974534,1050.));
#6454= IFCCARTESIANPOINT((4220.222966744400765,12364.999999999974534,799.999999999999886));
#6455= IFCCARTESIANPOINT((3520.222966744400765,12364.999999999974534,800.));
#6456= IFCFACEOUTERBOUND(#6451,.T.);
#6457= IFCFACE((#6456));
#6458= IFCOPENSHELL((#6457));
#6459= IFCSHELLBASEDSURFACEMODEL((#6458));
#6460= IFCSHAPEREPRESENTATION(#41,'Body','SurfaceModel',(#6450,#6459));
#6461= IFCCARTESIANPOINT((0.,0.,0.));
#6462= IFCDIRECTION((0.,0.,1.));
#6463= IFCDIRECTION((1.,0.,0.));
#6464= IFCAXIS2PLACEMENT3D(#6461,#6462,#6463);
#6465= IFCREPRESENTATIONMAP(#6464,#6460);
#6466= IFCDIRECTION((-1.,0.,0.));
#6467= IFCDIRECTION((0.,-1.,0.));
#6468= IFCDIRECTION((0.,0.,1.));
#6469= IFCCARTESIANPOINT((4320.222966744400765,12389.999999999974534,-700.));
#6470= IFCCARTESIANTRANSFORMATIONOPERATOR3D(#6466,#6467,#6469,1.,#6468);
#6471= IFCMAPPEDITEM(#6465,#6470);
#6472= IFCSHAPEREPRESENTATION(#41,'Body','MappedRepresentation',(#6471));
#6473= IFCSHAPEREPRESENTATION(#41,'Body','MappedRepresentation',(#6440,#6471));
#6474= IFCSHAPEASPECT((#6441),'Lining',$,.U.,#6480);
#6475= IFCSHAPEASPECT((#6472),'Glazing',$,.U.,#6480);
#6476= IFCCARTESIANPOINTLIST2D(((0.,25.),(900.,25.)));
#6477= IFCINDEXEDPOLYCURVE(#6476,(IFCLINEINDEX((1,2))),$);
#6478= IFCGEOMETRICCURVESET((#6477));
#6479= IFCSHAPEREPRESENTATION(#43,'FootPrint','GeometricCurveSet',(#6478));
#6480= IFCPRODUCTDEFINITIONSHAPE($,$,(#6473,#6479));
#6481= IFCSTYLEDITEM(#6440,(#5662),$);
#6482= IFCSTYLEDITEM(#6471,(#6203),$);
#6483= IFCCARTESIANPOINT((0.,50.,0.));
#6484= IFCDIRECTION((0.,0.,1.));
#6485= IFCDIRECTION((1.,0.,0.));
#6486= IFCAXIS2PLACEMENT3D(#6483,#6484,#6485);
#6487= IFCLOCALPLACEMENT(#6232,#6486);
#6488= IFCRELFILLSELEMENT('2S9aWyYDn75Bke9y6$b1_E',$,$,$,#6234,#6235);
#6489= IFCWINDOWPANELPROPERTIES('1I1XzB1kfCLfzTDJlvSVY8',$,'\X2\0411043E043A043E0432043E0439\X0\ \X2\0438\X0\ \X2\043D04380436043D04380439\X0\ \X2\043F043E0434043204350441\X0\',$,.TILTANDTURNRIGHTHAND.,.NOTDEFINED.,50.,50.,$);
#6490= IFCWINDOWPANELPROPERTIES('0lZLlio058rvkihuHYpVdS',$,'\X2\0413043B044304450430044F\X0\',$,.FIXEDCASEMENT.,.NOTDEFINED.,50.,50.,$);
#6491= IFCWINDOWLININGPROPERTIES('0nsLjj$AT4v8pFp1aMgaME',$,'Window Lining Properties',$,50.,50.,50.,50.,$,$,$,$,$,$,$,$);
#6492= IFCWINDOWTYPE('2Ldctr3q5wHP8bR0mitDYD',$,'BWS_\X2\041E0434043D043E044104420432043E0440044704300442043E0435\X0\ \X2\0441\X0\ \X2\044404400430043C04430433043E0439\X0\',$,$,(#6491,#6489,#6490,#13231),$,$,$,.WINDOW.,.USERDEFINED.,.F.,$);
#6493= IFCRELDEFINESBYTYPE('1Dxnsbk21A6uh1oO1zgJTh',$,$,$,(#6235,#6514,#6565,#7330,#7381,#7492),#6492);
#6494= IFCCARTESIANPOINT((450.,850.));
#6495= IFCDIRECTION((1.,0.));
#6496= IFCAXIS2PLACEMENT2D(#6494,#6495);
#6497= IFCRECTANGLEPROFILEDEF(.AREA.,$,#6496,900.,1700.);
#6498= IFCCARTESIANPOINT((0.,0.,0.));
#6499= IFCDIRECTION((0.,-1.,0.));
#6500= IFCDIRECTION((1.,0.,0.));
#6501= IFCAXIS2PLACEMENT3D(#6498,#6499,#6500);
#6502= IFCDIRECTION((0.,0.,-1.));
#6503= IFCEXTRUDEDAREASOLID(#6497,#6501,#6502,480.);
#6504= IFCSHAPEREPRESENTATION(#44,'Reference','SweptSolid',(#6503));
#6505= IFCPRODUCTDEFINITIONSHAPE($,$,(#6504));
#6506= IFCSTYLEDITEM(#6503,(#5662),$);
#6507= IFCCARTESIANPOINT((1085.884330363864137,-240.,900.));
#6508= IFCDIRECTION((-0.,0.,1.));
#6509= IFCDIRECTION((1.,-0.,0.));
#6510= IFCAXIS2PLACEMENT3D(#6507,#6508,#6509);
#6511= IFCLOCALPLACEMENT(#530,#6510);
#6512= IFCRELVOIDSELEMENT('0C3IMc5m10ogUqh74pQRn5',$,$,$,#525,#6513);
#6513= IFCOPENINGELEMENT('2M$QhxBhySGA84Vu47KZm0',$,'\X2\041E043A043D043E\X0\ - BWS_\X2\041E0434043D043E044104420432043E0440044704300442043E0435\X0\ \X2\0441\X0\ \X2\044404400430043C04430433043E0439\X0\: 900,00 \X2\043C043C\X0\ x 1\X2\00A0\X0\700,00 \X2\043C043C\X0\',$,$,#6511,#6505,$,.OPENING.);
#6514= IFCWINDOW('3BAECgWkv8beWE2VtGMVQY',$,'\X2\041E043A043D043E\X0\ - BWS_\X2\041E0434043D043E044104420432043E0440044704300442043E0435\X0\ \X2\0441\X0\ \X2\044404400430043C04430433043E0439\X0\: 900,00 \X2\043C043C\X0\ x 1\X2\00A0\X0\700,00 \X2\043C043C\X0\',$,$,#6543,#6536,$,1700.,900.,$,$,$);
#6515= IFCDIRECTION((-1.,0.,0.));
#6516= IFCDIRECTION((0.,-1.,0.));
#6517= IFCDIRECTION((0.,0.,1.));
#6518= IFCCARTESIANPOINT((4320.222966744400765,12389.999999999976353,-700.));
#6519= IFCCARTESIANTRANSFORMATIONOPERATOR3D(#6515,#6516,#6518,1.,#6517);
#6520= IFCMAPPEDITEM(#6434,#6519);
#6521= IFCSHAPEREPRESENTATION(#41,'Body','MappedRepresentation',(#6520));
#6522= IFCDIRECTION((-1.,0.,0.));
#6523= IFCDIRECTION((0.,-1.,0.));
#6524= IFCDIRECTION((0.,0.,1.));
#6525= IFCCARTESIANPOINT((4320.222966744400765,12389.999999999976353,-700.));
#6526= IFCCARTESIANTRANSFORMATIONOPERATOR3D(#6522,#6523,#6525,1.,#6524);
#6527= IFCMAPPEDITEM(#6465,#6526);
#6528= IFCSHAPEREPRESENTATION(#41,'Body','MappedRepresentation',(#6527));
#6529= IFCSHAPEREPRESENTATION(#41,'Body','MappedRepresentation',(#6520,#6527));
#6530= IFCSHAPEASPECT((#6521),'Lining',$,.U.,#6536);
#6531= IFCSHAPEASPECT((#6528),'Glazing',$,.U.,#6536);
#6532= IFCCARTESIANPOINTLIST2D(((0.,25.),(900.,25.)));
#6533= IFCINDEXEDPOLYCURVE(#6532,(IFCLINEINDEX((1,2))),$);
#6534= IFCGEOMETRICCURVESET((#6533));
#6535= IFCSHAPEREPRESENTATION(#43,'FootPrint','GeometricCurveSet',(#6534));
#6536= IFCPRODUCTDEFINITIONSHAPE($,$,(#6529,#6535));
#6537= IFCSTYLEDITEM(#6520,(#5662),$);
#6538= IFCSTYLEDITEM(#6527,(#6203),$);
#6539= IFCCARTESIANPOINT((0.,50.,0.));
#6540= IFCDIRECTION((-0.,0.,1.));
#6541= IFCDIRECTION((1.,-0.,0.));
#6542= IFCAXIS2PLACEMENT3D(#6539,#6540,#6541);
#6543= IFCLOCALPLACEMENT(#6511,#6542);
#6544= IFCRELFILLSELEMENT('2CnUoKEvv8AQu4Ho7wFEbf',$,$,$,#6513,#6514);
#6545= IFCCARTESIANPOINT((450.,850.));
#6546= IFCDIRECTION((1.,0.));
#6547= IFCAXIS2PLACEMENT2D(#6545,#6546);
#6548= IFCRECTANGLEPROFILEDEF(.AREA.,$,#6547,900.,1700.);
#6549= IFCCARTESIANPOINT((0.,0.,0.));
#6550= IFCDIRECTION((0.,-1.,0.));
#6551= IFCDIRECTION((1.,0.,0.));
#6552= IFCAXIS2PLACEMENT3D(#6549,#6550,#6551);
#6553= IFCDIRECTION((0.,0.,-1.));
#6554= IFCEXTRUDEDAREASOLID(#6548,#6552,#6553,480.);
#6555= IFCSHAPEREPRESENTATION(#44,'Reference','SweptSolid',(#6554));
#6556= IFCPRODUCTDEFINITIONSHAPE($,$,(#6555));
#6557= IFCSTYLEDITEM(#6554,(#5662),$);
#6558= IFCCARTESIANPOINT((7457.505887775080737,-240.,900.));
#6559= IFCDIRECTION((-0.,0.,1.));
#6560= IFCDIRECTION((1.,-0.,0.));
#6561= IFCAXIS2PLACEMENT3D(#6558,#6559,#6560);
#6562= IFCLOCALPLACEMENT(#530,#6561);
#6563= IFCRELVOIDSELEMENT('2NNI1KA8r42BpYOOE3j_KY',$,$,$,#525,#6564);
#6564= IFCOPENINGELEMENT('1rq6e0C79VHQyrCrh9cD33',$,'\X2\041E043A043D043E\X0\ - BWS_\X2\041E0434043D043E044104420432043E0440044704300442043E0435\X0\ \X2\0441\X0\ \X2\044404400430043C04430433043E0439\X0\: 900,00 \X2\043C043C\X0\ x 1\X2\00A0\X0\700,00 \X2\043C043C\X0\',$,$,#6562,#6556,$,.OPENING.);
#6565= IFCWINDOW('0$9QIdzdf9uPGNWhkkO1nw',$,'\X2\041E043A043D043E\X0\ - BWS_\X2\041E0434043D043E044104420432043E0440044704300442043E0435\X0\ \X2\0441\X0\ \X2\044404400430043C04430433043E0439\X0\: 900,00 \X2\043C043C\X0\ x 1\X2\00A0\X0\700,00 \X2\043C043C\X0\',$,$,#6594,#6587,$,1700.,900.,$,$,$);
#6566= IFCDIRECTION((-1.,0.,0.));
#6567= IFCDIRECTION((0.,-1.,0.));
#6568= IFCDIRECTION((0.,0.,1.));
#6569= IFCCARTESIANPOINT((4320.222966744400765,12389.999999999976353,-700.));
#6570= IFCCARTESIANTRANSFORMATIONOPERATOR3D(#6566,#6567,#6569,1.,#6568);
#6571= IFCMAPPEDITEM(#6434,#6570);
#6572= IFCSHAPEREPRESENTATION(#41,'Body','MappedRepresentation',(#6571));
#6573= IFCDIRECTION((-1.,0.,0.));
#6574= IFCDIRECTION((0.,-1.,0.));
#6575= IFCDIRECTION((0.,0.,1.));
#6576= IFCCARTESIANPOINT((4320.222966744400765,12389.999999999976353,-700.));
#6577= IFCCARTESIANTRANSFORMATIONOPERATOR3D(#6573,#6574,#6576,1.,#6575);
#6578= IFCMAPPEDITEM(#6465,#6577);
#6579= IFCSHAPEREPRESENTATION(#41,'Body','MappedRepresentation',(#6578));
#6580= IFCSHAPEREPRESENTATION(#41,'Body','MappedRepresentation',(#6571,#6578));
#6581= IFCSHAPEASPECT((#6572),'Lining',$,.U.,#6587);
#6582= IFCSHAPEASPECT((#6579),'Glazing',$,.U.,#6587);
#6583= IFCCARTESIANPOINTLIST2D(((0.,24.999999999999972),(900.000000000000455,24.999999999999972)));
#6584= IFCINDEXEDPOLYCURVE(#6583,(IFCLINEINDEX((1,2))),$);
#6585= IFCGEOMETRICCURVESET((#6584));
#6586= IFCSHAPEREPRESENTATION(#43,'FootPrint','GeometricCurveSet',(#6585));
#6587= IFCPRODUCTDEFINITIONSHAPE($,$,(#6580,#6586));
#6588= IFCSTYLEDITEM(#6571,(#5662),$);
#6589= IFCSTYLEDITEM(#6578,(#6203),$);
#6590= IFCCARTESIANPOINT((0.,50.,0.));
#6591= IFCDIRECTION((-0.,0.,1.));
#6592= IFCDIRECTION((1.,-0.,0.));
#6593= IFCAXIS2PLACEMENT3D(#6590,#6591,#6592);
#6594= IFCLOCALPLACEMENT(#6562,#6593);
#6595= IFCRELFILLSELEMENT('08HP9V$1H9dQZ0fkPHQ8Sm',$,$,$,#6564,#6565);
#6596= IFCCARTESIANPOINT((1400.,850.));
#6597= IFCDIRECTION((1.,0.));
#6598= IFCAXIS2PLACEMENT2D(#6596,#6597);
#6599= IFCRECTANGLEPROFILEDEF(.AREA.,$,#6598,2800.,1700.);
#6600= IFCCARTESIANPOINT((0.,0.,0.));
#6601= IFCDIRECTION((0.,-1.,0.));
#6602= IFCDIRECTION((1.,0.,0.));
#6603= IFCAXIS2PLACEMENT3D(#6600,#6601,#6602);
#6604= IFCDIRECTION((0.,0.,-1.));
#6605= IFCEXTRUDEDAREASOLID(#6599,#6603,#6604,480.);
#6606= IFCSHAPEREPRESENTATION(#44,'Reference','SweptSolid',(#6605));
#6607= IFCPRODUCTDEFINITIONSHAPE($,$,(#6606));
#6608= IFCSTYLEDITEM(#6605,(#5662),$);
#6609= IFCCARTESIANPOINT((1149.999999999996817,-240.,900.));
#6610= IFCDIRECTION((0.,-0.,1.));
#6611= IFCDIRECTION((1.,0.,0.));
#6612= IFCAXIS2PLACEMENT3D(#6609,#6610,#6611);
#6613= IFCLOCALPLACEMENT(#59,#6612);
#6614= IFCRELVOIDSELEMENT('08ULNfJ014pui7sL1EC2q9',$,$,$,#54,#6615);
#6615= IFCOPENINGELEMENT('22RvQAflxNHBA_nPkkhCW3',$,'\X2\041E043A043D043E\X0\ - BWS_2800\X2\0445\X0\1700: 2\X2\00A0\X0\800,00 \X2\043C043C\X0\ x 1\X2\00A0\X0\700,00 \X2\043C043C\X0\',$,$,#6613,#6607,$,.OPENING.);
#6616= IFCWINDOW('1bVQXnB454Eu5FIBDdCfHv',$,'\X2\041E043A043D043E\X0\ - BWS_2800\X2\0445\X0\1700: 2\X2\00A0\X0\800,00 \X2\043C043C\X0\ x 1\X2\00A0\X0\700,00 \X2\043C043C\X0\',$,$,#6945,#6938,$,1700.,2800.,$,$,$);
#6617= IFCPOLYLOOP((#6618,#6619,#6620,#6621));
#6618= IFCCARTESIANPOINT((3949.999999999996362,-139.999999999994543,2400.));
#6619= IFCCARTESIANPOINT((3949.999999999996362,-139.999999999994543,700.));
#6620= IFCCARTESIANPOINT((1149.999999999995907,-139.999999999994543,700.000000000000114));
#6621= IFCCARTESIANPOINT((1149.999999999996362,-139.999999999994543,2400.));
#6622= IFCFACEOUTERBOUND(#6617,.T.);
#6623= IFCPOLYLOOP((#6624,#6625,#6626,#6627));
#6624= IFCCARTESIANPOINT((3109.999999999995907,-139.999999999994543,2375.));
#6625= IFCCARTESIANPOINT((3109.999999999995453,-139.999999999994543,1125.));
#6626= IFCCARTESIANPOINT((3924.999999999995907,-139.999999999994543,1125.));
#6627= IFCCARTESIANPOINT((3924.999999999996362,-139.999999999994543,2375.));
#6628= IFCFACEBOUND(#6623,.T.);
#6629= IFCPOLYLOOP((#6630,#6631,#6632,#6633));
#6630= IFCCARTESIANPOINT((3084.999999999996362,-139.999999999994543,1150.));
#6631= IFCCARTESIANPOINT((3084.999999999994998,-139.999999999994543,2350.));
#6632= IFCCARTESIANPOINT((1199.999999999996817,-139.999999999994543,2350.));
#6633= IFCCARTESIANPOINT((1199.999999999996135,-139.999999999994543,1150.));
#6634= IFCFACEBOUND(#6629,.T.);
#6635= IFCPOLYLOOP((#6636,#6637,#6638,#6639));
#6636= IFCCARTESIANPOINT((3899.999999999996362,-139.999999999994543,1100.));
#6637= IFCCARTESIANPOINT((1199.999999999995907,-139.999999999994543,1100.));
#6638= IFCCARTESIANPOINT((1199.999999999996362,-139.999999999994543,749.999999999999659));
#6639= IFCCARTESIANPOINT((3899.999999999996362,-139.999999999994543,749.999999999999773));
#6640= IFCFACEBOUND(#6635,.T.);
#6641= IFCFACE((#6622,#6628,#6634,#6640));
#6642= IFCPOLYLOOP((#6643,#6644,#6645,#6646));
#6643= IFCCARTESIANPOINT((3134.999999999996362,-164.999999999994543,1150.));
#6644= IFCCARTESIANPOINT((3134.999999999995453,-164.999999999994543,2350.));
#6645= IFCCARTESIANPOINT((3134.999999999994998,-189.999999999994543,2350.));
#6646= IFCCARTESIANPOINT((3134.999999999996362,-189.999999999994543,1150.));
#6647= IFCFACEOUTERBOUND(#6642,.T.);
#6648= IFCFACE((#6647));
#6649= IFCPOLYLOOP((#6650,#6643,#6646,#6651));
#6650= IFCCARTESIANPOINT((3899.999999999996362,-164.999999999994543,1150.));
#6651= IFCCARTESIANPOINT((3899.999999999996362,-189.999999999994543,1150.));
#6652= IFCFACEOUTERBOUND(#6649,.T.);
#6653= IFCFACE((#6652));
#6654= IFCPOLYLOOP((#6655,#6650,#6651,#6656));
#6655= IFCCARTESIANPOINT((3899.999999999995907,-164.999999999994543,2350.));
#6656= IFCCARTESIANPOINT((3899.999999999996362,-189.999999999994543,2350.));
#6657= IFCFACEOUTERBOUND(#6654,.T.);
#6658= IFCFACE((#6657));
#6659= IFCPOLYLOOP((#6644,#6655,#6656,#6645));
#6660= IFCFACEOUTERBOUND(#6659,.T.);
#6661= IFCFACE((#6660));
#6662= IFCPOLYLOOP((#6624,#6627,#6663,#6664));
#6663= IFCCARTESIANPOINT((3924.999999999996362,-164.999999999994543,2375.));
#6664= IFCCARTESIANPOINT((3109.999999999995453,-164.999999999994543,2375.));
#6665= IFCFACEOUTERBOUND(#6662,.T.);
#6666= IFCFACE((#6665));
#6667= IFCPOLYLOOP((#6627,#6626,#6668,#6663));
#6668= IFCCARTESIANPOINT((3924.999999999995453,-164.999999999994543,1125.));
#6669= IFCFACEOUTERBOUND(#6667,.T.);
#6670= IFCFACE((#6669));
#6671= IFCPOLYLOOP((#6626,#6625,#6672,#6668));
#6672= IFCCARTESIANPOINT((3109.999999999995453,-164.999999999994543,1125.));
#6673= IFCFACEOUTERBOUND(#6671,.T.);
#6674= IFCFACE((#6673));
#6675= IFCPOLYLOOP((#6625,#6624,#6664,#6672));
#6676= IFCFACEOUTERBOUND(#6675,.T.);
#6677= IFCFACE((#6676));
#6678= IFCPOLYLOOP((#6664,#6663,#6668,#6672));
#6679= IFCFACEOUTERBOUND(#6678,.T.);
#6680= IFCPOLYLOOP((#6655,#6644,#6643,#6650));
#6681= IFCFACEBOUND(#6680,.T.);
#6682= IFCFACE((#6679,#6681));
#6683= IFCPOLYLOOP((#6619,#6618,#6684,#6685));
#6684= IFCCARTESIANPOINT((3949.999999999996362,-189.999999999994543,2400.));
#6685= IFCCARTESIANPOINT((3949.999999999996362,-189.999999999994543,700.));
#6686= IFCFACEOUTERBOUND(#6683,.T.);
#6687= IFCFACE((#6686));
#6688= IFCPOLYLOOP((#6620,#6619,#6685,#6689));
#6689= IFCCARTESIANPOINT((1149.999999999995907,-189.999999999994543,700.000000000000114));
#6690= IFCFACEOUTERBOUND(#6688,.T.);
#6691= IFCFACE((#6690));
#6692= IFCPOLYLOOP((#6621,#6620,#6689,#6693));
#6693= IFCCARTESIANPOINT((1149.999999999996362,-189.999999999994543,2400.));
#6694= IFCFACEOUTERBOUND(#6692,.T.);
#6695= IFCFACE((#6694));
#6696= IFCPOLYLOOP((#6618,#6621,#6693,#6684));
#6697= IFCFACEOUTERBOUND(#6696,.T.);
#6698= IFCFACE((#6697));
#6699= IFCPOLYLOOP((#6631,#6630,#6700,#6701));
#6700= IFCCARTESIANPOINT((3084.999999999996362,-189.999999999994543,1150.));
#6701= IFCCARTESIANPOINT((3084.999999999994998,-189.999999999994543,2350.));
#6702= IFCFACEOUTERBOUND(#6699,.T.);
#6703= IFCFACE((#6702));
#6704= IFCPOLYLOOP((#6632,#6631,#6701,#6705));
#6705= IFCCARTESIANPOINT((1199.999999999996589,-189.999999999994543,2350.));
#6706= IFCFACEOUTERBOUND(#6704,.T.);
#6707= IFCFACE((#6706));
#6708= IFCPOLYLOOP((#6633,#6632,#6705,#6709));
#6709= IFCCARTESIANPOINT((1199.999999999996362,-189.999999999994543,1150.));
#6710= IFCFACEOUTERBOUND(#6708,.T.);
#6711= IFCFACE((#6710));
#6712= IFCPOLYLOOP((#6630,#6633,#6709,#6700));
#6713= IFCFACEOUTERBOUND(#6712,.T.);
#6714= IFCFACE((#6713));
#6715= IFCPOLYLOOP((#6637,#6636,#6716,#6717));
#6716= IFCCARTESIANPOINT((3899.999999999996362,-189.999999999994543,1100.));
#6717= IFCCARTESIANPOINT((1199.999999999995907,-189.999999999994543,1100.));
#6718= IFCFACEOUTERBOUND(#6715,.T.);
#6719= IFCFACE((#6718));
#6720= IFCPOLYLOOP((#6638,#6637,#6717,#6721));
#6721= IFCCARTESIANPOINT((1199.999999999996362,-189.999999999994543,749.999999999999773));
#6722= IFCFACEOUTERBOUND(#6720,.T.);
#6723= IFCFACE((#6722));
#6724= IFCPOLYLOOP((#6639,#6638,#6721,#6725));
#6725= IFCCARTESIANPOINT((3899.999999999996362,-189.999999999994543,750.));
#6726= IFCFACEOUTERBOUND(#6724,.T.);
#6727= IFCFACE((#6726));
#6728= IFCPOLYLOOP((#6636,#6639,#6725,#6716));
#6729= IFCFACEOUTERBOUND(#6728,.T.);
#6730= IFCFACE((#6729));
#6731= IFCPOLYLOOP((#6684,#6693,#6689,#6685));
#6732= IFCFACEOUTERBOUND(#6731,.T.);
#6733= IFCPOLYLOOP((#6716,#6725,#6721,#6717));
#6734= IFCFACEBOUND(#6733,.T.);
#6735= IFCPOLYLOOP((#6645,#6656,#6651,#6646));
#6736= IFCFACEBOUND(#6735,.T.);
#6737= IFCPOLYLOOP((#6700,#6709,#6705,#6701));
#6738= IFCFACEBOUND(#6737,.T.);
#6739= IFCFACE((#6732,#6734,#6736,#6738));
#6740= IFCCLOSEDSHELL((#6641,#6648,#6653,#6658,#6661,#6666,#6670,#6674,#6677,#6682,#6687,#6691,#6695,#6698,#6703,#6707,#6711,#6714,#6719,#6723,#6727,#6730,#6739));
#6741= IFCFACETEDBREP(#6740);
#6742= IFCPOLYLOOP((#6700,#6701,#6705,#6709));
#6743= IFCFACEOUTERBOUND(#6742,.T.);
#6744= IFCPOLYLOOP((#6745,#6746,#6747,#6748));
#6745= IFCCARTESIANPOINT((3034.999999999994998,-189.999999999994543,1200.));
#6746= IFCCARTESIANPOINT((1249.999999999995907,-189.999999999994543,1200.000000000000227));
#6747= IFCCARTESIANPOINT((1249.999999999995907,-189.999999999994543,2300.));
#6748= IFCCARTESIANPOINT((3034.999999999994998,-189.999999999994543,2300.));
#6749= IFCFACEBOUND(#6744,.T.);
#6750= IFCFACE((#6743,#6749));
#6751= IFCPOLYLOOP((#6630,#6631,#6701,#6700));
#6752= IFCFACEOUTERBOUND(#6751,.T.);
#6753= IFCFACE((#6752));
#6754= IFCPOLYLOOP((#6631,#6632,#6705,#6701));
#6755= IFCFACEOUTERBOUND(#6754,.T.);
#6756= IFCFACE((#6755));
#6757= IFCPOLYLOOP((#6632,#6633,#6709,#6705));
#6758= IFCFACEOUTERBOUND(#6757,.T.);
#6759= IFCFACE((#6758));
#6760= IFCPOLYLOOP((#6633,#6630,#6700,#6709));
#6761= IFCFACEOUTERBOUND(#6760,.T.);
#6762= IFCFACE((#6761));
#6763= IFCPOLYLOOP((#6764,#6765,#6746,#6745));
#6764= IFCCARTESIANPOINT((3034.999999999995453,-139.999999999994543,1200.));
#6765= IFCCARTESIANPOINT((1249.999999999995907,-139.999999999994543,1200.000000000000227));
#6766= IFCFACEOUTERBOUND(#6763,.T.);
#6767= IFCFACE((#6766));
#6768= IFCPOLYLOOP((#6765,#6769,#6747,#6746));
#6769= IFCCARTESIANPOINT((1249.999999999995907,-139.999999999994543,2300.));
#6770= IFCFACEOUTERBOUND(#6768,.T.);
#6771= IFCFACE((#6770));
#6772= IFCPOLYLOOP((#6769,#6773,#6748,#6747));
#6773= IFCCARTESIANPOINT((3034.999999999994998,-139.999999999994543,2300.));
#6774= IFCFACEOUTERBOUND(#6772,.T.);
#6775= IFCFACE((#6774));
#6776= IFCPOLYLOOP((#6773,#6764,#6745,#6748));
#6777= IFCFACEOUTERBOUND(#6776,.T.);
#6778= IFCFACE((#6777));
#6779= IFCPOLYLOOP((#6630,#6633,#6632,#6631));
#6780= IFCFACEOUTERBOUND(#6779,.T.);
#6781= IFCPOLYLOOP((#6764,#6773,#6769,#6765));
#6782= IFCFACEBOUND(#6781,.T.);
#6783= IFCFACE((#6780,#6782));
#6784= IFCCLOSEDSHELL((#6750,#6753,#6756,#6759,#6762,#6767,#6771,#6775,#6778,#6783));
#6785= IFCFACETEDBREP(#6784);
#6786= IFCPOLYLOOP((#6664,#6672,#6668,#6663));
#6787= IFCFACEOUTERBOUND(#6786,.T.);
#6788= IFCPOLYLOOP((#6789,#6790,#6791,#6792));
#6789= IFCCARTESIANPOINT((3159.999999999995453,-164.999999999994543,2325.));
#6790= IFCCARTESIANPOINT((3874.999999999996362,-164.999999999994543,2325.));
#6791= IFCCARTESIANPOINT((3874.999999999994998,-164.999999999994543,1175.));
#6792= IFCCARTESIANPOINT((3159.999999999995453,-164.999999999994543,1175.));
#6793= IFCFACEBOUND(#6788,.T.);
#6794= IFCFACE((#6787,#6793));
#6795= IFCPOLYLOOP((#6796,#6797,#6672,#6664));
#6796= IFCCARTESIANPOINT((3109.999999999995453,-114.999999999994543,2375.));
#6797= IFCCARTESIANPOINT((3109.999999999994998,-114.999999999994543,1125.));
#6798= IFCFACEOUTERBOUND(#6795,.T.);
#6799= IFCFACE((#6798));
#6800= IFCPOLYLOOP((#6797,#6801,#6668,#6672));
#6801= IFCCARTESIANPOINT((3924.999999999995453,-114.999999999994543,1125.));
#6802= IFCFACEOUTERBOUND(#6800,.T.);
#6803= IFCFACE((#6802));
#6804= IFCPOLYLOOP((#6801,#6805,#6663,#6668));
#6805= IFCCARTESIANPOINT((3924.999999999996362,-114.999999999994543,2375.));
#6806= IFCFACEOUTERBOUND(#6804,.T.);
#6807= IFCFACE((#6806));
#6808= IFCPOLYLOOP((#6805,#6796,#6664,#6663));
#6809= IFCFACEOUTERBOUND(#6808,.T.);
#6810= IFCFACE((#6809));
#6811= IFCPOLYLOOP((#6812,#6813,#6790,#6789));
#6812= IFCCARTESIANPOINT((3159.999999999995453,-114.999999999994543,2325.));
#6813= IFCCARTESIANPOINT((3874.999999999996362,-114.999999999994543,2325.));
#6814= IFCFACEOUTERBOUND(#6811,.T.);
#6815= IFCFACE((#6814));
#6816= IFCPOLYLOOP((#6813,#6817,#6791,#6790));
#6817= IFCCARTESIANPOINT((3874.999999999994998,-114.999999999994543,1175.));
#6818= IFCFACEOUTERBOUND(#6816,.T.);
#6819= IFCFACE((#6818));
#6820= IFCPOLYLOOP((#6817,#6821,#6792,#6791));
#6821= IFCCARTESIANPOINT((3159.999999999995453,-114.999999999994543,1175.));
#6822= IFCFACEOUTERBOUND(#6820,.T.);
#6823= IFCFACE((#6822));
#6824= IFCPOLYLOOP((#6821,#6812,#6789,#6792));
#6825= IFCFACEOUTERBOUND(#6824,.T.);
#6826= IFCFACE((#6825));
#6827= IFCPOLYLOOP((#6796,#6805,#6801,#6797));
#6828= IFCFACEOUTERBOUND(#6827,.T.);
#6829= IFCPOLYLOOP((#6812,#6821,#6817,#6813));
#6830= IFCFACEBOUND(#6829,.T.);
#6831= IFCFACE((#6828,#6830));
#6832= IFCCLOSEDSHELL((#6794,#6799,#6803,#6807,#6810,#6815,#6819,#6823,#6826,#6831));
#6833= IFCFACETEDBREP(#6832);
#6834= IFCPOLYLOOP((#6716,#6717,#6721,#6725));
#6835= IFCFACEOUTERBOUND(#6834,.T.);
#6836= IFCPOLYLOOP((#6837,#6838,#6839,#6840));
#6837= IFCCARTESIANPOINT((3849.999999999996362,-189.999999999994543,1050.));
#6838= IFCCARTESIANPOINT((3849.999999999996817,-189.999999999994543,800.));
#6839= IFCCARTESIANPOINT((1249.99999999999568,-189.999999999994543,799.999999999999773));
#6840= IFCCARTESIANPOINT((1249.999999999995907,-189.999999999994543,1050.));
#6841= IFCFACEBOUND(#6836,.T.);
#6842= IFCFACE((#6835,#6841));
#6843= IFCPOLYLOOP((#6636,#6637,#6717,#6716));
#6844= IFCFACEOUTERBOUND(#6843,.T.);
#6845= IFCFACE((#6844));
#6846= IFCPOLYLOOP((#6637,#6638,#6721,#6717));
#6847= IFCFACEOUTERBOUND(#6846,.T.);
#6848= IFCFACE((#6847));
#6849= IFCPOLYLOOP((#6638,#6639,#6725,#6721));
#6850= IFCFACEOUTERBOUND(#6849,.T.);
#6851= IFCFACE((#6850));
#6852= IFCPOLYLOOP((#6639,#6636,#6716,#6725));
#6853= IFCFACEOUTERBOUND(#6852,.T.);
#6854= IFCFACE((#6853));
#6855= IFCPOLYLOOP((#6856,#6857,#6838,#6837));
#6856= IFCCARTESIANPOINT((3849.999999999996362,-139.999999999994543,1050.));
#6857= IFCCARTESIANPOINT((3849.999999999996817,-139.999999999994543,800.));
#6858= IFCFACEOUTERBOUND(#6855,.T.);
#6859= IFCFACE((#6858));
#6860= IFCPOLYLOOP((#6857,#6861,#6839,#6838));
#6861= IFCCARTESIANPOINT((1249.999999999995907,-139.999999999994543,799.999999999999773));
#6862= IFCFACEOUTERBOUND(#6860,.T.);
#6863= IFCFACE((#6862));
#6864= IFCPOLYLOOP((#6861,#6865,#6840,#6839));
#6865= IFCCARTESIANPOINT((1249.999999999995907,-139.999999999994543,1050.));
#6866= IFCFACEOUTERBOUND(#6864,.T.);
#6867= IFCFACE((#6866));
#6868= IFCPOLYLOOP((#6865,#6856,#6837,#6840));
#6869= IFCFACEOUTERBOUND(#6868,.T.);
#6870= IFCFACE((#6869));
#6871= IFCPOLYLOOP((#6636,#6639,#6638,#6637));
#6872= IFCFACEOUTERBOUND(#6871,.T.);
#6873= IFCPOLYLOOP((#6856,#6865,#6861,#6857));
#6874= IFCFACEBOUND(#6873,.T.);
#6875= IFCFACE((#6872,#6874));
#6876= IFCCLOSEDSHELL((#6842,#6845,#6848,#6851,#6854,#6859,#6863,#6867,#6870,#6875));
#6877= IFCFACETEDBREP(#6876);
#6878= IFCSHAPEREPRESENTATION(#41,'Body','Brep',(#6741,#6785,#6833,#6877));
#6879= IFCCARTESIANPOINT((0.,0.,0.));
#6880= IFCDIRECTION((0.,0.,1.));
#6881= IFCDIRECTION((1.,0.,0.));
#6882= IFCAXIS2PLACEMENT3D(#6879,#6880,#6881);
#6883= IFCREPRESENTATIONMAP(#6882,#6878);
#6884= IFCDIRECTION((1.,0.,0.));
#6885= IFCDIRECTION((0.,1.,0.));
#6886= IFCDIRECTION((0.,0.,1.));
#6887= IFCCARTESIANPOINT((-1149.999999999996135,189.999999999994543,-700.));
#6888= IFCCARTESIANTRANSFORMATIONOPERATOR3D(#6884,#6885,#6887,1.,#6886);
#6889= IFCMAPPEDITEM(#6883,#6888);
#6890= IFCSHAPEREPRESENTATION(#41,'Body','MappedRepresentation',(#6889));
#6891= IFCPOLYLOOP((#6892,#6893,#6894,#6895));
#6892= IFCCARTESIANPOINT((3849.999999999996362,-164.999999999994543,1050.));
#6893= IFCCARTESIANPOINT((1249.999999999995907,-164.999999999994543,1050.));
#6894= IFCCARTESIANPOINT((1249.999999999996135,-164.999999999994543,799.999999999999886));
#6895= IFCCARTESIANPOINT((3849.999999999997272,-164.999999999994543,800.));
#6896= IFCFACEOUTERBOUND(#6891,.T.);
#6897= IFCFACE((#6896));
#6898= IFCOPENSHELL((#6897));
#6899= IFCSHELLBASEDSURFACEMODEL((#6898));
#6900= IFCPOLYLOOP((#6901,#6902,#6903,#6904));
#6901= IFCCARTESIANPOINT((3159.999999999995453,-139.999999999994543,2325.));
#6902= IFCCARTESIANPOINT((3159.999999999995907,-139.999999999994543,1174.999999999999773));
#6903= IFCCARTESIANPOINT((3874.999999999995453,-139.999999999994543,1175.));
#6904= IFCCARTESIANPOINT((3874.999999999996362,-139.999999999994543,2325.));
#6905= IFCFACEOUTERBOUND(#6900,.T.);
#6906= IFCFACE((#6905));
#6907= IFCOPENSHELL((#6906));
#6908= IFCSHELLBASEDSURFACEMODEL((#6907));
#6909= IFCPOLYLOOP((#6910,#6911,#6912,#6913));
#6910= IFCCARTESIANPOINT((3034.999999999996362,-164.999999999994543,1200.000000000000227));
#6911= IFCCARTESIANPOINT((3034.999999999995907,-164.999999999994543,2300.));
#6912= IFCCARTESIANPOINT((1249.999999999995907,-164.999999999994543,2300.));
#6913= IFCCARTESIANPOINT((1249.999999999996135,-164.999999999994543,1200.000000000000455));
#6914= IFCFACEOUTERBOUND(#6909,.T.);
#6915= IFCFACE((#6914));
#6916= IFCOPENSHELL((#6915));
#6917= IFCSHELLBASEDSURFACEMODEL((#6916));
#6918= IFCSHAPEREPRESENTATION(#41,'Body','SurfaceModel',(#6899,#6908,#6917));
#6919= IFCCARTESIANPOINT((0.,0.,0.));
#6920= IFCDIRECTION((0.,0.,1.));
#6921= IFCDIRECTION((1.,0.,0.));
#6922= IFCAXIS2PLACEMENT3D(#6919,#6920,#6921);
#6923= IFCREPRESENTATIONMAP(#6922,#6918);
#6924= IFCDIRECTION((1.,0.,0.));
#6925= IFCDIRECTION((0.,1.,0.));
#6926= IFCDIRECTION((0.,0.,1.));
#6927= IFCCARTESIANPOINT((-1149.999999999996135,189.999999999994543,-700.));
#6928= IFCCARTESIANTRANSFORMATIONOPERATOR3D(#6924,#6925,#6927,1.,#6926);
#6929= IFCMAPPEDITEM(#6923,#6928);
#6930= IFCSHAPEREPRESENTATION(#41,'Body','MappedRepresentation',(#6929));
#6931= IFCSHAPEREPRESENTATION(#41,'Body','MappedRepresentation',(#6889,#6929));
#6932= IFCSHAPEASPECT((#6890),'Lining',$,.U.,#6938);
#6933= IFCSHAPEASPECT((#6930),'Glazing',$,.U.,#6938);
#6934= IFCCARTESIANPOINTLIST2D(((0.,25.),(2799.999999999999091,25.)));
#6935= IFCINDEXEDPOLYCURVE(#6934,(IFCLINEINDEX((1,2))),$);
#6936= IFCGEOMETRICCURVESET((#6935));
#6937= IFCSHAPEREPRESENTATION(#43,'FootPrint','GeometricCurveSet',(#6936));
#6938= IFCPRODUCTDEFINITIONSHAPE($,$,(#6931,#6937));
#6939= IFCSTYLEDITEM(#6889,(#5662),$);
#6940= IFCSTYLEDITEM(#6929,(#6203),$);
#6941= IFCCARTESIANPOINT((0.,50.,0.));
#6942= IFCDIRECTION((0.,-0.,1.));
#6943= IFCDIRECTION((1.,0.,0.));
#6944= IFCAXIS2PLACEMENT3D(#6941,#6942,#6943);
#6945= IFCLOCALPLACEMENT(#6613,#6944);
#6946= IFCRELFILLSELEMENT('0mjHMT6u14PB6_i4S$_sBA',$,$,$,#6615,#6616);
#6947= IFCWINDOWPANELPROPERTIES('02vqcJTIjAnB5e7$ENkE_d',$,'\X2\0413043B044304450430044F\X0\',$,.FIXEDCASEMENT.,.NOTDEFINED.,50.,50.,$);
#6948= IFCWINDOWPANELPROPERTIES('0nSG4JYb18ZQaz1_hEU13N',$,'\X2\0411043E043A043E0432043E0439\X0\ \X2\0438\X0\ \X2\043D04380436043D04380439\X0\ \X2\043F043E0434043204350441\X0\',$,.TILTANDTURNRIGHTHAND.,.NOTDEFINED.,50.,50.,$);
#6949= IFCWINDOWPANELPROPERTIES('1MgtAIXd57_9DYugrUyLdH',$,'\X2\0413043B044304450430044F\X0\',$,.FIXEDCASEMENT.,.NOTDEFINED.,50.,50.,$);
#6950= IFCWINDOWLININGPROPERTIES('3vik8pU4HEJxl2Yiz7KH$E',$,'Window Lining Properties',$,50.,50.,50.,50.,$,$,$,$,$,$,$,$);
#6951= IFCWINDOWTYPE('16DNOwiXZLHwq9$rT_NoBo',$,'BWS_2800\X2\0445\X0\1700',$,$,(#6950,#6947,#6948,#6949,#13293),$,$,$,.WINDOW.,.USERDEFINED.,.F.,$);
#6952= IFCRELDEFINESBYTYPE('0mqDRZ2Er6qwdYVOsXHRFJ',$,$,$,(#6616),#6951);
#6953= IFCCARTESIANPOINT((1400.,850.));
#6954= IFCDIRECTION((1.,0.));
#6955= IFCAXIS2PLACEMENT2D(#6953,#6954);
#6956= IFCRECTANGLEPROFILEDEF(.AREA.,$,#6955,2800.,1700.);
#6957= IFCCARTESIANPOINT((0.,0.,0.));
#6958= IFCDIRECTION((0.,-1.,0.));
#6959= IFCDIRECTION((1.,0.,0.));
#6960= IFCAXIS2PLACEMENT3D(#6957,#6958,#6959);
#6961= IFCDIRECTION((0.,0.,-1.));
#6962= IFCEXTRUDEDAREASOLID(#6956,#6960,#6961,480.);
#6963= IFCSHAPEREPRESENTATION(#44,'Reference','SweptSolid',(#6962));
#6964= IFCPRODUCTDEFINITIONSHAPE($,$,(#6963));
#6965= IFCSTYLEDITEM(#6962,(#5662),$);
#6966= IFCCARTESIANPOINT((1410.000000000005457,-240.,900.));
#6967= IFCDIRECTION((0.,-0.,1.));
#6968= IFCDIRECTION((1.,0.,0.));
#6969= IFCAXIS2PLACEMENT3D(#6966,#6967,#6968);
#6970= IFCLOCALPLACEMENT(#189,#6969);
#6971= IFCRELVOIDSELEMENT('0o0hZEo6L4mxm3B4ws0G$6',$,$,$,#184,#6972);
#6972= IFCOPENINGELEMENT('2lTs0$iGLRGBwvCPvDq1Xr',$,'\X2\041E043A043D043E\X0\ - BWS_2800\X2\0445\X0\1700: 2\X2\00A0\X0\800,00 \X2\043C043C\X0\ x 1\X2\00A0\X0\700,00 \X2\043C043C\X0\',$,$,#6970,#6964,$,.OPENING.);
#6973= IFCWINDOW('0UcjYXnmb0uw3mlQb4WPTR',$,'\X2\041E043A043D043E\X0\ - BWS_2800\X2\0445\X0\1700: 2\X2\00A0\X0\800,00 \X2\043C043C\X0\ x 1\X2\00A0\X0\700,00 \X2\043C043C\X0\',$,$,#7302,#7295,$,1700.,2800.,$,$,$);
#6974= IFCPOLYLOOP((#6975,#6976,#6977,#6978));
#6975= IFCCARTESIANPOINT((9310.000000000007276,1259.999999999984993,2400.));
#6976= IFCCARTESIANPOINT((9310.000000000007276,1259.999999999984993,700.));
#6977= IFCCARTESIANPOINT((6510.000000000007276,1259.999999999984993,700.000000000000114));
#6978= IFCCARTESIANPOINT((6510.000000000007276,1259.999999999984993,2400.));
#6979= IFCFACEOUTERBOUND(#6974,.T.);
#6980= IFCPOLYLOOP((#6981,#6982,#6983,#6984));
#6981= IFCCARTESIANPOINT((7350.000000000007276,1259.999999999984993,1125.));
#6982= IFCCARTESIANPOINT((7350.000000000007276,1259.999999999984993,2375.));
#6983= IFCCARTESIANPOINT((6535.000000000007276,1259.999999999984993,2375.));
#6984= IFCCARTESIANPOINT((6535.000000000007276,1259.999999999984993,1125.));
#6985= IFCFACEBOUND(#6980,.T.);
#6986= IFCPOLYLOOP((#6987,#6988,#6989,#6990));
#6987= IFCCARTESIANPOINT((7375.000000000007276,1259.999999999984993,2350.));
#6988= IFCCARTESIANPOINT((7375.000000000007276,1259.999999999984993,1150.));
#6989= IFCCARTESIANPOINT((9260.000000000007276,1259.999999999984993,1150.));
#6990= IFCCARTESIANPOINT((9260.000000000007276,1259.999999999984993,2350.));
#6991= IFCFACEBOUND(#6986,.T.);
#6992= IFCPOLYLOOP((#6993,#6994,#6995,#6996));
#6993= IFCCARTESIANPOINT((9260.000000000007276,1259.999999999984993,1100.));
#6994= IFCCARTESIANPOINT((6560.000000000007276,1259.999999999984993,1100.));
#6995= IFCCARTESIANPOINT((6560.000000000007276,1259.999999999984993,749.999999999999659));
#6996= IFCCARTESIANPOINT((9260.000000000007276,1259.999999999984993,749.999999999999773));
#6997= IFCFACEBOUND(#6992,.T.);
#6998= IFCFACE((#6979,#6985,#6991,#6997));
#6999= IFCPOLYLOOP((#7000,#7001,#7002,#7003));
#7000= IFCCARTESIANPOINT((7325.000000000007276,1234.999999999984993,2350.));
#7001= IFCCARTESIANPOINT((7325.000000000007276,1234.999999999984993,1150.));
#7002= IFCCARTESIANPOINT((7325.000000000007276,1209.999999999984993,1150.));
#7003= IFCCARTESIANPOINT((7325.000000000007276,1209.999999999984993,2350.));
#7004= IFCFACEOUTERBOUND(#6999,.T.);
#7005= IFCFACE((#7004));
#7006= IFCPOLYLOOP((#7007,#7000,#7003,#7008));
#7007= IFCCARTESIANPOINT((6560.000000000007276,1234.999999999984993,2350.));
#7008= IFCCARTESIANPOINT((6560.000000000007276,1209.999999999984993,2350.));
#7009= IFCFACEOUTERBOUND(#7006,.T.);
#7010= IFCFACE((#7009));
#7011= IFCPOLYLOOP((#7012,#7007,#7008,#7013));
#7012= IFCCARTESIANPOINT((6560.000000000007276,1234.999999999984993,1150.));
#7013= IFCCARTESIANPOINT((6560.000000000007276,1209.999999999984993,1150.));
#7014= IFCFACEOUTERBOUND(#7011,.T.);
#7015= IFCFACE((#7014));
#7016= IFCPOLYLOOP((#7001,#7012,#7013,#7002));
#7017= IFCFACEOUTERBOUND(#7016,.T.);
#7018= IFCFACE((#7017));
#7019= IFCPOLYLOOP((#6981,#6984,#7020,#7021));
#7020= IFCCARTESIANPOINT((6535.000000000007276,1234.999999999984993,1125.));
#7021= IFCCARTESIANPOINT((7350.000000000007276,1234.999999999984993,1125.));
#7022= IFCFACEOUTERBOUND(#7019,.T.);
#7023= IFCFACE((#7022));
#7024= IFCPOLYLOOP((#6984,#6983,#7025,#7020));
#7025= IFCCARTESIANPOINT((6535.000000000007276,1234.999999999984993,2375.));
#7026= IFCFACEOUTERBOUND(#7024,.T.);
#7027= IFCFACE((#7026));
#7028= IFCPOLYLOOP((#6983,#6982,#7029,#7025));
#7029= IFCCARTESIANPOINT((7350.000000000007276,1234.999999999984993,2375.));
#7030= IFCFACEOUTERBOUND(#7028,.T.);
#7031= IFCFACE((#7030));
#7032= IFCPOLYLOOP((#6982,#6981,#7021,#7029));
#7033= IFCFACEOUTERBOUND(#7032,.T.);
#7034= IFCFACE((#7033));
#7035= IFCPOLYLOOP((#7021,#7020,#7025,#7029));
#7036= IFCFACEOUTERBOUND(#7035,.T.);
#7037= IFCPOLYLOOP((#7012,#7001,#7000,#7007));
#7038= IFCFACEBOUND(#7037,.T.);
#7039= IFCFACE((#7036,#7038));
#7040= IFCPOLYLOOP((#6976,#6975,#7041,#7042));
#7041= IFCCARTESIANPOINT((9310.000000000007276,1209.999999999984993,2400.));
#7042= IFCCARTESIANPOINT((9310.000000000007276,1209.999999999984993,700.));
#7043= IFCFACEOUTERBOUND(#7040,.T.);
#7044= IFCFACE((#7043));
#7045= IFCPOLYLOOP((#6977,#6976,#7042,#7046));
#7046= IFCCARTESIANPOINT((6510.000000000007276,1209.999999999984993,700.000000000000114));
#7047= IFCFACEOUTERBOUND(#7045,.T.);
#7048= IFCFACE((#7047));
#7049= IFCPOLYLOOP((#6978,#6977,#7046,#7050));
#7050= IFCCARTESIANPOINT((6510.000000000007276,1209.999999999984993,2400.));
#7051= IFCFACEOUTERBOUND(#7049,.T.);
#7052= IFCFACE((#7051));
#7053= IFCPOLYLOOP((#6975,#6978,#7050,#7041));
#7054= IFCFACEOUTERBOUND(#7053,.T.);
#7055= IFCFACE((#7054));
#7056= IFCPOLYLOOP((#6988,#6987,#7057,#7058));
#7057= IFCCARTESIANPOINT((7375.000000000007276,1209.999999999984993,2350.));
#7058= IFCCARTESIANPOINT((7375.000000000007276,1209.999999999984993,1150.));
#7059= IFCFACEOUTERBOUND(#7056,.T.);
#7060= IFCFACE((#7059));
#7061= IFCPOLYLOOP((#6989,#6988,#7058,#7062));
#7062= IFCCARTESIANPOINT((9260.000000000007276,1209.999999999984993,1150.));
#7063= IFCFACEOUTERBOUND(#7061,.T.);
#7064= IFCFACE((#7063));
#7065= IFCPOLYLOOP((#6990,#6989,#7062,#7066));
#7066= IFCCARTESIANPOINT((9260.000000000007276,1209.999999999984993,2350.));
#7067= IFCFACEOUTERBOUND(#7065,.T.);
#7068= IFCFACE((#7067));
#7069= IFCPOLYLOOP((#6987,#6990,#7066,#7057));
#7070= IFCFACEOUTERBOUND(#7069,.T.);
#7071= IFCFACE((#7070));
#7072= IFCPOLYLOOP((#6994,#6993,#7073,#7074));
#7073= IFCCARTESIANPOINT((9260.000000000007276,1209.999999999984993,1100.));
#7074= IFCCARTESIANPOINT((6560.000000000007276,1209.999999999984993,1100.));
#7075= IFCFACEOUTERBOUND(#7072,.T.);
#7076= IFCFACE((#7075));
#7077= IFCPOLYLOOP((#6995,#6994,#7074,#7078));
#7078= IFCCARTESIANPOINT((6560.000000000007276,1209.999999999984993,749.999999999999773));
#7079= IFCFACEOUTERBOUND(#7077,.T.);
#7080= IFCFACE((#7079));
#7081= IFCPOLYLOOP((#6996,#6995,#7078,#7082));
#7082= IFCCARTESIANPOINT((9260.000000000007276,1209.999999999984993,750.));
#7083= IFCFACEOUTERBOUND(#7081,.T.);
#7084= IFCFACE((#7083));
#7085= IFCPOLYLOOP((#6993,#6996,#7082,#7073));
#7086= IFCFACEOUTERBOUND(#7085,.T.);
#7087= IFCFACE((#7086));
#7088= IFCPOLYLOOP((#7041,#7050,#7046,#7042));
#7089= IFCFACEOUTERBOUND(#7088,.T.);
#7090= IFCPOLYLOOP((#7073,#7082,#7078,#7074));
#7091= IFCFACEBOUND(#7090,.T.);
#7092= IFCPOLYLOOP((#7057,#7066,#7062,#7058));
#7093= IFCFACEBOUND(#7092,.T.);
#7094= IFCPOLYLOOP((#7002,#7013,#7008,#7003));
#7095= IFCFACEBOUND(#7094,.T.);
#7096= IFCFACE((#7089,#7091,#7093,#7095));
#7097= IFCCLOSEDSHELL((#6998,#7005,#7010,#7015,#7018,#7023,#7027,#7031,#7034,#7039,#7044,#7048,#7052,#7055,#7060,#7064,#7068,#7071,#7076,#7080,#7084,#7087,#7096));
#7098= IFCFACETEDBREP(#7097);
#7099= IFCPOLYLOOP((#7057,#7058,#7062,#7066));
#7100= IFCFACEOUTERBOUND(#7099,.T.);
#7101= IFCPOLYLOOP((#7102,#7103,#7104,#7105));
#7102= IFCCARTESIANPOINT((7425.000000000005457,1209.999999999984993,2300.));
#7103= IFCCARTESIANPOINT((9210.000000000007276,1209.999999999984993,2300.000000000000455));
#7104= IFCCARTESIANPOINT((9210.000000000007276,1209.999999999984993,1200.));
#7105= IFCCARTESIANPOINT((7425.000000000007276,1209.999999999984993,1200.));
#7106= IFCFACEBOUND(#7101,.T.);
#7107= IFCFACE((#7100,#7106));
#7108= IFCPOLYLOOP((#6987,#6988,#7058,#7057));
#7109= IFCFACEOUTERBOUND(#7108,.T.);
#7110= IFCFACE((#7109));
#7111= IFCPOLYLOOP((#6988,#6989,#7062,#7058));
#7112= IFCFACEOUTERBOUND(#7111,.T.);
#7113= IFCFACE((#7112));
#7114= IFCPOLYLOOP((#6989,#6990,#7066,#7062));
#7115= IFCFACEOUTERBOUND(#7114,.T.);
#7116= IFCFACE((#7115));
#7117= IFCPOLYLOOP((#6990,#6987,#7057,#7066));
#7118= IFCFACEOUTERBOUND(#7117,.T.);
#7119= IFCFACE((#7118));
#7120= IFCPOLYLOOP((#7121,#7122,#7103,#7102));
#7121= IFCCARTESIANPOINT((7425.000000000007276,1259.999999999984993,2300.));
#7122= IFCCARTESIANPOINT((9210.000000000007276,1259.999999999984993,2300.000000000000455));
#7123= IFCFACEOUTERBOUND(#7120,.T.);
#7124= IFCFACE((#7123));
#7125= IFCPOLYLOOP((#7122,#7126,#7104,#7103));
#7126= IFCCARTESIANPOINT((9210.000000000007276,1259.999999999984993,1200.));
#7127= IFCFACEOUTERBOUND(#7125,.T.);
#7128= IFCFACE((#7127));
#7129= IFCPOLYLOOP((#7126,#7130,#7105,#7104));
#7130= IFCCARTESIANPOINT((7425.000000000007276,1259.999999999984993,1200.));
#7131= IFCFACEOUTERBOUND(#7129,.T.);
#7132= IFCFACE((#7131));
#7133= IFCPOLYLOOP((#7130,#7121,#7102,#7105));
#7134= IFCFACEOUTERBOUND(#7133,.T.);
#7135= IFCFACE((#7134));
#7136= IFCPOLYLOOP((#6987,#6990,#6989,#6988));
#7137= IFCFACEOUTERBOUND(#7136,.T.);
#7138= IFCPOLYLOOP((#7121,#7130,#7126,#7122));
#7139= IFCFACEBOUND(#7138,.T.);
#7140= IFCFACE((#7137,#7139));
#7141= IFCCLOSEDSHELL((#7107,#7110,#7113,#7116,#7119,#7124,#7128,#7132,#7135,#7140));
#7142= IFCFACETEDBREP(#7141);
#7143= IFCPOLYLOOP((#7021,#7029,#7025,#7020));
#7144= IFCFACEOUTERBOUND(#7143,.T.);
#7145= IFCPOLYLOOP((#7146,#7147,#7148,#7149));
#7146= IFCCARTESIANPOINT((7300.000000000007276,1234.999999999984993,1175.));
#7147= IFCCARTESIANPOINT((6585.000000000007276,1234.999999999984993,1175.));
#7148= IFCCARTESIANPOINT((6585.000000000007276,1234.999999999984993,2325.));
#7149= IFCCARTESIANPOINT((7300.000000000007276,1234.999999999984993,2325.));
#7150= IFCFACEBOUND(#7145,.T.);
#7151= IFCFACE((#7144,#7150));
#7152= IFCPOLYLOOP((#7153,#7154,#7029,#7021));
#7153= IFCCARTESIANPOINT((7350.000000000007276,1284.999999999984993,1125.));
#7154= IFCCARTESIANPOINT((7350.000000000007276,1284.999999999984993,2375.));
#7155= IFCFACEOUTERBOUND(#7152,.T.);
#7156= IFCFACE((#7155));
#7157= IFCPOLYLOOP((#7154,#7158,#7025,#7029));
#7158= IFCCARTESIANPOINT((6535.000000000007276,1284.999999999984993,2375.));
#7159= IFCFACEOUTERBOUND(#7157,.T.);
#7160= IFCFACE((#7159));
#7161= IFCPOLYLOOP((#7158,#7162,#7020,#7025));
#7162= IFCCARTESIANPOINT((6535.000000000007276,1284.999999999984993,1125.));
#7163= IFCFACEOUTERBOUND(#7161,.T.);
#7164= IFCFACE((#7163));
#7165= IFCPOLYLOOP((#7162,#7153,#7021,#7020));
#7166= IFCFACEOUTERBOUND(#7165,.T.);
#7167= IFCFACE((#7166));
#7168= IFCPOLYLOOP((#7169,#7170,#7147,#7146));
#7169= IFCCARTESIANPOINT((7300.000000000007276,1284.999999999984993,1175.));
#7170= IFCCARTESIANPOINT((6585.000000000007276,1284.999999999984993,1175.));
#7171= IFCFACEOUTERBOUND(#7168,.T.);
#7172= IFCFACE((#7171));
#7173= IFCPOLYLOOP((#7170,#7174,#7148,#7147));
#7174= IFCCARTESIANPOINT((6585.000000000007276,1284.999999999984993,2325.));
#7175= IFCFACEOUTERBOUND(#7173,.T.);
#7176= IFCFACE((#7175));
#7177= IFCPOLYLOOP((#7174,#7178,#7149,#7148));
#7178= IFCCARTESIANPOINT((7300.000000000007276,1284.999999999984993,2325.));
#7179= IFCFACEOUTERBOUND(#7177,.T.);
#7180= IFCFACE((#7179));
#7181= IFCPOLYLOOP((#7178,#7169,#7146,#7149));
#7182= IFCFACEOUTERBOUND(#7181,.T.);
#7183= IFCFACE((#7182));
#7184= IFCPOLYLOOP((#7153,#7162,#7158,#7154));
#7185= IFCFACEOUTERBOUND(#7184,.T.);
#7186= IFCPOLYLOOP((#7169,#7178,#7174,#7170));
#7187= IFCFACEBOUND(#7186,.T.);
#7188= IFCFACE((#7185,#7187));
#7189= IFCCLOSEDSHELL((#7151,#7156,#7160,#7164,#7167,#7172,#7176,#7180,#7183,#7188));
#7190= IFCFACETEDBREP(#7189);
#7191= IFCPOLYLOOP((#7073,#7074,#7078,#7082));
#7192= IFCFACEOUTERBOUND(#7191,.T.);
#7193= IFCPOLYLOOP((#7194,#7195,#7196,#7197));
#7194= IFCCARTESIANPOINT((9210.000000000007276,1209.999999999984993,1050.));
#7195= IFCCARTESIANPOINT((9210.000000000007276,1209.999999999984993,800.));
#7196= IFCCARTESIANPOINT((6610.000000000007276,1209.999999999984993,799.999999999999773));
#7197= IFCCARTESIANPOINT((6610.000000000007276,1209.999999999984993,1050.));
#7198= IFCFACEBOUND(#7193,.T.);
#7199= IFCFACE((#7192,#7198));
#7200= IFCPOLYLOOP((#6993,#6994,#7074,#7073));
#7201= IFCFACEOUTERBOUND(#7200,.T.);
#7202= IFCFACE((#7201));
#7203= IFCPOLYLOOP((#6994,#6995,#7078,#7074));
#7204= IFCFACEOUTERBOUND(#7203,.T.);
#7205= IFCFACE((#7204));
#7206= IFCPOLYLOOP((#6995,#6996,#7082,#7078));
#7207= IFCFACEOUTERBOUND(#7206,.T.);
#7208= IFCFACE((#7207));
#7209= IFCPOLYLOOP((#6996,#6993,#7073,#7082));
#7210= IFCFACEOUTERBOUND(#7209,.T.);
#7211= IFCFACE((#7210));
#7212= IFCPOLYLOOP((#7213,#7214,#7195,#7194));
#7213= IFCCARTESIANPOINT((9210.000000000007276,1259.999999999984993,1050.));
#7214= IFCCARTESIANPOINT((9210.000000000007276,1259.999999999984993,800.));
#7215= IFCFACEOUTERBOUND(#7212,.T.);
#7216= IFCFACE((#7215));
#7217= IFCPOLYLOOP((#7214,#7218,#7196,#7195));
#7218= IFCCARTESIANPOINT((6610.000000000007276,1259.999999999984993,799.999999999999773));
#7219= IFCFACEOUTERBOUND(#7217,.T.);
#7220= IFCFACE((#7219));
#7221= IFCPOLYLOOP((#7218,#7222,#7197,#7196));
#7222= IFCCARTESIANPOINT((6610.000000000007276,1259.999999999984993,1050.));
#7223= IFCFACEOUTERBOUND(#7221,.T.);
#7224= IFCFACE((#7223));
#7225= IFCPOLYLOOP((#7222,#7213,#7194,#7197));
#7226= IFCFACEOUTERBOUND(#7225,.T.);
#7227= IFCFACE((#7226));
#7228= IFCPOLYLOOP((#6993,#6996,#6995,#6994));
#7229= IFCFACEOUTERBOUND(#7228,.T.);
#7230= IFCPOLYLOOP((#7213,#7222,#7218,#7214));
#7231= IFCFACEBOUND(#7230,.T.);
#7232= IFCFACE((#7229,#7231));
#7233= IFCCLOSEDSHELL((#7199,#7202,#7205,#7208,#7211,#7216,#7220,#7224,#7227,#7232));
#7234= IFCFACETEDBREP(#7233);
#7235= IFCSHAPEREPRESENTATION(#41,'Body','Brep',(#7098,#7142,#7190,#7234));
#7236= IFCCARTESIANPOINT((0.,0.,0.));
#7237= IFCDIRECTION((0.,0.,1.));
#7238= IFCDIRECTION((1.,0.,0.));
#7239= IFCAXIS2PLACEMENT3D(#7236,#7237,#7238);
#7240= IFCREPRESENTATIONMAP(#7239,#7235);
#7241= IFCDIRECTION((1.,0.,0.));
#7242= IFCDIRECTION((0.,1.,0.));
#7243= IFCDIRECTION((0.,0.,1.));
#7244= IFCCARTESIANPOINT((-6510.000000000007276,-1209.999999999984993,-700.));
#7245= IFCCARTESIANTRANSFORMATIONOPERATOR3D(#7241,#7242,#7244,1.,#7243);
#7246= IFCMAPPEDITEM(#7240,#7245);
#7247= IFCSHAPEREPRESENTATION(#41,'Body','MappedRepresentation',(#7246));
#7248= IFCPOLYLOOP((#7249,#7250,#7251,#7252));
#7249= IFCCARTESIANPOINT((9210.000000000007276,1234.999999999984993,1050.));
#7250= IFCCARTESIANPOINT((6610.000000000007276,1234.999999999984993,1050.));
#7251= IFCCARTESIANPOINT((6610.000000000007276,1234.999999999984993,799.999999999999886));
#7252= IFCCARTESIANPOINT((9210.000000000009095,1234.999999999984993,800.));
#7253= IFCFACEOUTERBOUND(#7248,.T.);
#7254= IFCFACE((#7253));
#7255= IFCOPENSHELL((#7254));
#7256= IFCSHELLBASEDSURFACEMODEL((#7255));
#7257= IFCPOLYLOOP((#7258,#7259,#7260,#7261));
#7258= IFCCARTESIANPOINT((7425.000000000007276,1234.999999999984993,2300.));
#7259= IFCCARTESIANPOINT((7425.000000000007276,1234.999999999984993,1200.));
#7260= IFCCARTESIANPOINT((9210.000000000007276,1234.999999999984993,1200.));
#7261= IFCCARTESIANPOINT((9210.000000000007276,1234.999999999984993,2300.000000000000909));
#7262= IFCFACEOUTERBOUND(#7257,.T.);
#7263= IFCFACE((#7262));
#7264= IFCOPENSHELL((#7263));
#7265= IFCSHELLBASEDSURFACEMODEL((#7264));
#7266= IFCPOLYLOOP((#7267,#7268,#7269,#7270));
#7267= IFCCARTESIANPOINT((7300.000000000007276,1259.999999999984993,1175.));
#7268= IFCCARTESIANPOINT((7300.000000000007276,1259.999999999984993,2325.));
#7269= IFCCARTESIANPOINT((6585.000000000007276,1259.999999999984993,2325.));
#7270= IFCCARTESIANPOINT((6585.000000000007276,1259.999999999984993,1175.));
#7271= IFCFACEOUTERBOUND(#7266,.T.);
#7272= IFCFACE((#7271));
#7273= IFCOPENSHELL((#7272));
#7274= IFCSHELLBASEDSURFACEMODEL((#7273));
#7275= IFCSHAPEREPRESENTATION(#41,'Body','SurfaceModel',(#7256,#7265,#7274));
#7276= IFCCARTESIANPOINT((0.,0.,0.));
#7277= IFCDIRECTION((0.,0.,1.));
#7278= IFCDIRECTION((1.,0.,0.));
#7279= IFCAXIS2PLACEMENT3D(#7276,#7277,#7278);
#7280= IFCREPRESENTATIONMAP(#7279,#7275);
#7281= IFCDIRECTION((1.,0.,0.));
#7282= IFCDIRECTION((0.,1.,0.));
#7283= IFCDIRECTION((0.,0.,1.));
#7284= IFCCARTESIANPOINT((-6510.000000000007276,-1209.999999999984993,-700.));
#7285= IFCCARTESIANTRANSFORMATIONOPERATOR3D(#7281,#7282,#7284,1.,#7283);
#7286= IFCMAPPEDITEM(#7280,#7285);
#7287= IFCSHAPEREPRESENTATION(#41,'Body','MappedRepresentation',(#7286));
#7288= IFCSHAPEREPRESENTATION(#41,'Body','MappedRepresentation',(#7246,#7286));
#7289= IFCSHAPEASPECT((#7247),'Lining',$,.U.,#7295);
#7290= IFCSHAPEASPECT((#7287),'Glazing',$,.U.,#7295);
#7291= IFCCARTESIANPOINTLIST2D(((0.,25.),(2800.,25.)));
#7292= IFCINDEXEDPOLYCURVE(#7291,(IFCLINEINDEX((1,2))),$);
#7293= IFCGEOMETRICCURVESET((#7292));
#7294= IFCSHAPEREPRESENTATION(#43,'FootPrint','GeometricCurveSet',(#7293));
#7295= IFCPRODUCTDEFINITIONSHAPE($,$,(#7288,#7294));
#7296= IFCSTYLEDITEM(#7246,(#5662),$);
#7297= IFCSTYLEDITEM(#7286,(#6203),$);
#7298= IFCCARTESIANPOINT((0.,50.,0.));
#7299= IFCDIRECTION((0.,-0.,1.));
#7300= IFCDIRECTION((1.,0.,0.));
#7301= IFCAXIS2PLACEMENT3D(#7298,#7299,#7300);
#7302= IFCLOCALPLACEMENT(#6970,#7301);
#7303= IFCRELFILLSELEMENT('3B9W4ByhvDI9qvCRwlEmf5',$,$,$,#6972,#6973);
#7304= IFCWINDOWPANELPROPERTIES('2$fK2IjorB7OOtzZZxpoeY',$,'\X2\0411043E043A043E0432043E0439\X0\ \X2\0438\X0\ \X2\043D04380436043D04380439\X0\ \X2\043F043E0434043204350441\X0\',$,.TILTANDTURNLEFTHAND.,.NOTDEFINED.,50.,50.,$);
#7305= IFCWINDOWPANELPROPERTIES('2WZFs1cEL9ge7QZStx_Zuw',$,'\X2\0413043B044304450430044F\X0\',$,.FIXEDCASEMENT.,.NOTDEFINED.,50.,50.,$);
#7306= IFCWINDOWPANELPROPERTIES('3onKpIs1577ASU_JfpHS$4',$,'\X2\0413043B044304450430044F\X0\',$,.FIXEDCASEMENT.,.NOTDEFINED.,50.,50.,$);
#7307= IFCWINDOWLININGPROPERTIES('2CRE9E9wb01fDflzTbzZfA',$,'Window Lining Properties',$,50.,50.,50.,50.,$,$,$,$,$,$,$,$);
#7308= IFCWINDOWTYPE('0Zd2AbGn2IIP6kgCqjlMQr',$,'BWS_2800\X2\0445\X0\1700',$,$,(#7307,#7304,#7305,#7306,#13315),$,$,$,.WINDOW.,.USERDEFINED.,.F.,$);
#7309= IFCRELDEFINESBYTYPE('1U08oj3_j32BMtLuoWaLAi',$,$,$,(#6973),#7308);
#7310= IFCCARTESIANPOINT((450.,850.));
#7311= IFCDIRECTION((1.,0.));
#7312= IFCAXIS2PLACEMENT2D(#7310,#7311);
#7313= IFCRECTANGLEPROFILEDEF(.AREA.,$,#7312,900.,1700.);
#7314= IFCCARTESIANPOINT((0.,0.,0.));
#7315= IFCDIRECTION((0.,-1.,0.));
#7316= IFCDIRECTION((1.,0.,0.));
#7317= IFCAXIS2PLACEMENT3D(#7314,#7315,#7316);
#7318= IFCDIRECTION((0.,0.,-1.));
#7319= IFCEXTRUDEDAREASOLID(#7313,#7317,#7318,480.);
#7320= IFCSHAPEREPRESENTATION(#44,'Reference','SweptSolid',(#7319));
#7321= IFCPRODUCTDEFINITIONSHAPE($,$,(#7320));
#7322= IFCSTYLEDITEM(#7319,(#5662),$);
#7323= IFCCARTESIANPOINT((7799.99999999998272,-240.,900.));
#7324= IFCDIRECTION((0.,-0.,1.));
#7325= IFCDIRECTION((1.,0.,0.));
#7326= IFCAXIS2PLACEMENT3D(#7323,#7324,#7325);
#7327= IFCLOCALPLACEMENT(#316,#7326);
#7328= IFCRELVOIDSELEMENT('2ujpIbdJDCH97_14$TFR9m',$,$,$,#311,#7329);
#7329= IFCOPENINGELEMENT('0ZhW_CtfX4HwksBUht$mLr',$,'\X2\041E043A043D043E\X0\ - BWS_\X2\041E0434043D043E044104420432043E0440044704300442043E0435\X0\ \X2\0441\X0\ \X2\044404400430043C04430433043E0439\X0\: 900,00 \X2\043C043C\X0\ x 1\X2\00A0\X0\700,00 \X2\043C043C\X0\',$,$,#7327,#7321,$,.OPENING.);
#7330= IFCWINDOW('2qyR0Ay054gg1KLcQjirbG',$,'\X2\041E043A043D043E\X0\ - BWS_\X2\041E0434043D043E044104420432043E0440044704300442043E0435\X0\ \X2\0441\X0\ \X2\044404400430043C04430433043E0439\X0\: 900,00 \X2\043C043C\X0\ x 1\X2\00A0\X0\700,00 \X2\043C043C\X0\',$,$,#7359,#7352,$,1700.,900.,$,$,$);
#7331= IFCDIRECTION((-1.,0.,0.));
#7332= IFCDIRECTION((0.,-1.,0.));
#7333= IFCDIRECTION((0.,0.,1.));
#7334= IFCCARTESIANPOINT((4320.222966744400765,12389.999999999974534,-700.));
#7335= IFCCARTESIANTRANSFORMATIONOPERATOR3D(#7331,#7332,#7334,1.,#7333);
#7336= IFCMAPPEDITEM(#6434,#7335);
#7337= IFCSHAPEREPRESENTATION(#41,'Body','MappedRepresentation',(#7336));
#7338= IFCDIRECTION((-1.,0.,0.));
#7339= IFCDIRECTION((0.,-1.,0.));
#7340= IFCDIRECTION((0.,0.,1.));
#7341= IFCCARTESIANPOINT((4320.222966744400765,12389.999999999974534,-700.));
#7342= IFCCARTESIANTRANSFORMATIONOPERATOR3D(#7338,#7339,#7341,1.,#7340);
#7343= IFCMAPPEDITEM(#6465,#7342);
#7344= IFCSHAPEREPRESENTATION(#41,'Body','MappedRepresentation',(#7343));
#7345= IFCSHAPEREPRESENTATION(#41,'Body','MappedRepresentation',(#7336,#7343));
#7346= IFCSHAPEASPECT((#7337),'Lining',$,.U.,#7352);
#7347= IFCSHAPEASPECT((#7344),'Glazing',$,.U.,#7352);
#7348= IFCCARTESIANPOINTLIST2D(((0.,25.),(899.999999999998181,25.)));
#7349= IFCINDEXEDPOLYCURVE(#7348,(IFCLINEINDEX((1,2))),$);
#7350= IFCGEOMETRICCURVESET((#7349));
#7351= IFCSHAPEREPRESENTATION(#43,'FootPrint','GeometricCurveSet',(#7350));
#7352= IFCPRODUCTDEFINITIONSHAPE($,$,(#7345,#7351));
#7353= IFCSTYLEDITEM(#7336,(#5662),$);
#7354= IFCSTYLEDITEM(#7343,(#6203),$);
#7355= IFCCARTESIANPOINT((0.,50.,0.));
#7356= IFCDIRECTION((0.,0.,1.));
#7357= IFCDIRECTION((1.,0.,0.));
#7358= IFCAXIS2PLACEMENT3D(#7355,#7356,#7357);
#7359= IFCLOCALPLACEMENT(#7327,#7358);
#7360= IFCRELFILLSELEMENT('2NoLxkq9z59gGtpQvOgz3X',$,$,$,#7329,#7330);
#7361= IFCCARTESIANPOINT((450.,850.));
#7362= IFCDIRECTION((1.,0.));
#7363= IFCAXIS2PLACEMENT2D(#7361,#7362);
#7364= IFCRECTANGLEPROFILEDEF(.AREA.,$,#7363,900.,1700.);
#7365= IFCCARTESIANPOINT((0.,0.,0.));
#7366= IFCDIRECTION((0.,-1.,0.));
#7367= IFCDIRECTION((1.,0.,0.));
#7368= IFCAXIS2PLACEMENT3D(#7365,#7366,#7367);
#7369= IFCDIRECTION((0.,0.,-1.));
#7370= IFCEXTRUDEDAREASOLID(#7364,#7368,#7369,480.);
#7371= IFCSHAPEREPRESENTATION(#44,'Reference','SweptSolid',(#7370));
#7372= IFCPRODUCTDEFINITIONSHAPE($,$,(#7371));
#7373= IFCSTYLEDITEM(#7370,(#5662),$);
#7374= IFCCARTESIANPOINT((5783.91567077486161,-240.,2700.));
#7375= IFCDIRECTION((0.,-0.,1.));
#7376= IFCDIRECTION((1.,0.,0.));
#7377= IFCAXIS2PLACEMENT3D(#7374,#7375,#7376);
#7378= IFCLOCALPLACEMENT(#316,#7377);
#7379= IFCRELVOIDSELEMENT('1cIRJ$nPT3QwHDczj5JodL',$,$,$,#311,#7380);
#7380= IFCOPENINGELEMENT('0oxlCmJ98DHerEgOOlU5W5',$,'\X2\041E043A043D043E\X0\ - BWS_\X2\041E0434043D043E044104420432043E0440044704300442043E0435\X0\ \X2\0441\X0\ \X2\044404400430043C04430433043E0439\X0\: 900,00 \X2\043C043C\X0\ x 1\X2\00A0\X0\700,00 \X2\043C043C\X0\',$,$,#7378,#7372,$,.OPENING.);
#7381= IFCWINDOW('0pxRPBjFL4N9ZRvBYTN$tK',$,'\X2\041E043A043D043E\X0\ - BWS_\X2\041E0434043D043E044104420432043E0440044704300442043E0435\X0\ \X2\0441\X0\ \X2\044404400430043C04430433043E0439\X0\: 900,00 \X2\043C043C\X0\ x 1\X2\00A0\X0\700,00 \X2\043C043C\X0\',$,$,#7410,#7403,$,1700.,900.,$,$,$);
#7382= IFCDIRECTION((-1.,0.,0.));
#7383= IFCDIRECTION((0.,-1.,0.));
#7384= IFCDIRECTION((0.,0.,1.));
#7385= IFCCARTESIANPOINT((4320.222966744400765,12389.999999999974534,-700.));
#7386= IFCCARTESIANTRANSFORMATIONOPERATOR3D(#7382,#7383,#7385,1.,#7384);
#7387= IFCMAPPEDITEM(#6434,#7386);
#7388= IFCSHAPEREPRESENTATION(#41,'Body','MappedRepresentation',(#7387));
#7389= IFCDIRECTION((-1.,0.,0.));
#7390= IFCDIRECTION((0.,-1.,0.));
#7391= IFCDIRECTION((0.,0.,1.));
#7392= IFCCARTESIANPOINT((4320.222966744400765,12389.999999999974534,-700.));
#7393= IFCCARTESIANTRANSFORMATIONOPERATOR3D(#7389,#7390,#7392,1.,#7391);
#7394= IFCMAPPEDITEM(#6465,#7393);
#7395= IFCSHAPEREPRESENTATION(#41,'Body','MappedRepresentation',(#7394));
#7396= IFCSHAPEREPRESENTATION(#41,'Body','MappedRepresentation',(#7387,#7394));
#7397= IFCSHAPEASPECT((#7388),'Lining',$,.U.,#7403);
#7398= IFCSHAPEASPECT((#7395),'Glazing',$,.U.,#7403);
#7399= IFCCARTESIANPOINTLIST2D(((0.,25.),(899.999999999999091,25.)));
#7400= IFCINDEXEDPOLYCURVE(#7399,(IFCLINEINDEX((1,2))),$);
#7401= IFCGEOMETRICCURVESET((#7400));
#7402= IFCSHAPEREPRESENTATION(#43,'FootPrint','GeometricCurveSet',(#7401));
#7403= IFCPRODUCTDEFINITIONSHAPE($,$,(#7396,#7402));
#7404= IFCSTYLEDITEM(#7387,(#5662),$);
#7405= IFCSTYLEDITEM(#7394,(#6203),$);
#7406= IFCCARTESIANPOINT((0.,50.,0.));
#7407= IFCDIRECTION((0.,0.,1.));
#7408= IFCDIRECTION((1.,0.,0.));
#7409= IFCAXIS2PLACEMENT3D(#7406,#7407,#7408);
#7410= IFCLOCALPLACEMENT(#7378,#7409);
#7411= IFCRELFILLSELEMENT('35XXhlr6XF3BxssYR_19yP',$,$,$,#7380,#7381);
#7412= IFCCARTESIANPOINT((1400.,850.));
#7413= IFCDIRECTION((1.,0.));
#7414= IFCAXIS2PLACEMENT2D(#7412,#7413);
#7415= IFCRECTANGLEPROFILEDEF(.AREA.,$,#7414,2800.,1700.);
#7416= IFCCARTESIANPOINT((0.,0.,0.));
#7417= IFCDIRECTION((0.,-1.,0.));
#7418= IFCDIRECTION((1.,0.,0.));
#7419= IFCAXIS2PLACEMENT3D(#7416,#7417,#7418);
#7420= IFCDIRECTION((0.,0.,-1.));
#7421= IFCEXTRUDEDAREASOLID(#7415,#7419,#7420,10.);
#7422= IFCSHAPEREPRESENTATION(#44,'Reference','SweptSolid',(#7421));
#7423= IFCPRODUCTDEFINITIONSHAPE($,$,(#7422));
#7424= IFCSTYLEDITEM(#7421,(#5662),$);
#7425= IFCCARTESIANPOINT((1170.000000000005457,-9.999999999998636,700.));
#7426= IFCDIRECTION((0.,-0.,1.));
#7427= IFCDIRECTION((1.,0.000000000000001,0.));
#7428= IFCAXIS2PLACEMENT3D(#7425,#7426,#7427);
#7429= IFCLOCALPLACEMENT(#2636,#7428);
#7430= IFCRELVOIDSELEMENT('3Nn7DRmRHD1gAtCbUzagsx',$,$,$,#2631,#7431);
#7431= IFCOPENINGELEMENT('2RL12jG8RrGBulggOxgoBk',$,'\X2\041E043A043D043E\X0\ - (\X2\043D04350442\X0\): 2\X2\00A0\X0\800,00 \X2\043C043C\X0\ x 1\X2\00A0\X0\700,00 \X2\043C043C\X0\',$,$,#7429,#7423,$,.OPENING.);
#7432= IFCCARTESIANPOINT((450.,500.));
#7433= IFCDIRECTION((1.,0.));
#7434= IFCAXIS2PLACEMENT2D(#7432,#7433);
#7435= IFCRECTANGLEPROFILEDEF(.AREA.,$,#7434,900.,1000.);
#7436= IFCCARTESIANPOINT((0.,0.,0.));
#7437= IFCDIRECTION((0.,-1.,0.));
#7438= IFCDIRECTION((1.,0.,0.));
#7439= IFCAXIS2PLACEMENT3D(#7436,#7437,#7438);
#7440= IFCDIRECTION((0.,0.,-1.));
#7441= IFCEXTRUDEDAREASOLID(#7435,#7439,#7440,480.);
#7442= IFCSHAPEREPRESENTATION(#44,'Reference','SweptSolid',(#7441));
#7443= IFCPRODUCTDEFINITIONSHAPE($,$,(#7442));
#7444= IFCSTYLEDITEM(#7441,(#5662),$);
#7445= IFCCARTESIANPOINT((7799.99999999998272,-240.,900.));
#7446= IFCDIRECTION((0.,-0.,1.));
#7447= IFCDIRECTION((1.,0.,0.));
#7448= IFCAXIS2PLACEMENT3D(#7445,#7446,#7447);
#7449= IFCLOCALPLACEMENT(#316,#7448);
#7450= IFCRELVOIDSELEMENT('15KSKQAWn6NxomqD7jBtnW',$,$,$,#311,#7451);
#7451= IFCOPENINGELEMENT('2R8HLKinAvJPPAz_DCPfGp',$,'\X2\041E043A043D043E\X0\ - (\X2\043D04350442\X0\): 900,00 \X2\043C043C\X0\ x 1\X2\00A0\X0\000,00 \X2\043C043C\X0\',$,$,#7449,#7443,$,.OPENING.);
#7452= IFCCARTESIANPOINT((450.,500.));
#7453= IFCDIRECTION((1.,0.));
#7454= IFCAXIS2PLACEMENT2D(#7452,#7453);
#7455= IFCRECTANGLEPROFILEDEF(.AREA.,$,#7454,900.,1000.);
#7456= IFCCARTESIANPOINT((0.,0.,0.));
#7457= IFCDIRECTION((0.,-1.,0.));
#7458= IFCDIRECTION((1.,0.,0.));
#7459= IFCAXIS2PLACEMENT3D(#7456,#7457,#7458);
#7460= IFCDIRECTION((0.,0.,-1.));
#7461= IFCEXTRUDEDAREASOLID(#7455,#7459,#7460,480.);
#7462= IFCSHAPEREPRESENTATION(#44,'Reference','SweptSolid',(#7461));
#7463= IFCPRODUCTDEFINITIONSHAPE($,$,(#7462));
#7464= IFCSTYLEDITEM(#7461,(#5662),$);
#7465= IFCCARTESIANPOINT((5783.91567077486161,-240.,2700.));
#7466= IFCDIRECTION((0.,-0.,1.));
#7467= IFCDIRECTION((1.,0.,0.));
#7468= IFCAXIS2PLACEMENT3D(#7465,#7466,#7467);
#7469= IFCLOCALPLACEMENT(#316,#7468);
#7470= IFCRELVOIDSELEMENT('3EYyWlvC5EDgh3mznw9rbj',$,$,$,#311,#7471);
#7471= IFCOPENINGELEMENT('0perBJAXS3Gg2QrGiUcAAF',$,'\X2\041E043A043D043E\X0\ - (\X2\043D04350442\X0\): 900,00 \X2\043C043C\X0\ x 1\X2\00A0\X0\000,00 \X2\043C043C\X0\',$,$,#7469,#7463,$,.OPENING.);
#7472= IFCCARTESIANPOINT((450.,850.));
#7473= IFCDIRECTION((1.,0.));
#7474= IFCAXIS2PLACEMENT2D(#7472,#7473);
#7475= IFCRECTANGLEPROFILEDEF(.AREA.,$,#7474,900.,1700.);
#7476= IFCCARTESIANPOINT((0.,0.,0.));
#7477= IFCDIRECTION((0.,-1.,0.));
#7478= IFCDIRECTION((1.,0.,0.));
#7479= IFCAXIS2PLACEMENT3D(#7476,#7477,#7478);
#7480= IFCDIRECTION((0.,0.,-1.));
#7481= IFCEXTRUDEDAREASOLID(#7475,#7479,#7480,480.);
#7482= IFCSHAPEREPRESENTATION(#44,'Reference','SweptSolid',(#7481));
#7483= IFCPRODUCTDEFINITIONSHAPE($,$,(#7482));
#7484= IFCSTYLEDITEM(#7481,(#5662),$);
#7485= IFCCARTESIANPOINT((5679.777033255602873,-240.,900.));
#7486= IFCDIRECTION((0.,0.,1.));
#7487= IFCDIRECTION((1.,0.,0.));
#7488= IFCAXIS2PLACEMENT3D(#7485,#7486,#7487);
#7489= IFCLOCALPLACEMENT(#445,#7488);
#7490= IFCRELVOIDSELEMENT('1KUVkLLTvEUviPgL1qfcEr',$,$,$,#440,#7491);
#7491= IFCOPENINGELEMENT('1LBrLy4mz1HQuekDjSnkde',$,'\X2\041E043A043D043E\X0\ - BWS_\X2\041E0434043D043E044104420432043E0440044704300442043E0435\X0\ \X2\0441\X0\ \X2\044404400430043C04430433043E0439\X0\: 900,00 \X2\043C043C\X0\ x 1\X2\00A0\X0\700,00 \X2\043C043C\X0\',$,$,#7489,#7483,$,.OPENING.);
#7492= IFCWINDOW('2QCEVq8y5E3fnwam2M6HgR',$,'\X2\041E043A043D043E\X0\ - BWS_\X2\041E0434043D043E044104420432043E0440044704300442043E0435\X0\ \X2\0441\X0\ \X2\044404400430043C04430433043E0439\X0\: 900,00 \X2\043C043C\X0\ x 1\X2\00A0\X0\700,00 \X2\043C043C\X0\',$,$,#7521,#7514,$,1700.,900.,$,$,$);
#7493= IFCDIRECTION((-1.,0.,0.));
#7494= IFCDIRECTION((0.,-1.,0.));
#7495= IFCDIRECTION((0.,0.,1.));
#7496= IFCCARTESIANPOINT((4320.222966744400765,12389.999999999974534,-700.));
#7497= IFCCARTESIANTRANSFORMATIONOPERATOR3D(#7493,#7494,#7496,1.,#7495);
#7498= IFCMAPPEDITEM(#6434,#7497);
#7499= IFCSHAPEREPRESENTATION(#41,'Body','MappedRepresentation',(#7498));
#7500= IFCDIRECTION((-1.,0.,0.));
#7501= IFCDIRECTION((0.,-1.,0.));
#7502= IFCDIRECTION((0.,0.,1.));
#7503= IFCCARTESIANPOINT((4320.222966744400765,12389.999999999974534,-700.));
#7504= IFCCARTESIANTRANSFORMATIONOPERATOR3D(#7500,#7501,#7503,1.,#7502);
#7505= IFCMAPPEDITEM(#6465,#7504);
#7506= IFCSHAPEREPRESENTATION(#41,'Body','MappedRepresentation',(#7505));
#7507= IFCSHAPEREPRESENTATION(#41,'Body','MappedRepresentation',(#7498,#7505));
#7508= IFCSHAPEASPECT((#7499),'Lining',$,.U.,#7514);
#7509= IFCSHAPEASPECT((#7506),'Glazing',$,.U.,#7514);
#7510= IFCCARTESIANPOINTLIST2D(((0.,25.),(900.,25.)));
#7511= IFCINDEXEDPOLYCURVE(#7510,(IFCLINEINDEX((1,2))),$);
#7512= IFCGEOMETRICCURVESET((#7511));
#7513= IFCSHAPEREPRESENTATION(#43,'FootPrint','GeometricCurveSet',(#7512));
#7514= IFCPRODUCTDEFINITIONSHAPE($,$,(#7507,#7513));
#7515= IFCSTYLEDITEM(#7498,(#5662),$);
#7516= IFCSTYLEDITEM(#7505,(#6203),$);
#7517= IFCCARTESIANPOINT((0.,50.,0.));
#7518= IFCDIRECTION((0.,0.,1.));
#7519= IFCDIRECTION((1.,0.,0.));
#7520= IFCAXIS2PLACEMENT3D(#7517,#7518,#7519);
#7521= IFCLOCALPLACEMENT(#7489,#7520);
#7522= IFCRELFILLSELEMENT('1nfRI9CEfE0fUc4IyBHqat',$,$,$,#7491,#7492);
#7523= IFCCARTESIANPOINT((600.,299.999999999999886));
#7524= IFCDIRECTION((1.,0.));
#7525= IFCAXIS2PLACEMENT2D(#7523,#7524);
#7526= IFCRECTANGLEPROFILEDEF(.AREA.,$,#7525,1200.,599.999999999999773);
#7527= IFCCARTESIANPOINT((0.,0.,0.));
#7528= IFCDIRECTION((0.,-1.,0.));
#7529= IFCDIRECTION((1.,0.,0.));
#7530= IFCAXIS2PLACEMENT3D(#7527,#7528,#7529);
#7531= IFCDIRECTION((0.,0.,-1.));
#7532= IFCEXTRUDEDAREASOLID(#7526,#7530,#7531,10.);
#7533= IFCSHAPEREPRESENTATION(#44,'Reference','SweptSolid',(#7532));
#7534= IFCPRODUCTDEFINITIONSHAPE($,$,(#7533));
#7535= IFCSTYLEDITEM(#7532,(#5662),$);
#7536= IFCCARTESIANPOINT((3611.405775609724515,-10.,1800.000000000000227));
#7537= IFCDIRECTION((0.,0.,1.));
#7538= IFCDIRECTION((1.,0.,0.));
#7539= IFCAXIS2PLACEMENT3D(#7536,#7537,#7538);
#7540= IFCLOCALPLACEMENT(#2396,#7539);
#7541= IFCRELVOIDSELEMENT('2FL5PqY_j2JfUg1ER9jRxe',$,$,$,#2391,#7542);
#7542= IFCOPENINGELEMENT('0KgusyFF$dIAiYqyeBg335',$,'\X2\041E043A043D043E\X0\ - (\X2\043D04350442\X0\): 1\X2\00A0\X0\200,00 \X2\043C043C\X0\ x 600,00 \X2\043C043C\X0\',$,$,#7540,#7534,$,.OPENING.);
#7543= IFCCARTESIANPOINT((450.,850.));
#7544= IFCDIRECTION((1.,0.));
#7545= IFCAXIS2PLACEMENT2D(#7543,#7544);
#7546= IFCRECTANGLEPROFILEDEF(.AREA.,$,#7545,900.,1700.);
#7547= IFCCARTESIANPOINT((0.,0.,0.));
#7548= IFCDIRECTION((0.,-1.,0.));
#7549= IFCDIRECTION((1.,0.,0.));
#7550= IFCAXIS2PLACEMENT3D(#7547,#7548,#7549);
#7551= IFCDIRECTION((0.,0.,-1.));
#7552= IFCEXTRUDEDAREASOLID(#7546,#7550,#7551,10.);
#7553= IFCSHAPEREPRESENTATION(#44,'Reference','SweptSolid',(#7552));
#7554= IFCPRODUCTDEFINITIONSHAPE($,$,(#7553));
#7555= IFCSTYLEDITEM(#7552,(#5662),$);
#7556= IFCCARTESIANPOINT((5919.777033255613787,-10.,700.));
#7557= IFCDIRECTION((0.,0.,1.));
#7558= IFCDIRECTION((1.,0.,0.));
#7559= IFCAXIS2PLACEMENT3D(#7556,#7557,#7558);
#7560= IFCLOCALPLACEMENT(#2396,#7559);
#7561= IFCRELVOIDSELEMENT('2KEhriPP97hxH3mlh9avXd',$,$,$,#2391,#7562);
#7562= IFCOPENINGELEMENT('25c_yksTVXHPRxnUMFmyuE',$,'\X2\041E043A043D043E\X0\ - (\X2\043D04350442\X0\): 900,00 \X2\043C043C\X0\ x 1\X2\00A0\X0\700,00 \X2\043C043C\X0\',$,$,#7560,#7554,$,.OPENING.);
#7563= IFCCARTESIANPOINT((450.,850.));
#7564= IFCDIRECTION((1.,0.));
#7565= IFCAXIS2PLACEMENT2D(#7563,#7564);
#7566= IFCRECTANGLEPROFILEDEF(.AREA.,$,#7565,900.,1700.);
#7567= IFCCARTESIANPOINT((0.,0.,0.));
#7568= IFCDIRECTION((0.,-1.,0.));
#7569= IFCDIRECTION((1.,0.,0.));
#7570= IFCAXIS2PLACEMENT3D(#7567,#7568,#7569);
#7571= IFCDIRECTION((0.,0.,-1.));
#7572= IFCEXTRUDEDAREASOLID(#7566,#7570,#7571,10.);
#7573= IFCSHAPEREPRESENTATION(#44,'Reference','SweptSolid',(#7572));
#7574= IFCPRODUCTDEFINITIONSHAPE($,$,(#7573));
#7575= IFCSTYLEDITEM(#7572,(#5662),$);
#7576= IFCCARTESIANPOINT((1325.884330363864137,-10.,700.));
#7577= IFCDIRECTION((-0.,0.,1.));
#7578= IFCDIRECTION((1.,-0.,0.));
#7579= IFCAXIS2PLACEMENT3D(#7576,#7577,#7578);
#7580= IFCLOCALPLACEMENT(#2481,#7579);
#7581= IFCRELVOIDSELEMENT('3NKtIelgT0wB_G4HLyM2Oc',$,$,$,#2476,#7582);
#7582= IFCOPENINGELEMENT('2ElnMHqQGSJBOxRZ65$aQO',$,'\X2\041E043A043D043E\X0\ - (\X2\043D04350442\X0\): 900,00 \X2\043C043C\X0\ x 1\X2\00A0\X0\700,00 \X2\043C043C\X0\',$,$,#7580,#7574,$,.OPENING.);
#7583= IFCCARTESIANPOINT((450.,850.));
#7584= IFCDIRECTION((1.,0.));
#7585= IFCAXIS2PLACEMENT2D(#7583,#7584);
#7586= IFCRECTANGLEPROFILEDEF(.AREA.,$,#7585,900.,1700.);
#7587= IFCCARTESIANPOINT((0.,0.,0.));
#7588= IFCDIRECTION((0.,-1.,0.));
#7589= IFCDIRECTION((1.,0.,0.));
#7590= IFCAXIS2PLACEMENT3D(#7587,#7588,#7589);
#7591= IFCDIRECTION((0.,0.,-1.));
#7592= IFCEXTRUDEDAREASOLID(#7586,#7590,#7591,10.);
#7593= IFCSHAPEREPRESENTATION(#44,'Reference','SweptSolid',(#7592));
#7594= IFCPRODUCTDEFINITIONSHAPE($,$,(#7593));
#7595= IFCSTYLEDITEM(#7592,(#5662),$);
#7596= IFCCARTESIANPOINT((7697.505887775077099,-10.,700.));
#7597= IFCDIRECTION((0.,-0.,1.));
#7598= IFCDIRECTION((1.,0.,0.));
#7599= IFCAXIS2PLACEMENT3D(#7596,#7597,#7598);
#7600= IFCLOCALPLACEMENT(#2481,#7599);
#7601= IFCRELVOIDSELEMENT('2sagXyq8T6bPV8zo1tmaCp',$,$,$,#2476,#7602);
#7602= IFCOPENINGELEMENT('0ZxyoX4DubGhwxt1bMjtTA',$,'\X2\041E043A043D043E\X0\ - (\X2\043D04350442\X0\): 900,00 \X2\043C043C\X0\ x 1\X2\00A0\X0\700,00 \X2\043C043C\X0\',$,$,#7600,#7594,$,.OPENING.);
#7603= IFCPOLYLOOP((#4191,#7604,#7605,#833));
#7604= IFCCARTESIANPOINT((900.,10.,0.));
#7605= IFCCARTESIANPOINT((900.,0.,0.));
#7606= IFCFACEOUTERBOUND(#7603,.T.);
#7607= IFCFACE((#7606));
#7608= IFCPOLYLOOP((#7604,#7609,#7610,#7605));
#7609= IFCCARTESIANPOINT((900.,10.,1700.));
#7610= IFCCARTESIANPOINT((900.,0.,1700.));
#7611= IFCFACEOUTERBOUND(#7608,.T.);
#7612= IFCFACE((#7611));
#7613= IFCPOLYLOOP((#7609,#7614,#7615,#7610));
#7614= IFCCARTESIANPOINT((0.,10.,1700.));
#7615= IFCCARTESIANPOINT((0.,0.,1700.));
#7616= IFCFACEOUTERBOUND(#7613,.T.);
#7617= IFCFACE((#7616));
#7618= IFCPOLYLOOP((#7614,#4191,#833,#7615));
#7619= IFCFACEOUTERBOUND(#7618,.T.);
#7620= IFCFACE((#7619));
#7621= IFCPOLYLOOP((#833,#7605,#7610,#7615));
#7622= IFCFACEOUTERBOUND(#7621,.T.);
#7623= IFCFACE((#7622));
#7624= IFCPOLYLOOP((#4191,#7614,#7609,#7604));
#7625= IFCFACEOUTERBOUND(#7624,.T.);
#7626= IFCFACE((#7625));
#7627= IFCCLOSEDSHELL((#7607,#7612,#7617,#7620,#7623,#7626));
#7628= IFCFACETEDBREP(#7627);
#7629= IFCSHAPEREPRESENTATION(#44,'Reference','Brep',(#7628));
#7630= IFCPRODUCTDEFINITIONSHAPE($,$,(#7629));
#7631= IFCSTYLEDITEM(#7628,(#5662),$);
#7632= IFCCARTESIANPOINT((6023.915670774849787,-10.,2500.));
#7633= IFCDIRECTION((0.,0.,1.));
#7634= IFCDIRECTION((1.,0.,0.));
#7635= IFCAXIS2PLACEMENT3D(#7632,#7633,#7634);
#7636= IFCLOCALPLACEMENT(#2263,#7635);
#7637= IFCRELVOIDSELEMENT('2FUle8H$f2XBNfvrofaARO',$,$,$,#2258,#7638);
#7638= IFCOPENINGELEMENT('2LRV0Rf$pFJvQqYdwZwSri',$,'\X2\041E043A043D043E\X0\ - (\X2\043D04350442\X0\): 900,00 \X2\043C043C\X0\ x 1\X2\00A0\X0\700,00 \X2\043C043C\X0\',$,$,#7636,#7630,$,.OPENING.);
#7639= IFCCARTESIANPOINT((450.,850.));
#7640= IFCDIRECTION((1.,0.));
#7641= IFCAXIS2PLACEMENT2D(#7639,#7640);
#7642= IFCRECTANGLEPROFILEDEF(.AREA.,$,#7641,900.,1700.);
#7643= IFCCARTESIANPOINT((0.,0.,0.));
#7644= IFCDIRECTION((0.,-1.,0.));
#7645= IFCDIRECTION((1.,0.,0.));
#7646= IFCAXIS2PLACEMENT3D(#7643,#7644,#7645);
#7647= IFCDIRECTION((0.,0.,-1.));
#7648= IFCEXTRUDEDAREASOLID(#7642,#7646,#7647,10.);
#7649= IFCSHAPEREPRESENTATION(#44,'Reference','SweptSolid',(#7648));
#7650= IFCPRODUCTDEFINITIONSHAPE($,$,(#7649));
#7651= IFCSTYLEDITEM(#7648,(#5662),$);
#7652= IFCCARTESIANPOINT((8039.999999999979991,-10.,700.));
#7653= IFCDIRECTION((0.,0.,1.));
#7654= IFCDIRECTION((1.,0.,0.));
#7655= IFCAXIS2PLACEMENT3D(#7652,#7653,#7654);
#7656= IFCLOCALPLACEMENT(#2263,#7655);
#7657= IFCRELVOIDSELEMENT('2qhg1yBoz7LgN7Doi292mI',$,$,$,#2258,#7658);
#7658= IFCOPENINGELEMENT('0gvSD930kQJh2zhwmPq3zl',$,'\X2\041E043A043D043E\X0\ - (\X2\043D04350442\X0\): 900,00 \X2\043C043C\X0\ x 1\X2\00A0\X0\700,00 \X2\043C043C\X0\',$,$,#7656,#7650,$,.OPENING.);
#7659= IFCCARTESIANPOINT((450.,850.));
#7660= IFCDIRECTION((1.,0.));
#7661= IFCAXIS2PLACEMENT2D(#7659,#7660);
#7662= IFCRECTANGLEPROFILEDEF(.AREA.,$,#7661,900.,1700.);
#7663= IFCCARTESIANPOINT((0.,0.,0.));
#7664= IFCDIRECTION((0.,-1.,0.));
#7665= IFCDIRECTION((1.,0.,0.));
#7666= IFCAXIS2PLACEMENT3D(#7663,#7664,#7665);
#7667= IFCDIRECTION((0.,0.,-1.));
#7668= IFCEXTRUDEDAREASOLID(#7662,#7666,#7667,10.);
#7669= IFCSHAPEREPRESENTATION(#44,'Reference','SweptSolid',(#7668));
#7670= IFCPRODUCTDEFINITIONSHAPE($,$,(#7669));
#7671= IFCSTYLEDITEM(#7668,(#5662),$);
#7672= IFCCARTESIANPOINT((2354.115669636135863,0.,700.));
#7673= IFCDIRECTION((0.,0.,1.));
#7674= IFCDIRECTION((-1.,0.,0.));
#7675= IFCAXIS2PLACEMENT3D(#7672,#7673,#7674);
#7676= IFCLOCALPLACEMENT(#2697,#7675);
#7677= IFCRELVOIDSELEMENT('370ASSyZPFFfRqmXlNYRam',$,$,$,#2692,#7678);
#7678= IFCOPENINGELEMENT('0Kw77$G_k3GB5vHBp15mM4',$,'\X2\041E043A043D043E\X0\ - (\X2\043D04350442\X0\): 900,00 \X2\043C043C\X0\ x 1\X2\00A0\X0\700,00 \X2\043C043C\X0\',$,$,#7676,#7670,$,.OPENING.);
#7679= IFCCARTESIANPOINT((450.,850.));
#7680= IFCDIRECTION((1.,0.));
#7681= IFCAXIS2PLACEMENT2D(#7679,#7680);
#7682= IFCRECTANGLEPROFILEDEF(.AREA.,$,#7681,900.,1700.);
#7683= IFCCARTESIANPOINT((0.,0.,0.));
#7684= IFCDIRECTION((0.,-1.,0.));
#7685= IFCDIRECTION((1.,0.,0.));
#7686= IFCAXIS2PLACEMENT3D(#7683,#7684,#7685);
#7687= IFCDIRECTION((0.,0.,-1.));
#7688= IFCEXTRUDEDAREASOLID(#7682,#7686,#7687,480.);
#7689= IFCSHAPEREPRESENTATION(#44,'Reference','SweptSolid',(#7688));
#7690= IFCPRODUCTDEFINITIONSHAPE($,$,(#7689));
#7691= IFCSTYLEDITEM(#7688,(#5662),$);
#7692= IFCCARTESIANPOINT((5679.777033255602873,-240.,900.));
#7693= IFCDIRECTION((0.,0.,1.));
#7694= IFCDIRECTION((1.,0.,0.));
#7695= IFCAXIS2PLACEMENT3D(#7692,#7693,#7694);
#7696= IFCLOCALPLACEMENT(#445,#7695);
#7697= IFCRELVOIDSELEMENT('04AMm9KkDDZOfEZyIxGiC7',$,$,$,#440,#7698);
#7698= IFCOPENINGELEMENT('2n5_b3svh3IANb7X6LMR0$',$,'\X2\041E043A043D043E\X0\ - (\X2\043D04350442\X0\): 900,00 \X2\043C043C\X0\ x 1\X2\00A0\X0\700,00 \X2\043C043C\X0\',$,$,#7696,#7690,$,.OPENING.);
#7699= IFCCARTESIANPOINT((450.,850.));
#7700= IFCDIRECTION((1.,0.));
#7701= IFCAXIS2PLACEMENT2D(#7699,#7700);
#7702= IFCRECTANGLEPROFILEDEF(.AREA.,$,#7701,900.,1700.);
#7703= IFCCARTESIANPOINT((0.,0.,0.));
#7704= IFCDIRECTION((0.,-1.,0.));
#7705= IFCDIRECTION((1.,0.,0.));
#7706= IFCAXIS2PLACEMENT3D(#7703,#7704,#7705);
#7707= IFCDIRECTION((0.,0.,-1.));
#7708= IFCEXTRUDEDAREASOLID(#7702,#7706,#7707,480.);
#7709= IFCSHAPEREPRESENTATION(#44,'Reference','SweptSolid',(#7708));
#7710= IFCPRODUCTDEFINITIONSHAPE($,$,(#7709));
#7711= IFCSTYLEDITEM(#7708,(#5662),$);
#7712= IFCCARTESIANPOINT((5679.777033255602873,-240.,900.));
#7713= IFCDIRECTION((0.,0.,1.));
#7714= IFCDIRECTION((1.,0.,0.));
#7715= IFCAXIS2PLACEMENT3D(#7712,#7713,#7714);
#7716= IFCLOCALPLACEMENT(#445,#7715);
#7717= IFCRELVOIDSELEMENT('2E86lE0EjCgfHzwAQfl2G1',$,$,$,#440,#7718);
#7718= IFCOPENINGELEMENT('3n4VEHrM02HgY05$lvU6Jr',$,'\X2\041E043A043D043E\X0\ - (\X2\043D04350442\X0\): 900,00 \X2\043C043C\X0\ x 1\X2\00A0\X0\700,00 \X2\043C043C\X0\',$,$,#7716,#7710,$,.OPENING.);
#7719= IFCCARTESIANPOINT((450.,850.));
#7720= IFCDIRECTION((1.,0.));
#7721= IFCAXIS2PLACEMENT2D(#7719,#7720);
#7722= IFCRECTANGLEPROFILEDEF(.AREA.,$,#7721,900.,1700.);
#7723= IFCCARTESIANPOINT((0.,0.,0.));
#7724= IFCDIRECTION((0.,-1.,0.));
#7725= IFCDIRECTION((1.,0.,0.));
#7726= IFCAXIS2PLACEMENT3D(#7723,#7724,#7725);
#7727= IFCDIRECTION((0.,0.,-1.));
#7728= IFCEXTRUDEDAREASOLID(#7722,#7726,#7727,10.);
#7729= IFCSHAPEREPRESENTATION(#44,'Reference','SweptSolid',(#7728));
#7730= IFCPRODUCTDEFINITIONSHAPE($,$,(#7729));
#7731= IFCSTYLEDITEM(#7728,(#5662),$);
#7732= IFCCARTESIANPOINT((4080.222966744386667,0.,700.));
#7733= IFCDIRECTION((0.,0.,1.));
#7734= IFCDIRECTION((-1.,0.,0.));
#7735= IFCAXIS2PLACEMENT3D(#7732,#7733,#7734);
#7736= IFCLOCALPLACEMENT(#2765,#7735);
#7737= IFCRELVOIDSELEMENT('2ab8m1zaLDXP3j4_LSpJJW',$,$,$,#2760,#7738);
#7738= IFCOPENINGELEMENT('3PI0rgi_EhHgtW52TDiW9P',$,'\X2\041E043A043D043E\X0\ - (\X2\043D04350442\X0\): 900,00 \X2\043C043C\X0\ x 1\X2\00A0\X0\700,00 \X2\043C043C\X0\',$,$,#7736,#7730,$,.OPENING.);
#7739= IFCCARTESIANPOINT((600.,300.));
#7740= IFCDIRECTION((1.,0.));
#7741= IFCAXIS2PLACEMENT2D(#7739,#7740);
#7742= IFCRECTANGLEPROFILEDEF(.AREA.,$,#7741,1200.,600.);
#7743= IFCCARTESIANPOINT((0.,0.,0.));
#7744= IFCDIRECTION((0.,-1.,0.));
#7745= IFCDIRECTION((1.,0.,0.));
#7746= IFCAXIS2PLACEMENT3D(#7743,#7744,#7745);
#7747= IFCDIRECTION((0.,0.,-1.));
#7748= IFCEXTRUDEDAREASOLID(#7742,#7746,#7747,10.);
#7749= IFCSHAPEREPRESENTATION(#44,'Reference','SweptSolid',(#7748));
#7750= IFCPRODUCTDEFINITIONSHAPE($,$,(#7749));
#7751= IFCSTYLEDITEM(#7748,(#5662),$);
#7752= IFCCARTESIANPOINT((1418.594224390273666,0.000000000001819,1810.));
#7753= IFCDIRECTION((0.,0.,1.));
#7754= IFCDIRECTION((-1.,-0.000000000000002,0.));
#7755= IFCAXIS2PLACEMENT3D(#7752,#7753,#7754);
#7756= IFCLOCALPLACEMENT(#3106,#7755);
#7757= IFCRELVOIDSELEMENT('2q1yWNK_5FIgoEl9yZ7Xnf',$,$,$,#3101,#7758);
#7758= IFCOPENINGELEMENT('0D4PnekDKfJPd2OKPoU3VA',$,'\X2\041E043A043D043E\X0\ - (\X2\043D04350442\X0\): 1\X2\00A0\X0\200,00 \X2\043C043C\X0\ x 600,00 \X2\043C043C\X0\',$,$,#7756,#7750,$,.OPENING.);
#7759= IFCCARTESIANPOINT((1400.,850.));
#7760= IFCDIRECTION((1.,0.));
#7761= IFCAXIS2PLACEMENT2D(#7759,#7760);
#7762= IFCRECTANGLEPROFILEDEF(.AREA.,$,#7761,2800.,1700.);
#7763= IFCCARTESIANPOINT((0.,0.,0.));
#7764= IFCDIRECTION((0.,-1.,0.));
#7765= IFCDIRECTION((1.,0.,0.));
#7766= IFCAXIS2PLACEMENT3D(#7763,#7764,#7765);
#7767= IFCDIRECTION((0.,0.,-1.));
#7768= IFCEXTRUDEDAREASOLID(#7762,#7766,#7767,10.);
#7769= IFCSHAPEREPRESENTATION(#44,'Reference','SweptSolid',(#7768));
#7770= IFCPRODUCTDEFINITIONSHAPE($,$,(#7769));
#7771= IFCSTYLEDITEM(#7768,(#5662),$);
#7772= IFCCARTESIANPOINT((3249.999999999996362,-0.000000000000227,710.));
#7773= IFCDIRECTION((0.,0.,1.));
#7774= IFCDIRECTION((-1.,-0.,0.));
#7775= IFCAXIS2PLACEMENT3D(#7772,#7773,#7774);
#7776= IFCLOCALPLACEMENT(#4060,#7775);
#7777= IFCRELVOIDSELEMENT('2iSSh3um583vFY$HEkeds8',$,$,$,#4055,#7778);
#7778= IFCOPENINGELEMENT('3j2nVM0X0FHhzvC3CW0eS4',$,'\X2\041E043A043D043E\X0\ - (\X2\043D04350442\X0\): 2\X2\00A0\X0\800,00 \X2\043C043C\X0\ x 1\X2\00A0\X0\700,00 \X2\043C043C\X0\',$,$,#7776,#7770,$,.OPENING.);
#7779= IFCCARTESIANPOINT((1400.,850.));
#7780= IFCDIRECTION((1.,0.));
#7781= IFCAXIS2PLACEMENT2D(#7779,#7780);
#7782= IFCRECTANGLEPROFILEDEF(.AREA.,$,#7781,2800.,1700.);
#7783= IFCCARTESIANPOINT((0.,0.,0.));
#7784= IFCDIRECTION((0.,-1.,0.));
#7785= IFCDIRECTION((1.,0.,0.));
#7786= IFCAXIS2PLACEMENT3D(#7783,#7784,#7785);
#7787= IFCDIRECTION((0.,0.,-1.));
#7788= IFCEXTRUDEDAREASOLID(#7782,#7786,#7787,10.);
#7789= IFCSHAPEREPRESENTATION(#44,'Reference','SweptSolid',(#7788));
#7790= IFCPRODUCTDEFINITIONSHAPE($,$,(#7789));
#7791= IFCSTYLEDITEM(#7788,(#5662),$);
#7792= IFCCARTESIANPOINT((3710.000000000002728,0.,710.));
#7793= IFCDIRECTION((0.,0.,1.));
#7794= IFCDIRECTION((-1.,0.000000000000003,0.));
#7795= IFCAXIS2PLACEMENT3D(#7792,#7793,#7794);
#7796= IFCLOCALPLACEMENT(#3830,#7795);
#7797= IFCRELVOIDSELEMENT('2R5QyiSHf6_9GQ8cNeiaa_',$,$,$,#3825,#7798);
#7798= IFCOPENINGELEMENT('06ZXgkZgkNJPd4D7Iv2tcb',$,'\X2\041E043A043D043E\X0\ - (\X2\043D04350442\X0\): 2\X2\00A0\X0\800,00 \X2\043C043C\X0\ x 1\X2\00A0\X0\700,00 \X2\043C043C\X0\',$,$,#7796,#7790,$,.OPENING.);
#7799= IFCPOLYLOOP((#4191,#7604,#7605,#833));
#7800= IFCFACEOUTERBOUND(#7799,.T.);
#7801= IFCFACE((#7800));
#7802= IFCPOLYLOOP((#7604,#7609,#7610,#7605));
#7803= IFCFACEOUTERBOUND(#7802,.T.);
#7804= IFCFACE((#7803));
#7805= IFCPOLYLOOP((#7609,#7614,#7615,#7610));
#7806= IFCFACEOUTERBOUND(#7805,.T.);
#7807= IFCFACE((#7806));
#7808= IFCPOLYLOOP((#7614,#4191,#833,#7615));
#7809= IFCFACEOUTERBOUND(#7808,.T.);
#7810= IFCFACE((#7809));
#7811= IFCPOLYLOOP((#833,#7605,#7610,#7615));
#7812= IFCFACEOUTERBOUND(#7811,.T.);
#7813= IFCFACE((#7812));
#7814= IFCPOLYLOOP((#4191,#7614,#7609,#7604));
#7815= IFCFACEOUTERBOUND(#7814,.T.);
#7816= IFCFACE((#7815));
#7817= IFCCLOSEDSHELL((#7801,#7804,#7807,#7810,#7813,#7816));
#7818= IFCFACETEDBREP(#7817);
#7819= IFCSHAPEREPRESENTATION(#44,'Reference','Brep',(#7818));
#7820= IFCPRODUCTDEFINITIONSHAPE($,$,(#7819));
#7821= IFCSTYLEDITEM(#7818,(#5662),$);
#7822= IFCCARTESIANPOINT((1416.084329225126567,0.,2500.));
#7823= IFCDIRECTION((0.,0.,1.));
#7824= IFCDIRECTION((-1.,0.,0.));
#7825= IFCAXIS2PLACEMENT3D(#7822,#7823,#7824);
#7826= IFCLOCALPLACEMENT(#3428,#7825);
#7827= IFCRELVOIDSELEMENT('0ieo4LTwr5JQIRUc8DGQ1M',$,$,$,#3423,#7828);
#7828= IFCOPENINGELEMENT('0Fj39Nd3SrIQI$D_9zhWxX',$,'\X2\041E043A043D043E\X0\ - (\X2\043D04350442\X0\): 900,00 \X2\043C043C\X0\ x 1\X2\00A0\X0\700,00 \X2\043C043C\X0\',$,$,#7826,#7820,$,.OPENING.);
#7829= IFCCOLUMN('2iUGwXtXb5jwUXqVr8MCHX',$,'\X2\041A043E043B043E043D043D0430\X0\ - \X2\041F0440044F043C043E04430433043E043B044C043D0430044F\X0\ 100\X2\0445\X0\100',$,$,#7834,#7858,$,$);
#7830= IFCCARTESIANPOINT((13050.000000000025466,7249.999999999961801,0.));
#7831= IFCDIRECTION((0.,0.,1.));
#7832= IFCDIRECTION((1.,0.,0.));
#7833= IFCAXIS2PLACEMENT3D(#7830,#7831,#7832);
#7834= IFCLOCALPLACEMENT(#51,#7833);
#7835= IFCCARTESIANPOINT((0.,0.));
#7836= IFCDIRECTION((1.,0.));
#7837= IFCAXIS2PLACEMENT2D(#7835,#7836);
#7838= IFCRECTANGLEPROFILEDEF(.AREA.,'\X2\041F0440044F043C043E04430433043E043B044C043D0430044F\X0\ 100\X2\0445\X0\100',#7837,100.,100.);
#7839= IFCCARTESIANPOINT((0.,0.,0.));
#7840= IFCDIRECTION((0.,0.,1.));
#7841= IFCDIRECTION((1.,0.,0.));
#7842= IFCAXIS2PLACEMENT3D(#7839,#7840,#7841);
#7843= IFCDIRECTION((0.,0.,1.));
#7844= IFCEXTRUDEDAREASOLID(#7838,#7842,#7843,4000.);
#7845= IFCSHAPEREPRESENTATION(#41,'Body','SweptSolid',(#7844));
#7846= IFCCARTESIANPOINT((0.,0.,0.));
#7847= IFCDIRECTION((0.,0.,1.));
#7848= IFCDIRECTION((1.,0.,0.));
#7849= IFCAXIS2PLACEMENT3D(#7846,#7847,#7848);
#7850= IFCREPRESENTATIONMAP(#7849,#7845);
#7851= IFCDIRECTION((1.,0.,0.));
#7852= IFCDIRECTION((0.,1.,0.));
#7853= IFCDIRECTION((0.,0.,1.));
#7854= IFCCARTESIANPOINT((0.,0.,0.));
#7855= IFCCARTESIANTRANSFORMATIONOPERATOR3D(#7851,#7852,#7854,1.,#7853);
#7856= IFCMAPPEDITEM(#7850,#7855);
#7857= IFCSHAPEREPRESENTATION(#41,'Body','MappedRepresentation',(#7856));
#7858= IFCPRODUCTDEFINITIONSHAPE($,$,(#7857));
#7859= IFCCOLOURRGB($,1.,0.980392156862745,0.850980392156863);
#7860= IFCSURFACESTYLESHADING(#7859,$);
#7861= IFCSURFACESTYLE($,.BOTH.,(#7860));
#7862= IFCSTYLEDITEM(#7856,(#7861),$);
#7863= IFCCOLUMNTYPE('0a8VcExIzDdvnLNTacQKii',$,'\X2\041F0440044F043C043E04430433043E043B044C043D0430044F\X0\ 100\X2\0445\X0\100',$,$,$,$,$,$,.COLUMN.);
#7864= IFCRELDEFINESBYTYPE('1mSLqrGl12rg4pU6k_PyYY',$,$,$,(#7829,#7865,#7928,#7943),#7863);
#7865= IFCCOLUMN('1zhP5MPIb7f9_ifk8wi6ex',$,'\X2\041A043E043B043E043D043D0430\X0\ - \X2\041F0440044F043C043E04430433043E043B044C043D0430044F\X0\ 100\X2\0445\X0\100',$,$,#7870,#7878,$,$);
#7866= IFCCARTESIANPOINT((13050.000000000014552,1209.999999999990678,0.));
#7867= IFCDIRECTION((0.,0.,1.));
#7868= IFCDIRECTION((1.,0.,0.));
#7869= IFCAXIS2PLACEMENT3D(#7866,#7867,#7868);
#7870= IFCLOCALPLACEMENT(#51,#7869);
#7871= IFCDIRECTION((1.,0.,0.));
#7872= IFCDIRECTION((0.,1.,0.));
#7873= IFCDIRECTION((0.,0.,1.));
#7874= IFCCARTESIANPOINT((0.,0.,0.));
#7875= IFCCARTESIANTRANSFORMATIONOPERATOR3D(#7871,#7872,#7874,1.,#7873);
#7876= IFCMAPPEDITEM(#7850,#7875);
#7877= IFCSHAPEREPRESENTATION(#41,'Body','MappedRepresentation',(#7876));
#7878= IFCPRODUCTDEFINITIONSHAPE($,$,(#7877));
#7879= IFCSTYLEDITEM(#7876,(#7861),$);
#7880= IFCCOLUMN('1WgRE5b_b04uOryaxOs142',$,'\X2\041A043E043B043E043D043D0430\X0\ - \X2\041F0440044F043C043E04430433043E043B044C043D0430044F\X0\ 50\X2\0445\X0\50',$,$,#7885,#7909,$,$);
#7881= IFCCARTESIANPOINT((11114.999999999123247,10335.00000000185355,0.));
#7882= IFCDIRECTION((0.,0.,1.));
#7883= IFCDIRECTION((1.,0.,0.));
#7884= IFCAXIS2PLACEMENT3D(#7881,#7882,#7883);
#7885= IFCLOCALPLACEMENT(#51,#7884);
#7886= IFCCARTESIANPOINT((0.,0.));
#7887= IFCDIRECTION((1.,0.));
#7888= IFCAXIS2PLACEMENT2D(#7886,#7887);
#7889= IFCRECTANGLEPROFILEDEF(.AREA.,'\X2\041F0440044F043C043E04430433043E043B044C043D0430044F\X0\ 50\X2\0445\X0\50',#7888,50.,50.);
#7890= IFCCARTESIANPOINT((0.,0.,0.));
#7891= IFCDIRECTION((0.,0.,1.));
#7892= IFCDIRECTION((1.,0.,0.));
#7893= IFCAXIS2PLACEMENT3D(#7890,#7891,#7892);
#7894= IFCDIRECTION((0.,0.,1.));
#7895= IFCEXTRUDEDAREASOLID(#7889,#7893,#7894,4000.);
#7896= IFCSHAPEREPRESENTATION(#41,'Body','SweptSolid',(#7895));
#7897= IFCCARTESIANPOINT((0.,0.,0.));
#7898= IFCDIRECTION((0.,0.,1.));
#7899= IFCDIRECTION((1.,0.,0.));
#7900= IFCAXIS2PLACEMENT3D(#7897,#7898,#7899);
#7901= IFCREPRESENTATIONMAP(#7900,#7896);
#7902= IFCDIRECTION((1.,0.,0.));
#7903= IFCDIRECTION((0.,1.,0.));
#7904= IFCDIRECTION((0.,0.,1.));
#7905= IFCCARTESIANPOINT((0.,0.,0.));
#7906= IFCCARTESIANTRANSFORMATIONOPERATOR3D(#7902,#7903,#7905,1.,#7904);
#7907= IFCMAPPEDITEM(#7901,#7906);
#7908= IFCSHAPEREPRESENTATION(#41,'Body','MappedRepresentation',(#7907));
#7909= IFCPRODUCTDEFINITIONSHAPE($,$,(#7908));
#7910= IFCSTYLEDITEM(#7907,(#7861),$);
#7911= IFCCOLUMNTYPE('1hluybQdjAjOfsaaVlKjE7',$,'\X2\041F0440044F043C043E04430433043E043B044C043D0430044F\X0\ 50\X2\0445\X0\50',$,$,$,$,$,$,.COLUMN.);
#7912= IFCRELDEFINESBYTYPE('0EAybaqvLDgBUqubGBt1xL',$,$,$,(#7880,#7913),#7911);
#7913= IFCCOLUMN('3bmcUfMS11ux4P0hD5VJh$',$,'\X2\041A043E043B043E043D043D0430\X0\ - \X2\041F0440044F043C043E04430433043E043B044C043D0430044F\X0\ 50\X2\0445\X0\50',$,$,#7918,#7926,$,$);
#7914= IFCCARTESIANPOINT((11114.999999999121428,11785.00000000185355,0.));
#7915= IFCDIRECTION((0.,0.,1.));
#7916= IFCDIRECTION((1.,0.,0.));
#7917= IFCAXIS2PLACEMENT3D(#7914,#7915,#7916);
#7918= IFCLOCALPLACEMENT(#51,#7917);
#7919= IFCDIRECTION((1.,0.,0.));
#7920= IFCDIRECTION((0.,1.,0.));
#7921= IFCDIRECTION((0.,0.,1.));
#7922= IFCCARTESIANPOINT((0.,0.,0.));
#7923= IFCCARTESIANTRANSFORMATIONOPERATOR3D(#7919,#7920,#7922,1.,#7921);
#7924= IFCMAPPEDITEM(#7901,#7923);
#7925= IFCSHAPEREPRESENTATION(#41,'Body','MappedRepresentation',(#7924));
#7926= IFCPRODUCTDEFINITIONSHAPE($,$,(#7925));
#7927= IFCSTYLEDITEM(#7924,(#7861),$);
#7928= IFCCOLUMN('199Ie4PrLE5A8xlfDFkbge',$,'\X2\041A043E043B043E043D043D0430\X0\ - \X2\041F0440044F043C043E04430433043E043B044C043D0430044F\X0\ 100\X2\0445\X0\100',$,$,#7933,#7941,$,$);
#7929= IFCCARTESIANPOINT((-1639.999999999997272,8910.000000000005457,0.));
#7930= IFCDIRECTION((0.,0.,1.));
#7931= IFCDIRECTION((1.,0.,0.));
#7932= IFCAXIS2PLACEMENT3D(#7929,#7930,#7931);
#7933= IFCLOCALPLACEMENT(#51,#7932);
#7934= IFCDIRECTION((1.,0.,0.));
#7935= IFCDIRECTION((0.,1.,0.));
#7936= IFCDIRECTION((0.,0.,1.));
#7937= IFCCARTESIANPOINT((0.,0.,0.));
#7938= IFCCARTESIANTRANSFORMATIONOPERATOR3D(#7934,#7935,#7937,1.,#7936);
#7939= IFCMAPPEDITEM(#7850,#7938);
#7940= IFCSHAPEREPRESENTATION(#41,'Body','MappedRepresentation',(#7939));
#7941= IFCPRODUCTDEFINITIONSHAPE($,$,(#7940));
#7942= IFCSTYLEDITEM(#7939,(#7861),$);
#7943= IFCCOLUMN('3ef3uOns9AQuRe5nuAoytI',$,'\X2\041A043E043B043E043D043D0430\X0\ - \X2\041F0440044F043C043E04430433043E043B044C043D0430044F\X0\ 100\X2\0445\X0\100',$,$,#7948,#7956,$,$);
#7944= IFCCARTESIANPOINT((-1639.999999999997272,5710.000000000006366,0.));
#7945= IFCDIRECTION((0.,0.,1.));
#7946= IFCDIRECTION((1.,0.,0.));
#7947= IFCAXIS2PLACEMENT3D(#7944,#7945,#7946);
#7948= IFCLOCALPLACEMENT(#51,#7947);
#7949= IFCDIRECTION((1.,0.,0.));
#7950= IFCDIRECTION((0.,1.,0.));
#7951= IFCDIRECTION((0.,0.,1.));
#7952= IFCCARTESIANPOINT((0.,0.,0.));
#7953= IFCCARTESIANTRANSFORMATIONOPERATOR3D(#7949,#7950,#7952,1.,#7951);
#7954= IFCMAPPEDITEM(#7850,#7953);
#7955= IFCSHAPEREPRESENTATION(#41,'Body','MappedRepresentation',(#7954));
#7956= IFCPRODUCTDEFINITIONSHAPE($,$,(#7955));
#7957= IFCSTYLEDITEM(#7954,(#7861),$);
#7958= IFCSLAB('3kAMmVDl51TRwea5XJQqOz',$,'\X2\041F043504400435043A0440044B044204380435\X0\: 270,00 \X2\043C043C\X0\',$,$,#7963,#8011,$,.FLOOR.);
#7959= IFCCARTESIANPOINT((10240.000000000001819,1159.999999999990905,-460.));
#7960= IFCDIRECTION((0.,0.,1.));
#7961= IFCDIRECTION((-1.,0.,0.));
#7962= IFCAXIS2PLACEMENT3D(#7959,#7960,#7961);
#7963= IFCLOCALPLACEMENT(#51,#7962);
#7964= IFCPOLYLOOP((#1138,#1086,#1023,#1022,#1928,#1875));
#7965= IFCFACEOUTERBOUND(#7964,.T.);
#7966= IFCFACE((#7965));
#7967= IFCPOLYLOOP((#1086,#1138,#7968,#7969));
#7968= IFCCARTESIANPOINT((10240.000000000001819,1159.999999999990905,-190.));
#7969= IFCCARTESIANPOINT((5339.999999999998181,1159.999999999977945,-190.));
#7970= IFCFACEOUTERBOUND(#7967,.T.);
#7971= IFCFACE((#7970));
#7972= IFCPOLYLOOP((#1023,#1086,#7969,#7973));
#7973= IFCCARTESIANPOINT((5340.000000000001819,-239.999999999991815,-190.));
#7974= IFCFACEOUTERBOUND(#7972,.T.);
#7975= IFCFACE((#7974));
#7976= IFCPOLYLOOP((#1022,#1023,#7973,#7977));
#7977= IFCCARTESIANPOINT((-239.99999999998181,-239.999999999994543,-190.));
#7978= IFCFACEOUTERBOUND(#7976,.T.);
#7979= IFCFACE((#7978));
#7980= IFCPOLYLOOP((#1928,#1022,#7977,#7981));
#7981= IFCCARTESIANPOINT((-239.999999999979991,12439.999999999989086,-190.));
#7982= IFCFACEOUTERBOUND(#7980,.T.);
#7983= IFCFACE((#7982));
#7984= IFCPOLYLOOP((#1875,#1928,#7981,#7985));
#7985= IFCCARTESIANPOINT((10240.000000000001819,12439.999999999987267,-190.));
#7986= IFCFACEOUTERBOUND(#7984,.T.);
#7987= IFCFACE((#7986));
#7988= IFCPOLYLOOP((#1138,#1875,#7985,#7968));
#7989= IFCFACEOUTERBOUND(#7988,.T.);
#7990= IFCFACE((#7989));
#7991= IFCPOLYLOOP((#7968,#7985,#7981,#7977,#7973,#7969));
#7992= IFCFACEOUTERBOUND(#7991,.T.);
#7993= IFCFACE((#7992));
#7994= IFCCLOSEDSHELL((#7966,#7971,#7975,#7979,#7983,#7987,#7990,#7993));
#7995= IFCFACETEDBREP(#7994);
#7996= IFCSHAPEREPRESENTATION(#41,'Body','Brep',(#7995));
#7997= IFCCARTESIANPOINT((0.,0.,0.));
#7998= IFCDIRECTION((0.,0.,1.));
#7999= IFCDIRECTION((1.,0.,0.));
#8000= IFCAXIS2PLACEMENT3D(#7997,#7998,#7999);
#8001= IFCREPRESENTATIONMAP(#8000,#7996);
#8002= IFCDIRECTION((-1.,0.,0.));
#8003= IFCDIRECTION((0.,-1.,0.));
#8004= IFCDIRECTION((0.,0.,1.));
#8005= IFCCARTESIANPOINT((10240.000000000001819,1159.999999999990905,460.));
#8006= IFCCARTESIANTRANSFORMATIONOPERATOR3D(#8002,#8003,#8005,1.,#8004);
#8007= IFCMAPPEDITEM(#8001,#8006);
#8008= IFCSHAPEREPRESENTATION(#41,'Body','MappedRepresentation',(#8007));
#8009= IFCSHAPEREPRESENTATION(#41,'Body','MappedRepresentation',(#8007));
#8010= IFCSHAPEASPECT((#8008),'Gross material layer',$,.U.,#8011);
#8011= IFCPRODUCTDEFINITIONSHAPE($,$,(#8009));
#8012= IFCSTYLEDITEM(#8007,(#4291),$);
#8013= IFCMATERIALCONSTITUENT('\X2\0421043B043E0439\X0\ 1 - BWS_\X2\041104350442043E043D\X0\: 270,00 \X2\043C043C\X0\',$,#4293,$,$);
#8014= IFCMATERIALCONSTITUENTSET('BWS_\X2\041104350442043E043D\X0\ (1)',$,(#8013));
#8015= IFCRELASSOCIATESMATERIAL('1LSKRdqjD8mhpjfV4sSXON',$,$,$,(#7958),#8014);
#8016= IFCSLAB('0Yp2qHhjv06weBcdQBL90V',$,'\X2\041F043504400435043A0440044B044204380435\X0\: 10,00 \X2\043C043C\X0\',$,$,#8021,#8080,$,.FLOOR.);
#8017= IFCCARTESIANPOINT((5210.000000000016371,11959.999999999974534,-10.));
#8018= IFCDIRECTION((-0.,0.,1.));
#8019= IFCDIRECTION((0.003378359098862,-0.999994293328617,0.));
#8020= IFCAXIS2PLACEMENT3D(#8017,#8018,#8019);
#8021= IFCLOCALPLACEMENT(#51,#8020);
#8022= IFCPOLYLOOP((#3062,#2942,#2943,#8023,#8024,#8025,#8026,#3061));
#8023= IFCCARTESIANPOINT((6177.865036337519996,8999.999999999974534,-10.));
#8024= IFCCARTESIANPOINT((6177.865036337519996,8599.999999999974534,-10.));
#8025= IFCCARTESIANPOINT((5277.865036337466336,8589.999999999972715,-10.));
#8026= IFCCARTESIANPOINT((5277.865036337466336,8999.999999999972715,-10.));
#8027= IFCFACEOUTERBOUND(#8022,.T.);
#8028= IFCFACE((#8027));
#8029= IFCPOLYLOOP((#2942,#3062,#8030,#8031));
#8030= IFCCARTESIANPOINT((5210.000000000016371,11959.999999999974534,0.));
#8031= IFCCARTESIANPOINT((7160.00000000001819,11959.999999999976353,0.));
#8032= IFCFACEOUTERBOUND(#8029,.T.);
#8033= IFCFACE((#8032));
#8034= IFCPOLYLOOP((#2943,#2942,#8031,#8035));
#8035= IFCCARTESIANPOINT((7160.00000000001728,8999.99999999998181,0.));
#8036= IFCFACEOUTERBOUND(#8034,.T.);
#8037= IFCFACE((#8036));
#8038= IFCPOLYLOOP((#8023,#2943,#8035,#8039));
#8039= IFCCARTESIANPOINT((6177.865036337519996,8999.999999999974534,0.));
#8040= IFCFACEOUTERBOUND(#8038,.T.);
#8041= IFCFACE((#8040));
#8042= IFCPOLYLOOP((#8024,#8023,#8039,#5025));
#8043= IFCFACEOUTERBOUND(#8042,.T.);
#8044= IFCFACE((#8043));
#8045= IFCPOLYLOOP((#8025,#8024,#5025,#8046));
#8046= IFCCARTESIANPOINT((5277.865036337466336,8589.999999999972715,0.));
#8047= IFCFACEOUTERBOUND(#8045,.T.);
#8048= IFCFACE((#8047));
#8049= IFCPOLYLOOP((#8026,#8025,#8046,#8050));
#8050= IFCCARTESIANPOINT((5277.865036337466336,8999.999999999972715,0.));
#8051= IFCFACEOUTERBOUND(#8049,.T.);
#8052= IFCFACE((#8051));
#8053= IFCPOLYLOOP((#3061,#8026,#8050,#8054));
#8054= IFCCARTESIANPOINT((5220.000000000015461,8999.999999999989086,0.));
#8055= IFCFACEOUTERBOUND(#8053,.T.);
#8056= IFCFACE((#8055));
#8057= IFCPOLYLOOP((#3062,#3061,#8054,#8030));
#8058= IFCFACEOUTERBOUND(#8057,.T.);
#8059= IFCFACE((#8058));
#8060= IFCPOLYLOOP((#8030,#8054,#8050,#8046,#5025,#8039,#8035,#8031));
#8061= IFCFACEOUTERBOUND(#8060,.T.);
#8062= IFCFACE((#8061));
#8063= IFCCLOSEDSHELL((#8028,#8033,#8037,#8041,#8044,#8048,#8052,#8056,#8059,#8062));
#8064= IFCFACETEDBREP(#8063);
#8065= IFCSHAPEREPRESENTATION(#41,'Body','Brep',(#8064));
#8066= IFCCARTESIANPOINT((0.,0.,0.));
#8067= IFCDIRECTION((0.,0.,1.));
#8068= IFCDIRECTION((1.,0.,0.));
#8069= IFCAXIS2PLACEMENT3D(#8066,#8067,#8068);
#8070= IFCREPRESENTATIONMAP(#8069,#8065);
#8071= IFCDIRECTION((0.003378359098862,0.999994293328617,-0.));
#8072= IFCDIRECTION((-0.999994293328617,0.003378359098862,0.));
#8073= IFCDIRECTION((0.,0.,1.));
#8074= IFCCARTESIANPOINT((11942.330497305158133,-5250.375443064496721,10.));
#8075= IFCCARTESIANTRANSFORMATIONOPERATOR3D(#8071,#8072,#8074,1.,#8073);
#8076= IFCMAPPEDITEM(#8070,#8075);
#8077= IFCSHAPEREPRESENTATION(#41,'Body','MappedRepresentation',(#8076));
#8078= IFCSHAPEREPRESENTATION(#41,'Body','MappedRepresentation',(#8076));
#8079= IFCSHAPEASPECT((#8077),'Gross material layer',$,.U.,#8080);
#8080= IFCPRODUCTDEFINITIONSHAPE($,$,(#8078));
#8081= IFCSTYLEDITEM(#8076,(#1063),$);
#8082= IFCMATERIAL('BWS_\X2\041E044204340435043B043A0430\X0\ \X2\043F043E043B0430\X0\ \X2\0421\X0\\\\X2\0423\X0\',$,$);
#8083= IFCSTYLEDITEM($,(#1063),$);
#8084= IFCSTYLEDREPRESENTATION(#5,$,$,(#8083));
#8085= IFCMATERIALDEFINITIONREPRESENTATION($,$,(#8084),#8082);
#8086= IFCMATERIALCONSTITUENT('\X2\0421043B043E0439\X0\ 1 - BWS_\X2\041E044204340435043B043A0430\X0\ \X2\043F043E043B0430\X0\ \X2\0421\X0\\\\X2\0423\X0\: 10,00 \X2\043C043C\X0\',$,#8082,$,$);
#8087= IFCMATERIALCONSTITUENTSET('BWS_\X2\041E044204340435043B043A0430\X0\ \X2\0421\X0\/\X2\0423\X0\',$,(#8086));
#8088= IFCRELASSOCIATESMATERIAL('35faa0lo18Eh6YzT0HepdI',$,$,$,(#8016),#8087);
#8089= IFCSLAB('3XNnBfWVH4XQtYQtEUaDp9',$,'\X2\041F043504400435043A0440044B044204380435\X0\: 10,00 \X2\043C043C\X0\',$,$,#8094,#8155,$,.FLOOR.);
#8090= IFCCARTESIANPOINT((7480.000000000019099,11959.999999999974534,-10.));
#8091= IFCDIRECTION((-0.,0.,1.));
#8092= IFCDIRECTION((0.,-1.,0.));
#8093= IFCAXIS2PLACEMENT3D(#8090,#8091,#8092);
#8094= IFCLOCALPLACEMENT(#51,#8093);
#8095= IFCPOLYLOOP((#8096,#8097,#8098,#8099,#8100,#8101,#8102,#8103));
#8096= IFCCARTESIANPOINT((7480.000000000019099,11959.999999999974534,-10.));
#8097= IFCCARTESIANPOINT((9760.000000000005457,11959.999999999974534,-10.));
#8098= IFCCARTESIANPOINT((9760.000000000005457,11594.999999999967258,-10.));
#8099= IFCCARTESIANPOINT((10240.,11594.999999999967258,-10.));
#8100= IFCCARTESIANPOINT((10240.,10594.999999999974534,-10.));
#8101= IFCCARTESIANPOINT((9760.000000000005457,10594.999999999974534,-10.));
#8102= IFCCARTESIANPOINT((9760.000000000005457,8999.999999999974534,-10.));
#8103= IFCCARTESIANPOINT((7480.000000000019099,8999.999999999974534,-10.));
#8104= IFCFACEOUTERBOUND(#8095,.T.);
#8105= IFCFACE((#8104));
#8106= IFCPOLYLOOP((#8097,#8096,#3231,#8107));
#8107= IFCCARTESIANPOINT((9760.000000000005457,11959.999999999974534,0.));
#8108= IFCFACEOUTERBOUND(#8106,.T.);
#8109= IFCFACE((#8108));
#8110= IFCPOLYLOOP((#8098,#8097,#8107,#8111));
#8111= IFCCARTESIANPOINT((9760.000000000005457,11594.999999999967258,0.));
#8112= IFCFACEOUTERBOUND(#8110,.T.);
#8113= IFCFACE((#8112));
#8114= IFCPOLYLOOP((#8099,#8098,#8111,#8115));
#8115= IFCCARTESIANPOINT((10240.,11594.999999999967258,0.));
#8116= IFCFACEOUTERBOUND(#8114,.T.);
#8117= IFCFACE((#8116));
#8118= IFCPOLYLOOP((#8100,#8099,#8115,#8119));
#8119= IFCCARTESIANPOINT((10240.,10594.999999999974534,0.));
#8120= IFCFACEOUTERBOUND(#8118,.T.);
#8121= IFCFACE((#8120));
#8122= IFCPOLYLOOP((#8101,#8100,#8119,#8123));
#8123= IFCCARTESIANPOINT((9760.000000000005457,10594.999999999974534,0.));
#8124= IFCFACEOUTERBOUND(#8122,.T.);
#8125= IFCFACE((#8124));
#8126= IFCPOLYLOOP((#8102,#8101,#8123,#3177));
#8127= IFCFACEOUTERBOUND(#8126,.T.);
#8128= IFCFACE((#8127));
#8129= IFCPOLYLOOP((#8103,#8102,#3177,#3178));
#8130= IFCFACEOUTERBOUND(#8129,.T.);
#8131= IFCFACE((#8130));
#8132= IFCPOLYLOOP((#8096,#8103,#3178,#3231));
#8133= IFCFACEOUTERBOUND(#8132,.T.);
#8134= IFCFACE((#8133));
#8135= IFCPOLYLOOP((#3231,#3178,#3177,#8123,#8119,#8115,#8111,#8107));
#8136= IFCFACEOUTERBOUND(#8135,.T.);
#8137= IFCFACE((#8136));
#8138= IFCCLOSEDSHELL((#8105,#8109,#8113,#8117,#8121,#8125,#8128,#8131,#8134,#8137));
#8139= IFCFACETEDBREP(#8138);
#8140= IFCSHAPEREPRESENTATION(#41,'Body','Brep',(#8139));
#8141= IFCCARTESIANPOINT((0.,0.,0.));
#8142= IFCDIRECTION((0.,0.,1.));
#8143= IFCDIRECTION((1.,0.,0.));
#8144= IFCAXIS2PLACEMENT3D(#8141,#8142,#8143);
#8145= IFCREPRESENTATIONMAP(#8144,#8140);
#8146= IFCDIRECTION((0.,1.,-0.));
#8147= IFCDIRECTION((-1.,0.,0.));
#8148= IFCDIRECTION((0.,0.,1.));
#8149= IFCCARTESIANPOINT((11959.999999999974534,-7480.000000000019099,10.));
#8150= IFCCARTESIANTRANSFORMATIONOPERATOR3D(#8146,#8147,#8149,1.,#8148);
#8151= IFCMAPPEDITEM(#8145,#8150);
#8152= IFCSHAPEREPRESENTATION(#41,'Body','MappedRepresentation',(#8151));
#8153= IFCSHAPEREPRESENTATION(#41,'Body','MappedRepresentation',(#8151));
#8154= IFCSHAPEASPECT((#8152),'Gross material layer',$,.U.,#8155);
#8155= IFCPRODUCTDEFINITIONSHAPE($,$,(#8153));
#8156= IFCCOLOURRGB($,0.913725490196078,0.850980392156863,0.819607843137255);
#8157= IFCSURFACESTYLESHADING(#8156,$);
#8158= IFCSURFACESTYLE($,.BOTH.,(#8157));
#8159= IFCSTYLEDITEM(#8151,(#8158),$);
#8160= IFCSLAB('1XSc15K95DoebWveQkMv0a',$,'\X2\041F043504400435043A0440044B044204380435\X0\: 80,00 \X2\043C043C\X0\',$,$,#8165,#8295,$,.FLOOR.);
#8161= IFCCARTESIANPOINT((9760.000000000001819,1639.999999999984539,-90.));
#8162= IFCDIRECTION((0.,0.,1.));
#8163= IFCDIRECTION((-1.,0.,0.));
#8164= IFCAXIS2PLACEMENT3D(#8161,#8162,#8163);
#8165= IFCLOCALPLACEMENT(#51,#8164);
#8166= IFCPOLYLOOP((#8167,#8168,#8169,#8170,#8171,#8172,#8173,#8174,#8175,#8176,#8177,#8178,#8179,#8180,#8181,#8182,#8183,#8184,#8185,#8186,#8187,#8188));
#8167= IFCCARTESIANPOINT((9760.000000000001819,1639.999999999984539,-90.));
#8168= IFCCARTESIANPOINT((5260.000000000003638,1639.999999999985221,-90.));
#8169= IFCCARTESIANPOINT((5260.000000000002728,3500.000000000019099,-90.));
#8170= IFCCARTESIANPOINT((4859.999999999996362,3500.000000000011823,-90.));
#8171= IFCCARTESIANPOINT((4860.,240.000000000004547,-90.));
#8172= IFCCARTESIANPOINT((240.000000000016371,239.999999999991815,-90.));
#8173= IFCCARTESIANPOINT((240.000000000014552,6199.999999999029569,-90.));
#8174= IFCCARTESIANPOINT((2940.000000000009095,6199.99999999902866,-90.));
#8175= IFCCARTESIANPOINT((2940.000000000009095,6599.999999999967258,-90.));
#8176= IFCCARTESIANPOINT((240.000000000016371,6599.999999999968168,-90.));
#8177= IFCCARTESIANPOINT((240.00000000001819,11959.999999999974534,-90.));
#8178= IFCCARTESIANPOINT((4810.000000000014552,11959.999999999974534,-90.));
#8179= IFCCARTESIANPOINT((4810.000000000014552,8599.999999999992724,-90.));
#8180= IFCCARTESIANPOINT((9760.000000000001819,8599.999999999992724,-90.));
#8181= IFCCARTESIANPOINT((9760.000000000005457,6599.999999999967258,-90.));
#8182= IFCCARTESIANPOINT((4580.000000000006366,6599.999999999983629,-90.));
#8183= IFCCARTESIANPOINT((4580.000000000007276,6189.999999999969077,-90.));
#8184= IFCCARTESIANPOINT((4860.000000000003638,6189.999999999968168,-90.));
#8185= IFCCARTESIANPOINT((4860.000000000003638,5500.00000000001819,-90.));
#8186= IFCCARTESIANPOINT((5260.000000000002728,5500.00000000001819,-90.));
#8187= IFCCARTESIANPOINT((5260.000000000003638,6199.999999999967258,-90.));
#8188= IFCCARTESIANPOINT((9760.,6199.999999999967258,-90.));
#8189= IFCFACEOUTERBOUND(#8166,.T.);
#8190= IFCFACE((#8189));
#8191= IFCPOLYLOOP((#8168,#8167,#8192,#8193));
#8192= IFCCARTESIANPOINT((9760.000000000001819,1639.999999999984539,-10.));
#8193= IFCCARTESIANPOINT((5260.000000000003638,1639.999999999985221,-10.));
#8194= IFCFACEOUTERBOUND(#8191,.T.);
#8195= IFCFACE((#8194));
#8196= IFCPOLYLOOP((#8169,#8168,#8193,#8197));
#8197= IFCCARTESIANPOINT((5260.000000000002728,3500.000000000019099,-10.));
#8198= IFCFACEOUTERBOUND(#8196,.T.);
#8199= IFCFACE((#8198));
#8200= IFCPOLYLOOP((#8170,#8169,#8197,#8201));
#8201= IFCCARTESIANPOINT((4859.999999999996362,3500.000000000011823,-10.));
#8202= IFCFACEOUTERBOUND(#8200,.T.);
#8203= IFCFACE((#8202));
#8204= IFCPOLYLOOP((#8171,#8170,#8201,#8205));
#8205= IFCCARTESIANPOINT((4860.,240.000000000004547,-10.));
#8206= IFCFACEOUTERBOUND(#8204,.T.);
#8207= IFCFACE((#8206));
#8208= IFCPOLYLOOP((#8172,#8171,#8205,#3900));
#8209= IFCFACEOUTERBOUND(#8208,.T.);
#8210= IFCFACE((#8209));
#8211= IFCPOLYLOOP((#8173,#8172,#3900,#3901));
#8212= IFCFACEOUTERBOUND(#8211,.T.);
#8213= IFCFACE((#8212));
#8214= IFCPOLYLOOP((#8174,#8173,#3901,#8215));
#8215= IFCCARTESIANPOINT((2940.000000000009095,6199.99999999902866,-10.));
#8216= IFCFACEOUTERBOUND(#8214,.T.);
#8217= IFCFACE((#8216));
#8218= IFCPOLYLOOP((#8175,#8174,#8215,#8219));
#8219= IFCCARTESIANPOINT((2940.000000000009095,6599.999999999967258,-10.));
#8220= IFCFACEOUTERBOUND(#8218,.T.);
#8221= IFCFACE((#8220));
#8222= IFCPOLYLOOP((#8176,#8175,#8219,#8223));
#8223= IFCCARTESIANPOINT((240.000000000016371,6599.999999999968168,-10.));
#8224= IFCFACEOUTERBOUND(#8222,.T.);
#8225= IFCFACE((#8224));
#8226= IFCPOLYLOOP((#8177,#8176,#8223,#8227));
#8227= IFCCARTESIANPOINT((240.00000000001819,11959.999999999974534,-10.));
#8228= IFCFACEOUTERBOUND(#8226,.T.);
#8229= IFCFACE((#8228));
#8230= IFCPOLYLOOP((#8178,#8177,#8227,#8231));
#8231= IFCCARTESIANPOINT((4810.000000000014552,11959.999999999974534,-10.));
#8232= IFCFACEOUTERBOUND(#8230,.T.);
#8233= IFCFACE((#8232));
#8234= IFCPOLYLOOP((#8179,#8178,#8231,#8235));
#8235= IFCCARTESIANPOINT((4810.000000000014552,8599.999999999992724,-10.));
#8236= IFCFACEOUTERBOUND(#8234,.T.);
#8237= IFCFACE((#8236));
#8238= IFCPOLYLOOP((#8180,#8179,#8235,#8239));
#8239= IFCCARTESIANPOINT((9760.000000000001819,8599.999999999992724,-10.));
#8240= IFCFACEOUTERBOUND(#8238,.T.);
#8241= IFCFACE((#8240));
#8242= IFCPOLYLOOP((#8181,#8180,#8239,#8243));
#8243= IFCCARTESIANPOINT((9760.000000000005457,6599.999999999967258,-10.));
#8244= IFCFACEOUTERBOUND(#8242,.T.);
#8245= IFCFACE((#8244));
#8246= IFCPOLYLOOP((#8182,#8181,#8243,#8247));
#8247= IFCCARTESIANPOINT((4580.000000000006366,6599.999999999983629,-10.));
#8248= IFCFACEOUTERBOUND(#8246,.T.);
#8249= IFCFACE((#8248));
#8250= IFCPOLYLOOP((#8183,#8182,#8247,#8251));
#8251= IFCCARTESIANPOINT((4580.000000000007276,6189.999999999969077,-10.));
#8252= IFCFACEOUTERBOUND(#8250,.T.);
#8253= IFCFACE((#8252));
#8254= IFCPOLYLOOP((#8184,#8183,#8251,#8255));
#8255= IFCCARTESIANPOINT((4860.000000000003638,6189.999999999968168,-10.));
#8256= IFCFACEOUTERBOUND(#8254,.T.);
#8257= IFCFACE((#8256));
#8258= IFCPOLYLOOP((#8185,#8184,#8255,#8259));
#8259= IFCCARTESIANPOINT((4860.000000000003638,5500.00000000001819,-10.));
#8260= IFCFACEOUTERBOUND(#8258,.T.);
#8261= IFCFACE((#8260));
#8262= IFCPOLYLOOP((#8186,#8185,#8259,#8263));
#8263= IFCCARTESIANPOINT((5260.000000000002728,5500.00000000001819,-10.));
#8264= IFCFACEOUTERBOUND(#8262,.T.);
#8265= IFCFACE((#8264));
#8266= IFCPOLYLOOP((#8187,#8186,#8263,#3954));
#8267= IFCFACEOUTERBOUND(#8266,.T.);
#8268= IFCFACE((#8267));
#8269= IFCPOLYLOOP((#8188,#8187,#3954,#3955));
#8270= IFCFACEOUTERBOUND(#8269,.T.);
#8271= IFCFACE((#8270));
#8272= IFCPOLYLOOP((#8167,#8188,#3955,#8192));
#8273= IFCFACEOUTERBOUND(#8272,.T.);
#8274= IFCFACE((#8273));
#8275= IFCPOLYLOOP((#8192,#3955,#3954,#8263,#8259,#8255,#8251,#8247,#8243,#8239,#8235,#8231,#8227,#8223,#8219,#8215,#3901,#3900,#8205,#8201,#8197,#8193));
#8276= IFCFACEOUTERBOUND(#8275,.T.);
#8277= IFCFACE((#8276));
#8278= IFCCLOSEDSHELL((#8190,#8195,#8199,#8203,#8207,#8210,#8213,#8217,#8221,#8225,#8229,#8233,#8237,#8241,#8245,#8249,#8253,#8257,#8261,#8265,#8268,#8271,#8274,#8277));
#8279= IFCFACETEDBREP(#8278);
#8280= IFCSHAPEREPRESENTATION(#41,'Body','Brep',(#8279));
#8281= IFCCARTESIANPOINT((0.,0.,0.));
#8282= IFCDIRECTION((0.,0.,1.));
#8283= IFCDIRECTION((1.,0.,0.));
#8284= IFCAXIS2PLACEMENT3D(#8281,#8282,#8283);
#8285= IFCREPRESENTATIONMAP(#8284,#8280);
#8286= IFCDIRECTION((-1.,0.,0.));
#8287= IFCDIRECTION((0.,-1.,0.));
#8288= IFCDIRECTION((0.,0.,1.));
#8289= IFCCARTESIANPOINT((9760.000000000001819,1639.999999999984539,90.));
#8290= IFCCARTESIANTRANSFORMATIONOPERATOR3D(#8286,#8287,#8289,1.,#8288);
#8291= IFCMAPPEDITEM(#8285,#8290);
#8292= IFCSHAPEREPRESENTATION(#41,'Body','MappedRepresentation',(#8291));
#8293= IFCSHAPEREPRESENTATION(#41,'Body','MappedRepresentation',(#8291));
#8294= IFCSHAPEASPECT((#8292),'Gross material layer',$,.U.,#8295);
#8295= IFCPRODUCTDEFINITIONSHAPE($,$,(#8293));
#8296= IFCSTYLEDITEM(#8291,(#4291),$);
#8297= IFCMATERIAL('BWS_\X2\0421044304450430044F\X0\ \X2\04410442044F0436043A0430\X0\',$,$);
#8298= IFCSTYLEDITEM($,(#4291),$);
#8299= IFCSTYLEDREPRESENTATION(#5,$,$,(#8298));
#8300= IFCMATERIALDEFINITIONREPRESENTATION($,$,(#8299),#8297);
#8301= IFCMATERIALCONSTITUENT('\X2\0421043B043E0439\X0\ 1 - BWS_\X2\0421044304450430044F\X0\ \X2\04410442044F0436043A0430\X0\: 80,00 \X2\043C043C\X0\',$,#8297,$,$);
#8302= IFCMATERIALCONSTITUENTSET('BWS_\X2\0421044304450430044F\X0\ \X2\04410442044F0436043A0430\X0\',$,(#8301));
#8303= IFCRELASSOCIATESMATERIAL('1x_h70oLz5dOpN$Sm0z6FC',$,$,$,(#8160,#8304,#8367),#8302);
#8304= IFCSLAB('05jHMamk1Fu8$Tal0YCD4m',$,'\X2\041F043504400435043A0440044B044204380435\X0\: 80,00 \X2\043C043C\X0\',$,$,#8309,#8365,$,.FLOOR.);
#8305= IFCCARTESIANPOINT((5210.000000000014552,11959.999999999970896,-90.));
#8306= IFCDIRECTION((-0.,0.,1.));
#8307= IFCDIRECTION((0.003378359098862,-0.999994293328617,0.));
#8308= IFCAXIS2PLACEMENT3D(#8305,#8306,#8307);
#8309= IFCLOCALPLACEMENT(#51,#8308);
#8310= IFCPOLYLOOP((#8311,#8312,#8313,#8314,#8315,#8316,#8317,#8318));
#8311= IFCCARTESIANPOINT((5210.000000000014552,11959.999999999970896,-90.));
#8312= IFCCARTESIANPOINT((7160.000000000016371,11959.999999999972715,-90.));
#8313= IFCCARTESIANPOINT((7160.000000000015461,8999.999999999978172,-90.));
#8314= IFCCARTESIANPOINT((6177.865036337518177,8999.999999999970896,-90.));
#8315= IFCCARTESIANPOINT((6177.865036337518177,8599.999999999970896,-90.));
#8316= IFCCARTESIANPOINT((5277.865036337464517,8589.999999999969077,-90.));
#8317= IFCCARTESIANPOINT((5277.865036337464517,8999.999999999969077,-90.));
#8318= IFCCARTESIANPOINT((5220.000000000013642,8999.999999999985448,-90.));
#8319= IFCFACEOUTERBOUND(#8310,.T.);
#8320= IFCFACE((#8319));
#8321= IFCPOLYLOOP((#8312,#8311,#3062,#2942));
#8322= IFCFACEOUTERBOUND(#8321,.T.);
#8323= IFCFACE((#8322));
#8324= IFCPOLYLOOP((#8313,#8312,#2942,#2943));
#8325= IFCFACEOUTERBOUND(#8324,.T.);
#8326= IFCFACE((#8325));
#8327= IFCPOLYLOOP((#8314,#8313,#2943,#8023));
#8328= IFCFACEOUTERBOUND(#8327,.T.);
#8329= IFCFACE((#8328));
#8330= IFCPOLYLOOP((#8315,#8314,#8023,#8024));
#8331= IFCFACEOUTERBOUND(#8330,.T.);
#8332= IFCFACE((#8331));
#8333= IFCPOLYLOOP((#8316,#8315,#8024,#8025));
#8334= IFCFACEOUTERBOUND(#8333,.T.);
#8335= IFCFACE((#8334));
#8336= IFCPOLYLOOP((#8317,#8316,#8025,#8026));
#8337= IFCFACEOUTERBOUND(#8336,.T.);
#8338= IFCFACE((#8337));
#8339= IFCPOLYLOOP((#8318,#8317,#8026,#3061));
#8340= IFCFACEOUTERBOUND(#8339,.T.);
#8341= IFCFACE((#8340));
#8342= IFCPOLYLOOP((#8311,#8318,#3061,#3062));
#8343= IFCFACEOUTERBOUND(#8342,.T.);
#8344= IFCFACE((#8343));
#8345= IFCPOLYLOOP((#3062,#3061,#8026,#8025,#8024,#8023,#2943,#2942));
#8346= IFCFACEOUTERBOUND(#8345,.T.);
#8347= IFCFACE((#8346));
#8348= IFCCLOSEDSHELL((#8320,#8323,#8326,#8329,#8332,#8335,#8338,#8341,#8344,#8347));
#8349= IFCFACETEDBREP(#8348);
#8350= IFCSHAPEREPRESENTATION(#41,'Body','Brep',(#8349));
#8351= IFCCARTESIANPOINT((0.,0.,0.));
#8352= IFCDIRECTION((0.,0.,1.));
#8353= IFCDIRECTION((1.,0.,0.));
#8354= IFCAXIS2PLACEMENT3D(#8351,#8352,#8353);
#8355= IFCREPRESENTATIONMAP(#8354,#8350);
#8356= IFCDIRECTION((0.003378359098862,0.999994293328617,-0.));
#8357= IFCDIRECTION((-0.999994293328617,0.003378359098862,0.));
#8358= IFCDIRECTION((0.,0.,1.));
#8359= IFCCARTESIANPOINT((11942.330497305154495,-5250.375443064494903,90.));
#8360= IFCCARTESIANTRANSFORMATIONOPERATOR3D(#8356,#8357,#8359,1.,#8358);
#8361= IFCMAPPEDITEM(#8355,#8360);
#8362= IFCSHAPEREPRESENTATION(#41,'Body','MappedRepresentation',(#8361));
#8363= IFCSHAPEREPRESENTATION(#41,'Body','MappedRepresentation',(#8361));
#8364= IFCSHAPEASPECT((#8362),'Gross material layer',$,.U.,#8365);
#8365= IFCPRODUCTDEFINITIONSHAPE($,$,(#8363));
#8366= IFCSTYLEDITEM(#8361,(#4291),$);
#8367= IFCSLAB('3G4rRKevr5l99U5Ik4Zf3M',$,'\X2\041F043504400435043A0440044B044204380435\X0\: 80,00 \X2\043C043C\X0\',$,$,#8372,#8428,$,.FLOOR.);
#8368= IFCCARTESIANPOINT((7480.000000000016371,11959.999999999970896,-90.));
#8369= IFCDIRECTION((-0.,0.,1.));
#8370= IFCDIRECTION((0.,-1.,0.));
#8371= IFCAXIS2PLACEMENT3D(#8368,#8369,#8370);
#8372= IFCLOCALPLACEMENT(#51,#8371);
#8373= IFCPOLYLOOP((#8374,#8375,#8376,#8377,#8378,#8379,#8380,#8381));
#8374= IFCCARTESIANPOINT((7480.000000000016371,11959.999999999970896,-90.));
#8375= IFCCARTESIANPOINT((9760.000000000003638,11959.999999999970896,-90.));
#8376= IFCCARTESIANPOINT((9760.000000000003638,11594.99999999996362,-90.));
#8377= IFCCARTESIANPOINT((10239.999999999996362,11594.99999999996362,-90.));
#8378= IFCCARTESIANPOINT((10239.999999999996362,10594.999999999970896,-90.));
#8379= IFCCARTESIANPOINT((9760.000000000003638,10594.999999999970896,-90.));
#8380= IFCCARTESIANPOINT((9760.000000000003638,8999.999999999970896,-90.));
#8381= IFCCARTESIANPOINT((7480.000000000016371,8999.999999999970896,-90.));
#8382= IFCFACEOUTERBOUND(#8373,.T.);
#8383= IFCFACE((#8382));
#8384= IFCPOLYLOOP((#8375,#8374,#8096,#8097));
#8385= IFCFACEOUTERBOUND(#8384,.T.);
#8386= IFCFACE((#8385));
#8387= IFCPOLYLOOP((#8376,#8375,#8097,#8098));
#8388= IFCFACEOUTERBOUND(#8387,.T.);
#8389= IFCFACE((#8388));
#8390= IFCPOLYLOOP((#8377,#8376,#8098,#8099));
#8391= IFCFACEOUTERBOUND(#8390,.T.);
#8392= IFCFACE((#8391));
#8393= IFCPOLYLOOP((#8378,#8377,#8099,#8100));
#8394= IFCFACEOUTERBOUND(#8393,.T.);
#8395= IFCFACE((#8394));
#8396= IFCPOLYLOOP((#8379,#8378,#8100,#8101));
#8397= IFCFACEOUTERBOUND(#8396,.T.);
#8398= IFCFACE((#8397));
#8399= IFCPOLYLOOP((#8380,#8379,#8101,#8102));
#8400= IFCFACEOUTERBOUND(#8399,.T.);
#8401= IFCFACE((#8400));
#8402= IFCPOLYLOOP((#8381,#8380,#8102,#8103));
#8403= IFCFACEOUTERBOUND(#8402,.T.);
#8404= IFCFACE((#8403));
#8405= IFCPOLYLOOP((#8374,#8381,#8103,#8096));
#8406= IFCFACEOUTERBOUND(#8405,.T.);
#8407= IFCFACE((#8406));
#8408= IFCPOLYLOOP((#8096,#8103,#8102,#8101,#8100,#8099,#8098,#8097));
#8409= IFCFACEOUTERBOUND(#8408,.T.);
#8410= IFCFACE((#8409));
#8411= IFCCLOSEDSHELL((#8383,#8386,#8389,#8392,#8395,#8398,#8401,#8404,#8407,#8410));
#8412= IFCFACETEDBREP(#8411);
#8413= IFCSHAPEREPRESENTATION(#41,'Body','Brep',(#8412));
#8414= IFCCARTESIANPOINT((0.,0.,0.));
#8415= IFCDIRECTION((0.,0.,1.));
#8416= IFCDIRECTION((1.,0.,0.));
#8417= IFCAXIS2PLACEMENT3D(#8414,#8415,#8416);
#8418= IFCREPRESENTATIONMAP(#8417,#8413);
#8419= IFCDIRECTION((0.,1.,-0.));
#8420= IFCDIRECTION((-1.,0.,0.));
#8421= IFCDIRECTION((0.,0.,1.));
#8422= IFCCARTESIANPOINT((11959.999999999970896,-7480.000000000016371,90.));
#8423= IFCCARTESIANTRANSFORMATIONOPERATOR3D(#8419,#8420,#8422,1.,#8421);
#8424= IFCMAPPEDITEM(#8418,#8423);
#8425= IFCSHAPEREPRESENTATION(#41,'Body','MappedRepresentation',(#8424));
#8426= IFCSHAPEREPRESENTATION(#41,'Body','MappedRepresentation',(#8424));
#8427= IFCSHAPEASPECT((#8425),'Gross material layer',$,.U.,#8428);
#8428= IFCPRODUCTDEFINITIONSHAPE($,$,(#8426));
#8429= IFCSTYLEDITEM(#8424,(#4291),$);
#8430= IFCSLAB('2Re_RuN4106h0IC_88Pigf',$,'\X2\041F043504400435043A0440044B044204380435\X0\: 100,00 \X2\043C043C\X0\',$,$,#8435,#8547,$,.FLOOR.);
#8431= IFCCARTESIANPOINT((9760.000000000001819,1639.999999999984766,-190.));
#8432= IFCDIRECTION((0.,0.,1.));
#8433= IFCDIRECTION((-1.,0.,0.));
#8434= IFCAXIS2PLACEMENT3D(#8431,#8432,#8433);
#8435= IFCLOCALPLACEMENT(#51,#8434);
#8436= IFCPOLYLOOP((#8437,#8438,#8439,#8440,#8441,#8442,#8443,#8444,#8445,#8446,#8447,#8448,#8449,#8450,#8451,#8452,#8453,#8454,#8455,#8456,#8457,#8458));
#8437= IFCCARTESIANPOINT((9760.000000000001819,1639.999999999984766,-190.));
#8438= IFCCARTESIANPOINT((5260.000000000003638,1639.999999999985448,-190.));
#8439= IFCCARTESIANPOINT((5260.000000000002728,3500.000000000019554,-190.));
#8440= IFCCARTESIANPOINT((4859.999999999996362,3500.000000000012278,-190.));
#8441= IFCCARTESIANPOINT((4860.,240.000000000004775,-190.));
#8442= IFCCARTESIANPOINT((240.000000000016371,239.999999999992042,-190.));
#8443= IFCCARTESIANPOINT((240.000000000014552,6199.999999999030479,-190.));
#8444= IFCCARTESIANPOINT((2940.000000000009095,6199.999999999029569,-190.));
#8445= IFCCARTESIANPOINT((2940.000000000009095,6599.999999999968168,-190.));
#8446= IFCCARTESIANPOINT((240.000000000016371,6599.999999999969077,-190.));
#8447= IFCCARTESIANPOINT((240.00000000001819,11959.999999999972715,-190.));
#8448= IFCCARTESIANPOINT((4810.000000000014552,11959.999999999974534,-190.));
#8449= IFCCARTESIANPOINT((4810.000000000014552,8599.999999999992724,-190.));
#8450= IFCCARTESIANPOINT((9760.000000000001819,8599.999999999992724,-190.));
#8451= IFCCARTESIANPOINT((9760.000000000005457,6599.999999999967258,-190.));
#8452= IFCCARTESIANPOINT((4580.000000000006366,6599.999999999983629,-190.));
#8453= IFCCARTESIANPOINT((4580.000000000007276,6189.999999999969077,-190.));
#8454= IFCCARTESIANPOINT((4860.000000000003638,6189.999999999969077,-190.));
#8455= IFCCARTESIANPOINT((4860.000000000003638,5500.00000000001819,-190.));
#8456= IFCCARTESIANPOINT((5260.000000000002728,5500.00000000001819,-190.));
#8457= IFCCARTESIANPOINT((5260.000000000003638,6199.999999999967258,-190.));
#8458= IFCCARTESIANPOINT((9760.,6199.999999999967258,-190.));
#8459= IFCFACEOUTERBOUND(#8436,.T.);
#8460= IFCFACE((#8459));
#8461= IFCPOLYLOOP((#8438,#8437,#8167,#8168));
#8462= IFCFACEOUTERBOUND(#8461,.T.);
#8463= IFCFACE((#8462));
#8464= IFCPOLYLOOP((#8439,#8438,#8168,#8169));
#8465= IFCFACEOUTERBOUND(#8464,.T.);
#8466= IFCFACE((#8465));
#8467= IFCPOLYLOOP((#8440,#8439,#8169,#8170));
#8468= IFCFACEOUTERBOUND(#8467,.T.);
#8469= IFCFACE((#8468));
#8470= IFCPOLYLOOP((#8441,#8440,#8170,#8171));
#8471= IFCFACEOUTERBOUND(#8470,.T.);
#8472= IFCFACE((#8471));
#8473= IFCPOLYLOOP((#8442,#8441,#8171,#8172));
#8474= IFCFACEOUTERBOUND(#8473,.T.);
#8475= IFCFACE((#8474));
#8476= IFCPOLYLOOP((#8443,#8442,#8172,#8173));
#8477= IFCFACEOUTERBOUND(#8476,.T.);
#8478= IFCFACE((#8477));
#8479= IFCPOLYLOOP((#8444,#8443,#8173,#8174));
#8480= IFCFACEOUTERBOUND(#8479,.T.);
#8481= IFCFACE((#8480));
#8482= IFCPOLYLOOP((#8445,#8444,#8174,#8175));
#8483= IFCFACEOUTERBOUND(#8482,.T.);
#8484= IFCFACE((#8483));
#8485= IFCPOLYLOOP((#8446,#8445,#8175,#8176));
#8486= IFCFACEOUTERBOUND(#8485,.T.);
#8487= IFCFACE((#8486));
#8488= IFCPOLYLOOP((#8447,#8446,#8176,#8177));
#8489= IFCFACEOUTERBOUND(#8488,.T.);
#8490= IFCFACE((#8489));
#8491= IFCPOLYLOOP((#8448,#8447,#8177,#8178));
#8492= IFCFACEOUTERBOUND(#8491,.T.);
#8493= IFCFACE((#8492));
#8494= IFCPOLYLOOP((#8449,#8448,#8178,#8179));
#8495= IFCFACEOUTERBOUND(#8494,.T.);
#8496= IFCFACE((#8495));
#8497= IFCPOLYLOOP((#8450,#8449,#8179,#8180));
#8498= IFCFACEOUTERBOUND(#8497,.T.);
#8499= IFCFACE((#8498));
#8500= IFCPOLYLOOP((#8451,#8450,#8180,#8181));
#8501= IFCFACEOUTERBOUND(#8500,.T.);
#8502= IFCFACE((#8501));
#8503= IFCPOLYLOOP((#8452,#8451,#8181,#8182));
#8504= IFCFACEOUTERBOUND(#8503,.T.);
#8505= IFCFACE((#8504));
#8506= IFCPOLYLOOP((#8453,#8452,#8182,#8183));
#8507= IFCFACEOUTERBOUND(#8506,.T.);
#8508= IFCFACE((#8507));
#8509= IFCPOLYLOOP((#8454,#8453,#8183,#8184));
#8510= IFCFACEOUTERBOUND(#8509,.T.);
#8511= IFCFACE((#8510));
#8512= IFCPOLYLOOP((#8455,#8454,#8184,#8185));
#8513= IFCFACEOUTERBOUND(#8512,.T.);
#8514= IFCFACE((#8513));
#8515= IFCPOLYLOOP((#8456,#8455,#8185,#8186));
#8516= IFCFACEOUTERBOUND(#8515,.T.);
#8517= IFCFACE((#8516));
#8518= IFCPOLYLOOP((#8457,#8456,#8186,#8187));
#8519= IFCFACEOUTERBOUND(#8518,.T.);
#8520= IFCFACE((#8519));
#8521= IFCPOLYLOOP((#8458,#8457,#8187,#8188));
#8522= IFCFACEOUTERBOUND(#8521,.T.);
#8523= IFCFACE((#8522));
#8524= IFCPOLYLOOP((#8437,#8458,#8188,#8167));
#8525= IFCFACEOUTERBOUND(#8524,.T.);
#8526= IFCFACE((#8525));
#8527= IFCPOLYLOOP((#8167,#8188,#8187,#8186,#8185,#8184,#8183,#8182,#8181,#8180,#8179,#8178,#8177,#8176,#8175,#8174,#8173,#8172,#8171,#8170,#8169,#8168));
#8528= IFCFACEOUTERBOUND(#8527,.T.);
#8529= IFCFACE((#8528));
#8530= IFCCLOSEDSHELL((#8460,#8463,#8466,#8469,#8472,#8475,#8478,#8481,#8484,#8487,#8490,#8493,#8496,#8499,#8502,#8505,#8508,#8511,#8514,#8517,#8520,#8523,#8526,#8529));
#8531= IFCFACETEDBREP(#8530);
#8532= IFCSHAPEREPRESENTATION(#41,'Body','Brep',(#8531));
#8533= IFCCARTESIANPOINT((0.,0.,0.));
#8534= IFCDIRECTION((0.,0.,1.));
#8535= IFCDIRECTION((1.,0.,0.));
#8536= IFCAXIS2PLACEMENT3D(#8533,#8534,#8535);
#8537= IFCREPRESENTATIONMAP(#8536,#8532);
#8538= IFCDIRECTION((-1.,0.,0.));
#8539= IFCDIRECTION((0.,-1.,0.));
#8540= IFCDIRECTION((0.,0.,1.));
#8541= IFCCARTESIANPOINT((9760.000000000001819,1639.999999999984766,190.));
#8542= IFCCARTESIANTRANSFORMATIONOPERATOR3D(#8538,#8539,#8541,1.,#8540);
#8543= IFCMAPPEDITEM(#8537,#8542);
#8544= IFCSHAPEREPRESENTATION(#41,'Body','MappedRepresentation',(#8543));
#8545= IFCSHAPEREPRESENTATION(#41,'Body','MappedRepresentation',(#8543));
#8546= IFCSHAPEASPECT((#8544),'Gross material layer',$,.U.,#8547);
#8547= IFCPRODUCTDEFINITIONSHAPE($,$,(#8545));
#8548= IFCCOLOURRGB($,0.498039215686275,0.498039215686275,0.498039215686275);
#8549= IFCSURFACESTYLESHADING(#8548,$);
#8550= IFCSURFACESTYLE($,.BOTH.,(#8549));
#8551= IFCSTYLEDITEM(#8543,(#8550),$);
#8552= IFCMATERIAL('BWS_\X2\04180437043E043B044F04460438044F\X0\',$,$);
#8553= IFCSTYLEDITEM($,(#8550),$);
#8554= IFCSTYLEDREPRESENTATION(#5,$,$,(#8553));
#8555= IFCMATERIALDEFINITIONREPRESENTATION($,$,(#8554),#8552);
#8556= IFCMATERIALCONSTITUENT('\X2\0421043B043E0439\X0\ 1 - BWS_\X2\04180437043E043B044F04460438044F\X0\: 100,00 \X2\043C043C\X0\',$,#8552,$,$);
#8557= IFCMATERIALCONSTITUENTSET('BWS_\X2\042304420435043F043B043804420435043B044C\X0\',$,(#8556));
#8558= IFCRELASSOCIATESMATERIAL('1i2cfOnXjAEv4WTTwY8IJj',$,$,$,(#8430,#8559,#8622),#8557);
#8559= IFCSLAB('2RJGYywjDFduSTmgZqSVvy',$,'\X2\041F043504400435043A0440044B044204380435\X0\: 100,00 \X2\043C043C\X0\',$,$,#8564,#8620,$,.FLOOR.);
#8560= IFCCARTESIANPOINT((5210.000000000016371,11959.999999999969077,-190.));
#8561= IFCDIRECTION((-0.,0.,1.));
#8562= IFCDIRECTION((0.003378359098862,-0.999994293328617,0.));
#8563= IFCAXIS2PLACEMENT3D(#8560,#8561,#8562);
#8564= IFCLOCALPLACEMENT(#51,#8563);
#8565= IFCPOLYLOOP((#8566,#8567,#8568,#8569,#8570,#8571,#8572,#8573));
#8566= IFCCARTESIANPOINT((5210.000000000016371,11959.999999999969077,-190.));
#8567= IFCCARTESIANPOINT((7160.00000000001819,11959.999999999970896,-190.));
#8568= IFCCARTESIANPOINT((7160.00000000001728,8999.999999999976353,-190.));
#8569= IFCCARTESIANPOINT((6177.865036337519996,8999.999999999967258,-190.));
#8570= IFCCARTESIANPOINT((6177.865036337519996,8599.999999999969077,-190.));
#8571= IFCCARTESIANPOINT((5277.865036337466336,8589.999999999967258,-190.));
#8572= IFCCARTESIANPOINT((5277.865036337466336,8999.999999999967258,-190.));
#8573= IFCCARTESIANPOINT((5220.000000000015461,8999.999999999983629,-190.));
#8574= IFCFACEOUTERBOUND(#8565,.T.);
#8575= IFCFACE((#8574));
#8576= IFCPOLYLOOP((#8567,#8566,#8311,#8312));
#8577= IFCFACEOUTERBOUND(#8576,.T.);
#8578= IFCFACE((#8577));
#8579= IFCPOLYLOOP((#8568,#8567,#8312,#8313));
#8580= IFCFACEOUTERBOUND(#8579,.T.);
#8581= IFCFACE((#8580));
#8582= IFCPOLYLOOP((#8569,#8568,#8313,#8314));
#8583= IFCFACEOUTERBOUND(#8582,.T.);
#8584= IFCFACE((#8583));
#8585= IFCPOLYLOOP((#8570,#8569,#8314,#8315));
#8586= IFCFACEOUTERBOUND(#8585,.T.);
#8587= IFCFACE((#8586));
#8588= IFCPOLYLOOP((#8571,#8570,#8315,#8316));
#8589= IFCFACEOUTERBOUND(#8588,.T.);
#8590= IFCFACE((#8589));
#8591= IFCPOLYLOOP((#8572,#8571,#8316,#8317));
#8592= IFCFACEOUTERBOUND(#8591,.T.);
#8593= IFCFACE((#8592));
#8594= IFCPOLYLOOP((#8573,#8572,#8317,#8318));
#8595= IFCFACEOUTERBOUND(#8594,.T.);
#8596= IFCFACE((#8595));
#8597= IFCPOLYLOOP((#8566,#8573,#8318,#8311));
#8598= IFCFACEOUTERBOUND(#8597,.T.);
#8599= IFCFACE((#8598));
#8600= IFCPOLYLOOP((#8311,#8318,#8317,#8316,#8315,#8314,#8313,#8312));
#8601= IFCFACEOUTERBOUND(#8600,.T.);
#8602= IFCFACE((#8601));
#8603= IFCCLOSEDSHELL((#8575,#8578,#8581,#8584,#8587,#8590,#8593,#8596,#8599,#8602));
#8604= IFCFACETEDBREP(#8603);
#8605= IFCSHAPEREPRESENTATION(#41,'Body','Brep',(#8604));
#8606= IFCCARTESIANPOINT((0.,0.,0.));
#8607= IFCDIRECTION((0.,0.,1.));
#8608= IFCDIRECTION((1.,0.,0.));
#8609= IFCAXIS2PLACEMENT3D(#8606,#8607,#8608);
#8610= IFCREPRESENTATIONMAP(#8609,#8605);
#8611= IFCDIRECTION((0.003378359098862,0.999994293328617,-0.));
#8612= IFCDIRECTION((-0.999994293328617,0.003378359098862,0.));
#8613= IFCDIRECTION((0.,0.,1.));
#8614= IFCCARTESIANPOINT((11942.330497305152676,-5250.375443064496721,190.));
#8615= IFCCARTESIANTRANSFORMATIONOPERATOR3D(#8611,#8612,#8614,1.,#8613);
#8616= IFCMAPPEDITEM(#8610,#8615);
#8617= IFCSHAPEREPRESENTATION(#41,'Body','MappedRepresentation',(#8616));
#8618= IFCSHAPEREPRESENTATION(#41,'Body','MappedRepresentation',(#8616));
#8619= IFCSHAPEASPECT((#8617),'Gross material layer',$,.U.,#8620);
#8620= IFCPRODUCTDEFINITIONSHAPE($,$,(#8618));
#8621= IFCSTYLEDITEM(#8616,(#8550),$);
#8622= IFCSLAB('3tAU7lJjT4JREeVHMHnhde',$,'\X2\041F043504400435043A0440044B044204380435\X0\: 100,00 \X2\043C043C\X0\',$,$,#8627,#8683,$,.FLOOR.);
#8623= IFCCARTESIANPOINT((7480.00000000001819,11959.999999999969077,-190.));
#8624= IFCDIRECTION((-0.,0.,1.));
#8625= IFCDIRECTION((0.,-1.,0.));
#8626= IFCAXIS2PLACEMENT3D(#8623,#8624,#8625);
#8627= IFCLOCALPLACEMENT(#51,#8626);
#8628= IFCPOLYLOOP((#8629,#8630,#8631,#8632,#8633,#8634,#8635,#8636));
#8629= IFCCARTESIANPOINT((7480.00000000001819,11959.999999999969077,-190.));
#8630= IFCCARTESIANPOINT((9760.000000000003638,11959.999999999969077,-190.));
#8631= IFCCARTESIANPOINT((9760.000000000003638,11594.999999999961801,-190.));
#8632= IFCCARTESIANPOINT((10240.,11594.999999999961801,-190.));
#8633= IFCCARTESIANPOINT((10240.,10594.999999999969077,-190.));
#8634= IFCCARTESIANPOINT((9760.000000000003638,10594.999999999969077,-190.));
#8635= IFCCARTESIANPOINT((9760.000000000003638,8999.999999999969077,-190.));
#8636= IFCCARTESIANPOINT((7480.00000000001819,8999.999999999969077,-190.));
#8637= IFCFACEOUTERBOUND(#8628,.T.);
#8638= IFCFACE((#8637));
#8639= IFCPOLYLOOP((#8630,#8629,#8374,#8375));
#8640= IFCFACEOUTERBOUND(#8639,.T.);
#8641= IFCFACE((#8640));
#8642= IFCPOLYLOOP((#8631,#8630,#8375,#8376));
#8643= IFCFACEOUTERBOUND(#8642,.T.);
#8644= IFCFACE((#8643));
#8645= IFCPOLYLOOP((#8632,#8631,#8376,#8377));
#8646= IFCFACEOUTERBOUND(#8645,.T.);
#8647= IFCFACE((#8646));
#8648= IFCPOLYLOOP((#8633,#8632,#8377,#8378));
#8649= IFCFACEOUTERBOUND(#8648,.T.);
#8650= IFCFACE((#8649));
#8651= IFCPOLYLOOP((#8634,#8633,#8378,#8379));
#8652= IFCFACEOUTERBOUND(#8651,.T.);
#8653= IFCFACE((#8652));
#8654= IFCPOLYLOOP((#8635,#8634,#8379,#8380));
#8655= IFCFACEOUTERBOUND(#8654,.T.);
#8656= IFCFACE((#8655));
#8657= IFCPOLYLOOP((#8636,#8635,#8380,#8381));
#8658= IFCFACEOUTERBOUND(#8657,.T.);
#8659= IFCFACE((#8658));
#8660= IFCPOLYLOOP((#8629,#8636,#8381,#8374));
#8661= IFCFACEOUTERBOUND(#8660,.T.);
#8662= IFCFACE((#8661));
#8663= IFCPOLYLOOP((#8374,#8381,#8380,#8379,#8378,#8377,#8376,#8375));
#8664= IFCFACEOUTERBOUND(#8663,.T.);
#8665= IFCFACE((#8664));
#8666= IFCCLOSEDSHELL((#8638,#8641,#8644,#8647,#8650,#8653,#8656,#8659,#8662,#8665));
#8667= IFCFACETEDBREP(#8666);
#8668= IFCSHAPEREPRESENTATION(#41,'Body','Brep',(#8667));
#8669= IFCCARTESIANPOINT((0.,0.,0.));
#8670= IFCDIRECTION((0.,0.,1.));
#8671= IFCDIRECTION((1.,0.,0.));
#8672= IFCAXIS2PLACEMENT3D(#8669,#8670,#8671);
#8673= IFCREPRESENTATIONMAP(#8672,#8668);
#8674= IFCDIRECTION((0.,1.,-0.));
#8675= IFCDIRECTION((-1.,0.,0.));
#8676= IFCDIRECTION((0.,0.,1.));
#8677= IFCCARTESIANPOINT((11959.999999999969077,-7480.00000000001819,190.));
#8678= IFCCARTESIANTRANSFORMATIONOPERATOR3D(#8674,#8675,#8677,1.,#8676);
#8679= IFCMAPPEDITEM(#8673,#8678);
#8680= IFCSHAPEREPRESENTATION(#41,'Body','MappedRepresentation',(#8679));
#8681= IFCSHAPEREPRESENTATION(#41,'Body','MappedRepresentation',(#8679));
#8682= IFCSHAPEASPECT((#8680),'Gross material layer',$,.U.,#8683);
#8683= IFCPRODUCTDEFINITIONSHAPE($,$,(#8681));
#8684= IFCSTYLEDITEM(#8679,(#8550),$);
#8685= IFCSLAB('0BJwbJHyf1vf8OtPfpZmuQ',$,'\X2\041F043504400435043A0440044B044204380435\X0\: 450,00 \X2\043C043C\X0\',$,$,#8690,#8730,$,.FLOOR.);
#8686= IFCCARTESIANPOINT((10240.000000000001819,7299.999999999961801,-450.));
#8687= IFCDIRECTION((0.,0.,1.));
#8688= IFCDIRECTION((1.,0.,0.));
#8689= IFCAXIS2PLACEMENT3D(#8686,#8687,#8688);
#8690= IFCLOCALPLACEMENT(#51,#8689);
#8691= IFCPOLYLOOP((#8692,#8693,#8694,#8695));
#8692= IFCCARTESIANPOINT((10240.000000000001819,7299.999999999961801,-450.));
#8693= IFCCARTESIANPOINT((13100.000000000025466,7299.999999999961801,-450.));
#8694= IFCCARTESIANPOINT((13100.000000000025466,1159.999999999990905,-450.));
#8695= IFCCARTESIANPOINT((10240.000000000001819,1159.999999999990905,-450.));
#8696= IFCFACEOUTERBOUND(#8691,.T.);
#8697= IFCFACE((#8696));
#8698= IFCPOLYLOOP((#8693,#8692,#1558,#1506));
#8699= IFCFACEOUTERBOUND(#8698,.T.);
#8700= IFCFACE((#8699));
#8701= IFCPOLYLOOP((#8694,#8693,#1506,#1342));
#8702= IFCFACEOUTERBOUND(#8701,.T.);
#8703= IFCFACE((#8702));
#8704= IFCPOLYLOOP((#8695,#8694,#1342,#1142));
#8705= IFCFACEOUTERBOUND(#8704,.T.);
#8706= IFCFACE((#8705));
#8707= IFCPOLYLOOP((#8692,#8695,#1142,#1558));
#8708= IFCFACEOUTERBOUND(#8707,.T.);
#8709= IFCFACE((#8708));
#8710= IFCPOLYLOOP((#1558,#1142,#1342,#1506));
#8711= IFCFACEOUTERBOUND(#8710,.T.);
#8712= IFCFACE((#8711));
#8713= IFCCLOSEDSHELL((#8697,#8700,#8703,#8706,#8709,#8712));
#8714= IFCFACETEDBREP(#8713);
#8715= IFCSHAPEREPRESENTATION(#41,'Body','Brep',(#8714));
#8716= IFCCARTESIANPOINT((0.,0.,0.));
#8717= IFCDIRECTION((0.,0.,1.));
#8718= IFCDIRECTION((1.,0.,0.));
#8719= IFCAXIS2PLACEMENT3D(#8716,#8717,#8718);
#8720= IFCREPRESENTATIONMAP(#8719,#8715);
#8721= IFCDIRECTION((1.,0.,0.));
#8722= IFCDIRECTION((0.,1.,0.));
#8723= IFCDIRECTION((0.,0.,1.));
#8724= IFCCARTESIANPOINT((-10240.000000000001819,-7299.999999999961801,450.));
#8725= IFCCARTESIANTRANSFORMATIONOPERATOR3D(#8721,#8722,#8724,1.,#8723);
#8726= IFCMAPPEDITEM(#8720,#8725);
#8727= IFCSHAPEREPRESENTATION(#41,'Body','MappedRepresentation',(#8726));
#8728= IFCSHAPEREPRESENTATION(#41,'Body','MappedRepresentation',(#8726));
#8729= IFCSHAPEASPECT((#8727),'Gross material layer',$,.U.,#8730);
#8730= IFCPRODUCTDEFINITIONSHAPE($,$,(#8728));
#8731= IFCSTYLEDITEM(#8726,(#4291),$);
#8732= IFCMATERIALCONSTITUENT('\X2\0421043B043E0439\X0\ 1 - BWS_\X2\041104350442043E043D\X0\: 450,00 \X2\043C043C\X0\',$,#4293,$,$);
#8733= IFCMATERIALCONSTITUENTSET('BWS_\X2\041104350442043E043D\X0\ (2)',$,(#8732));
#8734= IFCRELASSOCIATESMATERIAL('3GMPvmf654xenaSd7KD88k',$,$,$,(#8685,#8735,#8784),#8733);
#8735= IFCSLAB('1iCKB40n94hAPBOZbLTIE5',$,'\X2\041F043504400435043A0440044B044204380435\X0\: 450,00 \X2\043C043C\X0\',$,$,#8740,#8782,$,.FLOOR.);
#8736= IFCCARTESIANPOINT((10240.000000000876753,10309.999999998095518,-450.));
#8737= IFCDIRECTION((0.,-0.,1.));
#8738= IFCDIRECTION((-0.000000000001819,1.,0.));
#8739= IFCAXIS2PLACEMENT3D(#8736,#8737,#8738);
#8740= IFCLOCALPLACEMENT(#51,#8739);
#8741= IFCPOLYLOOP((#8742,#8743,#8744,#8745));
#8742= IFCCARTESIANPOINT((10240.000000000876753,10309.999999998095518,-450.));
#8743= IFCCARTESIANPOINT((10239.999999999123247,11809.999999998093699,-450.));
#8744= IFCCARTESIANPOINT((11139.999999999123247,11810.00000000185355,-450.));
#8745= IFCCARTESIANPOINT((11140.000000000876753,10310.000000001855369,-450.));
#8746= IFCFACEOUTERBOUND(#8741,.T.);
#8747= IFCFACE((#8746));
#8748= IFCPOLYLOOP((#8743,#8742,#1610,#1883));
#8749= IFCFACEOUTERBOUND(#8748,.T.);
#8750= IFCFACE((#8749));
#8751= IFCPOLYLOOP((#8744,#8743,#1883,#8752));
#8752= IFCCARTESIANPOINT((11139.999999999123247,11810.00000000185355,0.));
#8753= IFCFACEOUTERBOUND(#8751,.T.);
#8754= IFCFACE((#8753));
#8755= IFCPOLYLOOP((#8745,#8744,#8752,#8756));
#8756= IFCCARTESIANPOINT((11140.000000000876753,10310.000000001855369,0.));
#8757= IFCFACEOUTERBOUND(#8755,.T.);
#8758= IFCFACE((#8757));
#8759= IFCPOLYLOOP((#8742,#8745,#8756,#1610));
#8760= IFCFACEOUTERBOUND(#8759,.T.);
#8761= IFCFACE((#8760));
#8762= IFCPOLYLOOP((#1610,#8756,#8752,#1883));
#8763= IFCFACEOUTERBOUND(#8762,.T.);
#8764= IFCFACE((#8763));
#8765= IFCCLOSEDSHELL((#8747,#8750,#8754,#8758,#8761,#8764));
#8766= IFCFACETEDBREP(#8765);
#8767= IFCSHAPEREPRESENTATION(#41,'Body','Brep',(#8766));
#8768= IFCCARTESIANPOINT((0.,0.,0.));
#8769= IFCDIRECTION((0.,0.,1.));
#8770= IFCDIRECTION((1.,0.,0.));
#8771= IFCAXIS2PLACEMENT3D(#8768,#8769,#8770);
#8772= IFCREPRESENTATIONMAP(#8771,#8767);
#8773= IFCDIRECTION((-0.000000000001819,-1.,0.));
#8774= IFCDIRECTION((1.,-0.000000000001819,-0.));
#8775= IFCDIRECTION((0.,0.,1.));
#8776= IFCCARTESIANPOINT((-10309.999999979469067,10240.000000019630534,450.));
#8777= IFCCARTESIANTRANSFORMATIONOPERATOR3D(#8773,#8774,#8776,1.,#8775);
#8778= IFCMAPPEDITEM(#8772,#8777);
#8779= IFCSHAPEREPRESENTATION(#41,'Body','MappedRepresentation',(#8778));
#8780= IFCSHAPEREPRESENTATION(#41,'Body','MappedRepresentation',(#8778));
#8781= IFCSHAPEASPECT((#8779),'Gross material layer',$,.U.,#8782);
#8782= IFCPRODUCTDEFINITIONSHAPE($,$,(#8780));
#8783= IFCSTYLEDITEM(#8778,(#4291),$);
#8784= IFCSLAB('0z6rjtfRvBdvcbEtstDg2B',$,'\X2\041F043504400435043A0440044B044204380435\X0\: 450,00 \X2\043C043C\X0\',$,$,#8789,#8831,$,.FLOOR.);
#8785= IFCCARTESIANPOINT((-240.000000000853106,8960.000000001884473,-450.));
#8786= IFCDIRECTION((-0.,0.,1.));
#8787= IFCDIRECTION((0.00000000000054,-1.,0.));
#8788= IFCAXIS2PLACEMENT3D(#8785,#8786,#8787);
#8789= IFCLOCALPLACEMENT(#51,#8788);
#8790= IFCPOLYLOOP((#8791,#2218,#8792,#8793));
#8791= IFCCARTESIANPOINT((-240.000000000853106,8960.000000001884473,-450.));
#8792= IFCCARTESIANPOINT((-1689.999999999111424,5659.999999998120984,-450.));
#8793= IFCCARTESIANPOINT((-1690.000000000865839,8959.999999998124622,-450.));
#8794= IFCFACEOUTERBOUND(#8790,.T.);
#8795= IFCFACE((#8794));
#8796= IFCPOLYLOOP((#2218,#8791,#1984,#8797));
#8797= IFCCARTESIANPOINT((-239.999999999098691,5660.000000001880835,0.));
#8798= IFCFACEOUTERBOUND(#8796,.T.);
#8799= IFCFACE((#8798));
#8800= IFCPOLYLOOP((#8792,#2218,#8797,#8801));
#8801= IFCCARTESIANPOINT((-1689.999999999111424,5659.999999998120984,0.));
#8802= IFCFACEOUTERBOUND(#8800,.T.);
#8803= IFCFACE((#8802));
#8804= IFCPOLYLOOP((#8793,#8792,#8801,#8805));
#8805= IFCCARTESIANPOINT((-1690.000000000865839,8959.999999998124622,0.));
#8806= IFCFACEOUTERBOUND(#8804,.T.);
#8807= IFCFACE((#8806));
#8808= IFCPOLYLOOP((#8791,#8793,#8805,#1984));
#8809= IFCFACEOUTERBOUND(#8808,.T.);
#8810= IFCFACE((#8809));
#8811= IFCPOLYLOOP((#1984,#8805,#8801,#8797));
#8812= IFCFACEOUTERBOUND(#8811,.T.);
#8813= IFCFACE((#8812));
#8814= IFCCLOSEDSHELL((#8795,#8799,#8803,#8807,#8810,#8813));
#8815= IFCFACETEDBREP(#8814);
#8816= IFCSHAPEREPRESENTATION(#41,'Body','Brep',(#8815));
#8817= IFCCARTESIANPOINT((0.,0.,0.));
#8818= IFCDIRECTION((0.,0.,1.));
#8819= IFCDIRECTION((1.,0.,0.));
#8820= IFCAXIS2PLACEMENT3D(#8817,#8818,#8819);
#8821= IFCREPRESENTATIONMAP(#8820,#8816);
#8822= IFCDIRECTION((0.00000000000054,1.,-0.));
#8823= IFCDIRECTION((-1.,0.00000000000054,0.));
#8824= IFCDIRECTION((0.,0.,1.));
#8825= IFCCARTESIANPOINT((8960.000000002013621,239.999999996014594,450.));
#8826= IFCCARTESIANTRANSFORMATIONOPERATOR3D(#8822,#8823,#8825,1.,#8824);
#8827= IFCMAPPEDITEM(#8821,#8826);
#8828= IFCSHAPEREPRESENTATION(#41,'Body','MappedRepresentation',(#8827));
#8829= IFCSHAPEREPRESENTATION(#41,'Body','MappedRepresentation',(#8827));
#8830= IFCSHAPEASPECT((#8828),'Gross material layer',$,.U.,#8831);
#8831= IFCPRODUCTDEFINITIONSHAPE($,$,(#8829));
#8832= IFCSTYLEDITEM(#8827,(#4291),$);
#8833= IFCSTAIRFLIGHT('2cS8kYztH5Le24wCWjzae4',$,'\X2\041B043504410442043D043804460430\X0\: 3 \X2\04480442\X0\ x 516,67 \X2\043C043C\X0\ x 150,00 \X2\043C043C\X0\',$,$,#8838,#8900,$,$,$,$,$,.NOTDEFINED.);
#8834= IFCCARTESIANPOINT((11670.000000000014552,-390.000000000038426,-450.));
#8835= IFCDIRECTION((0.,0.,1.));
#8836= IFCDIRECTION((1.,0.,0.));
#8837= IFCAXIS2PLACEMENT3D(#8834,#8835,#8836);
#8838= IFCLOCALPLACEMENT(#51,#8837);
#8839= IFCPOLYLOOP((#8840,#8841,#8842,#8843,#8844,#8845,#8846,#8847));
#8840= IFCCARTESIANPOINT((1430.,0.,0.));
#8841= IFCCARTESIANPOINT((1430.,1550.000000000029104,0.));
#8842= IFCCARTESIANPOINT((1430.,1550.000000000029104,450.));
#8843= IFCCARTESIANPOINT((1430.,1033.333333333352812,450.));
#8844= IFCCARTESIANPOINT((1430.,1033.333333333352584,300.));
#8845= IFCCARTESIANPOINT((1430.,516.666666666676406,300.));
#8846= IFCCARTESIANPOINT((1430.,516.666666666676292,150.));
#8847= IFCCARTESIANPOINT((1430.,0.,150.));
#8848= IFCFACEOUTERBOUND(#8839,.T.);
#8849= IFCFACE((#8848));
#8850= IFCPOLYLOOP((#8851,#8852,#8853,#8854,#8855,#8856,#8857,#8858));
#8851= IFCCARTESIANPOINT((-1430.,0.,0.));
#8852= IFCCARTESIANPOINT((-1430.,0.,150.));
#8853= IFCCARTESIANPOINT((-1430.,516.666666666676292,150.));
#8854= IFCCARTESIANPOINT((-1430.,516.666666666676406,300.));
#8855= IFCCARTESIANPOINT((-1430.,1033.333333333352584,300.));
#8856= IFCCARTESIANPOINT((-1430.,1033.333333333352812,450.));
#8857= IFCCARTESIANPOINT((-1430.,1550.000000000029104,450.));
#8858= IFCCARTESIANPOINT((-1430.,1550.000000000029104,0.));
#8859= IFCFACEOUTERBOUND(#8850,.T.);
#8860= IFCFACE((#8859));
#8861= IFCPOLYLOOP((#8851,#8858,#8841,#8840));
#8862= IFCFACEOUTERBOUND(#8861,.T.);
#8863= IFCFACE((#8862));
#8864= IFCPOLYLOOP((#8844,#8855,#8854,#8845));
#8865= IFCFACEOUTERBOUND(#8864,.T.);
#8866= IFCFACE((#8865));
#8867= IFCPOLYLOOP((#8855,#8844,#8843,#8856));
#8868= IFCFACEOUTERBOUND(#8867,.T.);
#8869= IFCFACE((#8868));
#8870= IFCPOLYLOOP((#8841,#8858,#8857,#8842));
#8871= IFCFACEOUTERBOUND(#8870,.T.);
#8872= IFCFACE((#8871));
#8873= IFCPOLYLOOP((#8856,#8843,#8842,#8857));
#8874= IFCFACEOUTERBOUND(#8873,.T.);
#8875= IFCFACE((#8874));
#8876= IFCPOLYLOOP((#8853,#8846,#8845,#8854));
#8877= IFCFACEOUTERBOUND(#8876,.T.);
#8878= IFCFACE((#8877));
#8879= IFCPOLYLOOP((#8846,#8853,#8852,#8847));
#8880= IFCFACEOUTERBOUND(#8879,.T.);
#8881= IFCFACE((#8880));
#8882= IFCPOLYLOOP((#8851,#8840,#8847,#8852));
#8883= IFCFACEOUTERBOUND(#8882,.T.);
#8884= IFCFACE((#8883));
#8885= IFCCLOSEDSHELL((#8849,#8860,#8863,#8866,#8869,#8872,#8875,#8878,#8881,#8884));
#8886= IFCFACETEDBREP(#8885);
#8887= IFCSHAPEREPRESENTATION(#41,'Body','Brep',(#8886));
#8888= IFCCARTESIANPOINT((0.,0.,0.));
#8889= IFCDIRECTION((0.,0.,1.));
#8890= IFCDIRECTION((1.,0.,0.));
#8891= IFCAXIS2PLACEMENT3D(#8888,#8889,#8890);
#8892= IFCREPRESENTATIONMAP(#8891,#8887);
#8893= IFCDIRECTION((1.,0.,0.));
#8894= IFCDIRECTION((0.,1.,0.));
#8895= IFCDIRECTION((0.,0.,1.));
#8896= IFCCARTESIANPOINT((0.,0.,0.));
#8897= IFCCARTESIANTRANSFORMATIONOPERATOR3D(#8893,#8894,#8896,1.,#8895);
#8898= IFCMAPPEDITEM(#8892,#8897);
#8899= IFCSHAPEREPRESENTATION(#41,'Body','MappedRepresentation',(#8898));
#8900= IFCPRODUCTDEFINITIONSHAPE($,$,(#8899));
#8901= IFCRELASSOCIATESMATERIAL('3GNxMcWa16DgrrTkYtHT$L',$,$,$,(#8833,#8902,#8970,#9093,#9107),#4293);
#8902= IFCSTAIRFLIGHT('1DtWwigL95KulxHq15Rmkw',$,'\X2\041B043504410442043D043804460430\X0\: 3 \X2\04480442\X0\ x 287,75 \X2\043C043C\X0\ x 150,00 \X2\043C043C\X0\',$,$,#8907,#8969,$,$,$,$,$,.NOTDEFINED.);
#8903= IFCCARTESIANPOINT((12003.238025038564956,11060.000000001855369,-450.));
#8904= IFCDIRECTION((0.,0.,1.));
#8905= IFCDIRECTION((-0.000000000000613,1.,0.));
#8906= IFCAXIS2PLACEMENT3D(#8903,#8904,#8905);
#8907= IFCLOCALPLACEMENT(#51,#8906);
#8908= IFCPOLYLOOP((#8909,#8910,#8911,#8912,#8913,#8914,#8915,#8916));
#8909= IFCCARTESIANPOINT((749.999999999472493,686.761974960129123,0.));
#8910= IFCCARTESIANPOINT((750.,1549.999999999571173,0.));
#8911= IFCCARTESIANPOINT((750.,1549.999999999571173,450.));
#8912= IFCCARTESIANPOINT((749.999999999824126,1262.253991653090452,450.));
#8913= IFCCARTESIANPOINT((749.999999999824126,1262.253991653090452,300.));
#8914= IFCCARTESIANPOINT((749.999999999648367,974.507983306609731,300.));
#8915= IFCCARTESIANPOINT((749.999999999648253,974.507983306609731,150.));
#8916= IFCCARTESIANPOINT((749.999999999472493,686.761974960129123,150.));
#8917= IFCFACEOUTERBOUND(#8908,.T.);
#8918= IFCFACE((#8917));
#8919= IFCPOLYLOOP((#8920,#8921,#8922,#8923,#8924,#8925,#8926,#8927));
#8920= IFCCARTESIANPOINT((-750.000000000527507,686.761974961045667,0.));
#8921= IFCCARTESIANPOINT((-750.000000000527507,686.761974961045667,150.));
#8922= IFCCARTESIANPOINT((-750.000000000351633,974.507983307526274,150.));
#8923= IFCCARTESIANPOINT((-750.000000000351633,974.507983307526274,300.));
#8924= IFCCARTESIANPOINT((-750.00000000017576,1262.253991654006995,300.));
#8925= IFCCARTESIANPOINT((-750.000000000175874,1262.253991654007223,450.));
#8926= IFCCARTESIANPOINT((-750.,1550.000000000487717,450.));
#8927= IFCCARTESIANPOINT((-750.,1550.000000000487717,0.));
#8928= IFCFACEOUTERBOUND(#8919,.T.);
#8929= IFCFACE((#8928));
#8930= IFCPOLYLOOP((#8920,#8927,#8910,#8909));
#8931= IFCFACEOUTERBOUND(#8930,.T.);
#8932= IFCFACE((#8931));
#8933= IFCPOLYLOOP((#8913,#8924,#8923,#8914));
#8934= IFCFACEOUTERBOUND(#8933,.T.);
#8935= IFCFACE((#8934));
#8936= IFCPOLYLOOP((#8924,#8913,#8912,#8925));
#8937= IFCFACEOUTERBOUND(#8936,.T.);
#8938= IFCFACE((#8937));
#8939= IFCPOLYLOOP((#8910,#8927,#8926,#8911));
#8940= IFCFACEOUTERBOUND(#8939,.T.);
#8941= IFCFACE((#8940));
#8942= IFCPOLYLOOP((#8925,#8912,#8911,#8926));
#8943= IFCFACEOUTERBOUND(#8942,.T.);
#8944= IFCFACE((#8943));
#8945= IFCPOLYLOOP((#8922,#8915,#8914,#8923));
#8946= IFCFACEOUTERBOUND(#8945,.T.);
#8947= IFCFACE((#8946));
#8948= IFCPOLYLOOP((#8915,#8922,#8921,#8916));
#8949= IFCFACEOUTERBOUND(#8948,.T.);
#8950= IFCFACE((#8949));
#8951= IFCPOLYLOOP((#8920,#8909,#8916,#8921));
#8952= IFCFACEOUTERBOUND(#8951,.T.);
#8953= IFCFACE((#8952));
#8954= IFCCLOSEDSHELL((#8918,#8929,#8932,#8935,#8938,#8941,#8944,#8947,#8950,#8953));
#8955= IFCFACETEDBREP(#8954);
#8956= IFCSHAPEREPRESENTATION(#41,'Body','Brep',(#8955));
#8957= IFCCARTESIANPOINT((0.,0.,0.));
#8958= IFCDIRECTION((0.,0.,1.));
#8959= IFCDIRECTION((1.,0.,0.));
#8960= IFCAXIS2PLACEMENT3D(#8957,#8958,#8959);
#8961= IFCREPRESENTATIONMAP(#8960,#8956);
#8962= IFCDIRECTION((1.,0.,0.));
#8963= IFCDIRECTION((0.,1.,0.));
#8964= IFCDIRECTION((0.,0.,1.));
#8965= IFCCARTESIANPOINT((0.000000000527507,-686.761974960587395,0.));
#8966= IFCCARTESIANTRANSFORMATIONOPERATOR3D(#8962,#8963,#8965,1.,#8964);
#8967= IFCMAPPEDITEM(#8961,#8966);
#8968= IFCSHAPEREPRESENTATION(#41,'Body','MappedRepresentation',(#8967));
#8969= IFCPRODUCTDEFINITIONSHAPE($,$,(#8968));
#8970= IFCSTAIRFLIGHT('39A$HZ_vD0mhva5Df4Bo7$',$,'\X2\041B043504410442043D043804460430\X0\: 8 \X2\04480442\X0\ x 287,50 \X2\043C043C\X0\ x 200,00 \X2\043C043C\X0\',$,$,#8975,#9092,$,$,$,$,$,.NOTDEFINED.);
#8971= IFCCARTESIANPOINT((6460.00000000001819,7104.999999999974534,0.));
#8972= IFCDIRECTION((0.,0.,1.));
#8973= IFCDIRECTION((1.,0.,0.));
#8974= IFCAXIS2PLACEMENT3D(#8971,#8972,#8973);
#8975= IFCLOCALPLACEMENT(#51,#8974);
#8976= IFCPOLYLOOP((#8977,#8978,#8979,#8980));
#8977= IFCCARTESIANPOINT((2299.999999999990905,-495.,1478.183254555461417));
#8978= IFCCARTESIANPOINT((2299.999999999990905,495.,1478.183254555461644));
#8979= IFCCARTESIANPOINT((2299.999999999990905,495.,1600.));
#8980= IFCCARTESIANPOINT((2299.999999999990905,-495.,1600.));
#8981= IFCFACEOUTERBOUND(#8976,.T.);
#8982= IFCFACE((#8981));
#8983= IFCPOLYLOOP((#8984,#8985,#8986,#8987));
#8984= IFCCARTESIANPOINT((175.111571576523204,495.,0.));
#8985= IFCCARTESIANPOINT((175.11157157652346,-495.,0.));
#8986= IFCCARTESIANPOINT((0.,-495.,0.));
#8987= IFCCARTESIANPOINT((0.,495.,0.));
#8988= IFCFACEOUTERBOUND(#8983,.T.);
#8989= IFCFACE((#8988));
#8990= IFCPOLYLOOP((#8978,#8984,#8987,#8991,#8992,#8993,#8994,#8995,#8996,#8997,#8998,#8999,#9000,#9001,#9002,#9003,#9004,#9005,#8979));
#8991= IFCCARTESIANPOINT((0.,495.,200.));
#8992= IFCCARTESIANPOINT((287.499999999998863,495.,200.));
#8993= IFCCARTESIANPOINT((287.499999999998863,495.,400.));
#8994= IFCCARTESIANPOINT((574.999999999997726,495.,400.));
#8995= IFCCARTESIANPOINT((574.999999999997726,495.,600.));
#8996= IFCCARTESIANPOINT((862.499999999996589,495.,600.));
#8997= IFCCARTESIANPOINT((862.499999999996589,495.,800.));
#8998= IFCCARTESIANPOINT((1149.999999999995453,495.,800.));
#8999= IFCCARTESIANPOINT((1149.999999999995453,495.,1000.));
#9000= IFCCARTESIANPOINT((1437.499999999994088,495.,1000.));
#9001= IFCCARTESIANPOINT((1437.499999999994316,495.,1200.));
#9002= IFCCARTESIANPOINT((1724.999999999993179,495.,1200.));
#9003= IFCCARTESIANPOINT((1724.999999999993179,495.,1400.));
#9004= IFCCARTESIANPOINT((2012.499999999992042,495.,1400.));
#9005= IFCCARTESIANPOINT((2012.499999999992042,495.,1600.));
#9006= IFCFACEOUTERBOUND(#8990,.T.);
#9007= IFCFACE((#9006));
#9008= IFCPOLYLOOP((#8985,#8977,#8980,#9009,#9010,#9011,#9012,#9013,#9014,#9015,#9016,#9017,#9018,#9019,#9020,#9021,#9022,#9023,#8986));
#9009= IFCCARTESIANPOINT((2012.499999999992042,-495.,1600.));
#9010= IFCCARTESIANPOINT((2012.499999999992042,-495.,1400.));
#9011= IFCCARTESIANPOINT((1724.999999999993179,-495.,1400.));
#9012= IFCCARTESIANPOINT((1724.999999999993179,-495.,1200.));
#9013= IFCCARTESIANPOINT((1437.499999999994316,-495.,1200.));
#9014= IFCCARTESIANPOINT((1437.499999999994088,-495.,1000.));
#9015= IFCCARTESIANPOINT((1149.999999999995453,-495.,1000.));
#9016= IFCCARTESIANPOINT((1149.999999999995453,-495.,800.));
#9017= IFCCARTESIANPOINT((862.499999999996589,-495.,800.));
#9018= IFCCARTESIANPOINT((862.499999999996589,-495.,600.));
#9019= IFCCARTESIANPOINT((574.999999999997726,-495.,600.));
#9020= IFCCARTESIANPOINT((574.999999999997726,-495.,400.));
#9021= IFCCARTESIANPOINT((287.499999999998863,-495.,400.));
#9022= IFCCARTESIANPOINT((287.499999999998863,-495.,200.));
#9023= IFCCARTESIANPOINT((0.,-495.,200.));
#9024= IFCFACEOUTERBOUND(#9008,.T.);
#9025= IFCFACE((#9024));
#9026= IFCPOLYLOOP((#8977,#8985,#8984,#8978));
#9027= IFCFACEOUTERBOUND(#9026,.T.);
#9028= IFCFACE((#9027));
#9029= IFCPOLYLOOP((#9005,#9009,#8980,#8979));
#9030= IFCFACEOUTERBOUND(#9029,.T.);
#9031= IFCFACE((#9030));
#9032= IFCPOLYLOOP((#8987,#8986,#9023,#8991));
#9033= IFCFACEOUTERBOUND(#9032,.T.);
#9034= IFCFACE((#9033));
#9035= IFCPOLYLOOP((#9022,#8992,#8991,#9023));
#9036= IFCFACEOUTERBOUND(#9035,.T.);
#9037= IFCFACE((#9036));
#9038= IFCPOLYLOOP((#8992,#9022,#9021,#8993));
#9039= IFCFACEOUTERBOUND(#9038,.T.);
#9040= IFCFACE((#9039));
#9041= IFCPOLYLOOP((#9020,#8994,#8993,#9021));
#9042= IFCFACEOUTERBOUND(#9041,.T.);
#9043= IFCFACE((#9042));
#9044= IFCPOLYLOOP((#8994,#9020,#9019,#8995));
#9045= IFCFACEOUTERBOUND(#9044,.T.);
#9046= IFCFACE((#9045));
#9047= IFCPOLYLOOP((#9018,#8996,#8995,#9019));
#9048= IFCFACEOUTERBOUND(#9047,.T.);
#9049= IFCFACE((#9048));
#9050= IFCPOLYLOOP((#8996,#9018,#9017,#8997));
#9051= IFCFACEOUTERBOUND(#9050,.T.);
#9052= IFCFACE((#9051));
#9053= IFCPOLYLOOP((#9016,#8998,#8997,#9017));
#9054= IFCFACEOUTERBOUND(#9053,.T.);
#9055= IFCFACE((#9054));
#9056= IFCPOLYLOOP((#8998,#9016,#9015,#8999));
#9057= IFCFACEOUTERBOUND(#9056,.T.);
#9058= IFCFACE((#9057));
#9059= IFCPOLYLOOP((#9014,#9000,#8999,#9015));
#9060= IFCFACEOUTERBOUND(#9059,.T.);
#9061= IFCFACE((#9060));
#9062= IFCPOLYLOOP((#9000,#9014,#9013,#9001));
#9063= IFCFACEOUTERBOUND(#9062,.T.);
#9064= IFCFACE((#9063));
#9065= IFCPOLYLOOP((#9012,#9002,#9001,#9013));
#9066= IFCFACEOUTERBOUND(#9065,.T.);
#9067= IFCFACE((#9066));
#9068= IFCPOLYLOOP((#9002,#9012,#9011,#9003));
#9069= IFCFACEOUTERBOUND(#9068,.T.);
#9070= IFCFACE((#9069));
#9071= IFCPOLYLOOP((#9010,#9004,#9003,#9011));
#9072= IFCFACEOUTERBOUND(#9071,.T.);
#9073= IFCFACE((#9072));
#9074= IFCPOLYLOOP((#9004,#9010,#9009,#9005));
#9075= IFCFACEOUTERBOUND(#9074,.T.);
#9076= IFCFACE((#9075));
#9077= IFCCLOSEDSHELL((#8982,#8989,#9007,#9025,#9028,#9031,#9034,#9037,#9040,#9043,#9046,#9049,#9052,#9055,#9058,#9061,#9064,#9067,#9070,#9073,#9076));
#9078= IFCFACETEDBREP(#9077);
#9079= IFCSHAPEREPRESENTATION(#41,'Body','Brep',(#9078));
#9080= IFCCARTESIANPOINT((0.,0.,0.));
#9081= IFCDIRECTION((0.,0.,1.));
#9082= IFCDIRECTION((1.,0.,0.));
#9083= IFCAXIS2PLACEMENT3D(#9080,#9081,#9082);
#9084= IFCREPRESENTATIONMAP(#9083,#9079);
#9085= IFCDIRECTION((1.,-0.,0.));
#9086= IFCDIRECTION((-0.,1.,0.));
#9087= IFCDIRECTION((-0.,-0.,1.));
#9088= IFCCARTESIANPOINT((0.,0.,0.));
#9089= IFCCARTESIANTRANSFORMATIONOPERATOR3D(#9085,#9086,#9088,1.,#9087);
#9090= IFCMAPPEDITEM(#9084,#9089);
#9091= IFCSHAPEREPRESENTATION(#41,'Body','MappedRepresentation',(#9090));
#9092= IFCPRODUCTDEFINITIONSHAPE($,$,(#9091));
#9093= IFCSTAIRFLIGHT('3OspL3Vmz9VxHoRuc6CwjK',$,'\X2\041B043504410442043D043804460430\X0\: 8 \X2\04480442\X0\ x 287,50 \X2\043C043C\X0\ x 200,00 \X2\043C043C\X0\',$,$,#9098,#9106,$,$,$,$,$,.NOTDEFINED.);
#9094= IFCCARTESIANPOINT((8757.360875016313003,8082.716379453188893,1600.));
#9095= IFCDIRECTION((0.,0.,1.));
#9096= IFCDIRECTION((-0.999985721919207,0.005343777476867,0.));
#9097= IFCAXIS2PLACEMENT3D(#9094,#9095,#9096);
#9098= IFCLOCALPLACEMENT(#51,#9097);
#9099= IFCDIRECTION((1.,-0.,0.));
#9100= IFCDIRECTION((-0.,1.,0.));
#9101= IFCDIRECTION((-0.,-0.,1.));
#9102= IFCCARTESIANPOINT((0.,0.,0.));
#9103= IFCCARTESIANTRANSFORMATIONOPERATOR3D(#9099,#9100,#9102,1.,#9101);
#9104= IFCMAPPEDITEM(#9084,#9103);
#9105= IFCSHAPEREPRESENTATION(#41,'Body','MappedRepresentation',(#9104));
#9106= IFCPRODUCTDEFINITIONSHAPE($,$,(#9105));
#9107= IFCSTAIRFLIGHT('2$4WBjWYn4yO7$wBGUy9gB',$,'\X2\041B043504410442043D043804460430\X0\: 3 \X2\04480442\X0\ x 287,75 \X2\043C043C\X0\ x 150,00 \X2\043C043C\X0\',$,$,#9112,#9174,$,$,$,$,$,.NOTDEFINED.);
#9108= IFCCARTESIANPOINT((-2553.23802503943989,7310.000000000005457,-450.));
#9109= IFCDIRECTION((0.,0.,1.));
#9110= IFCDIRECTION((0.000000000000613,-1.,0.));
#9111= IFCAXIS2PLACEMENT3D(#9108,#9109,#9110);
#9112= IFCLOCALPLACEMENT(#51,#9111);
#9113= IFCPOLYLOOP((#9114,#9115,#9116,#9117,#9118,#9119,#9120,#9121));
#9114= IFCCARTESIANPOINT((1649.999999999472493,686.761974959579106,0.));
#9115= IFCCARTESIANPOINT((1650.,1549.999999999021384,0.));
#9116= IFCCARTESIANPOINT((1650.,1549.999999999021384,450.));
#9117= IFCCARTESIANPOINT((1649.99999999982424,1262.253991652540662,450.));
#9118= IFCCARTESIANPOINT((1649.999999999824013,1262.253991652540662,300.));
#9119= IFCCARTESIANPOINT((1649.999999999648253,974.507983306059828,300.));
#9120= IFCCARTESIANPOINT((1649.999999999648026,974.507983306059714,150.));
#9121= IFCCARTESIANPOINT((1649.999999999472493,686.761974959579106,150.));
#9122= IFCFACEOUTERBOUND(#9113,.T.);
#9123= IFCFACE((#9122));
#9124= IFCPOLYLOOP((#9125,#9126,#9127,#9128,#9129,#9130,#9131,#9132));
#9125= IFCCARTESIANPOINT((-1650.000000000527507,686.761974961595683,0.));
#9126= IFCCARTESIANPOINT((-1650.000000000527507,686.761974961595683,150.));
#9127= IFCCARTESIANPOINT((-1650.00000000035152,974.507983308076291,150.));
#9128= IFCCARTESIANPOINT((-1650.000000000351747,974.507983308076405,300.));
#9129= IFCCARTESIANPOINT((-1650.00000000017576,1262.253991654557012,300.));
#9130= IFCCARTESIANPOINT((-1650.00000000017576,1262.253991654557012,450.));
#9131= IFCCARTESIANPOINT((-1650.,1550.000000001037733,450.));
#9132= IFCCARTESIANPOINT((-1650.,1550.000000001037733,0.));
#9133= IFCFACEOUTERBOUND(#9124,.T.);
#9134= IFCFACE((#9133));
#9135= IFCPOLYLOOP((#9125,#9132,#9115,#9114));
#9136= IFCFACEOUTERBOUND(#9135,.T.);
#9137= IFCFACE((#9136));
#9138= IFCPOLYLOOP((#9118,#9129,#9128,#9119));
#9139= IFCFACEOUTERBOUND(#9138,.T.);
#9140= IFCFACE((#9139));
#9141= IFCPOLYLOOP((#9129,#9118,#9117,#9130));
#9142= IFCFACEOUTERBOUND(#9141,.T.);
#9143= IFCFACE((#9142));
#9144= IFCPOLYLOOP((#9115,#9132,#9131,#9116));
#9145= IFCFACEOUTERBOUND(#9144,.T.);
#9146= IFCFACE((#9145));
#9147= IFCPOLYLOOP((#9130,#9117,#9116,#9131));
#9148= IFCFACEOUTERBOUND(#9147,.T.);
#9149= IFCFACE((#9148));
#9150= IFCPOLYLOOP((#9127,#9120,#9119,#9128));
#9151= IFCFACEOUTERBOUND(#9150,.T.);
#9152= IFCFACE((#9151));
#9153= IFCPOLYLOOP((#9120,#9127,#9126,#9121));
#9154= IFCFACEOUTERBOUND(#9153,.T.);
#9155= IFCFACE((#9154));
#9156= IFCPOLYLOOP((#9125,#9114,#9121,#9126));
#9157= IFCFACEOUTERBOUND(#9156,.T.);
#9158= IFCFACE((#9157));
#9159= IFCCLOSEDSHELL((#9123,#9134,#9137,#9140,#9143,#9146,#9149,#9152,#9155,#9158));
#9160= IFCFACETEDBREP(#9159);
#9161= IFCSHAPEREPRESENTATION(#41,'Body','Brep',(#9160));
#9162= IFCCARTESIANPOINT((0.,0.,0.));
#9163= IFCDIRECTION((0.,0.,1.));
#9164= IFCDIRECTION((1.,0.,0.));
#9165= IFCAXIS2PLACEMENT3D(#9162,#9163,#9164);
#9166= IFCREPRESENTATIONMAP(#9165,#9161);
#9167= IFCDIRECTION((1.,0.,0.));
#9168= IFCDIRECTION((0.,1.,0.));
#9169= IFCDIRECTION((0.,0.,1.));
#9170= IFCCARTESIANPOINT((0.000000000527507,-686.761974960587395,0.));
#9171= IFCCARTESIANTRANSFORMATIONOPERATOR3D(#9167,#9168,#9170,1.,#9169);
#9172= IFCMAPPEDITEM(#9166,#9171);
#9173= IFCSHAPEREPRESENTATION(#41,'Body','MappedRepresentation',(#9172));
#9174= IFCPRODUCTDEFINITIONSHAPE($,$,(#9173));
#9175= IFCRAILING('3mtIh2afTFgR1Y$WF2uh8j',$,'\X2\041E043304400430043604340435043D04380435\X0\: 1\X2\00A0\X0\000,00 \X2\043C043C\X0\',$,$,#9180,#9580,$,.GUARDRAIL.);
#9176= IFCCARTESIANPOINT((13050.000000000014552,1259.999999999990678,0.));
#9177= IFCDIRECTION((0.,0.,1.));
#9178= IFCDIRECTION((1.,0.,0.));
#9179= IFCAXIS2PLACEMENT3D(#9176,#9177,#9178);
#9180= IFCLOCALPLACEMENT(#51,#9179);
#9181= IFCPOLYLOOP((#9182,#9183,#9184,#9185));
#9182= IFCCARTESIANPOINT((-35.,5924.544368391212629,950.));
#9183= IFCCARTESIANPOINT((-35.,-2.377326451477302,950.));
#9184= IFCCARTESIANPOINT((-35.,-2.377326451477302,1000.));
#9185= IFCCARTESIANPOINT((-35.,5924.544368391212629,1000.));
#9186= IFCFACEOUTERBOUND(#9181,.T.);
#9187= IFCFACE((#9186));
#9188= IFCPOLYLOOP((#9183,#9189,#9190,#9184));
#9189= IFCCARTESIANPOINT((35.,-2.377326451477302,950.));
#9190= IFCCARTESIANPOINT((35.,-2.377326451477302,1000.));
#9191= IFCFACEOUTERBOUND(#9188,.T.);
#9192= IFCFACE((#9191));
#9193= IFCPOLYLOOP((#9189,#9194,#9195,#9190));
#9194= IFCCARTESIANPOINT((35.,5924.544368391212629,950.));
#9195= IFCCARTESIANPOINT((35.,5924.544368391212629,1000.));
#9196= IFCFACEOUTERBOUND(#9193,.T.);
#9197= IFCFACE((#9196));
#9198= IFCPOLYLOOP((#9194,#9182,#9185,#9195));
#9199= IFCFACEOUTERBOUND(#9198,.T.);
#9200= IFCFACE((#9199));
#9201= IFCPOLYLOOP((#9185,#9184,#9190,#9195));
#9202= IFCFACEOUTERBOUND(#9201,.T.);
#9203= IFCFACE((#9202));
#9204= IFCPOLYLOOP((#9182,#9194,#9189,#9183));
#9205= IFCFACEOUTERBOUND(#9204,.T.);
#9206= IFCFACE((#9205));
#9207= IFCCLOSEDSHELL((#9187,#9192,#9197,#9200,#9203,#9206));
#9208= IFCFACETEDBREP(#9207);
#9209= IFCSHAPEREPRESENTATION(#41,'Body','Brep',(#9208));
#9210= IFCCARTESIANPOINT((0.,0.,0.));
#9211= IFCDIRECTION((0.,0.,1.));
#9212= IFCDIRECTION((1.,0.,0.));
#9213= IFCAXIS2PLACEMENT3D(#9210,#9211,#9212);
#9214= IFCREPRESENTATIONMAP(#9213,#9209);
#9215= IFCDIRECTION((1.,0.,0.));
#9216= IFCDIRECTION((0.,1.,0.));
#9217= IFCDIRECTION((0.,0.,1.));
#9218= IFCCARTESIANPOINT((0.,0.,0.));
#9219= IFCCARTESIANTRANSFORMATIONOPERATOR3D(#9215,#9216,#9218,1.,#9217);
#9220= IFCMAPPEDITEM(#9214,#9219);
#9221= IFCPOLYLOOP((#9222,#9223,#9224,#9225));
#9222= IFCCARTESIANPOINT((20.,177.622673548522698,0.));
#9223= IFCCARTESIANPOINT((-20.,177.622673548522698,0.));
#9224= IFCCARTESIANPOINT((-20.,217.622673548522698,0.));
#9225= IFCCARTESIANPOINT((20.,217.622673548522698,0.));
#9226= IFCFACEOUTERBOUND(#9221,.T.);
#9227= IFCFACE((#9226));
#9228= IFCPOLYLOOP((#9223,#9222,#9229,#9230));
#9229= IFCCARTESIANPOINT((20.,177.622673548522698,950.));
#9230= IFCCARTESIANPOINT((-20.,177.622673548522698,950.));
#9231= IFCFACEOUTERBOUND(#9228,.T.);
#9232= IFCFACE((#9231));
#9233= IFCPOLYLOOP((#9224,#9223,#9230,#9234));
#9234= IFCCARTESIANPOINT((-20.,217.622673548522698,950.));
#9235= IFCFACEOUTERBOUND(#9233,.T.);
#9236= IFCFACE((#9235));
#9237= IFCPOLYLOOP((#9225,#9224,#9234,#9238));
#9238= IFCCARTESIANPOINT((20.,217.622673548522698,950.));
#9239= IFCFACEOUTERBOUND(#9237,.T.);
#9240= IFCFACE((#9239));
#9241= IFCPOLYLOOP((#9222,#9225,#9238,#9229));
#9242= IFCFACEOUTERBOUND(#9241,.T.);
#9243= IFCFACE((#9242));
#9244= IFCPOLYLOOP((#9229,#9238,#9234,#9230));
#9245= IFCFACEOUTERBOUND(#9244,.T.);
#9246= IFCFACE((#9245));
#9247= IFCCLOSEDSHELL((#9227,#9232,#9236,#9240,#9243,#9246));
#9248= IFCFACETEDBREP(#9247);
#9249= IFCPOLYLOOP((#9250,#9251,#9252,#9253));
#9250= IFCCARTESIANPOINT((5.,217.622673548522698,755.));
#9251= IFCCARTESIANPOINT((5.,217.622673548522698,745.));
#9252= IFCCARTESIANPOINT((5.,577.622673548522698,745.));
#9253= IFCCARTESIANPOINT((5.,577.622673548522698,755.));
#9254= IFCFACEOUTERBOUND(#9249,.T.);
#9255= IFCFACE((#9254));
#9256= IFCPOLYLOOP((#9257,#9250,#9253,#9258));
#9257= IFCCARTESIANPOINT((-5.,217.622673548522698,755.));
#9258= IFCCARTESIANPOINT((-5.,577.622673548522698,755.));
#9259= IFCFACEOUTERBOUND(#9256,.T.);
#9260= IFCFACE((#9259));
#9261= IFCPOLYLOOP((#9262,#9257,#9258,#9263));
#9262= IFCCARTESIANPOINT((-5.,217.622673548522698,745.));
#9263= IFCCARTESIANPOINT((-5.,577.622673548522698,745.));
#9264= IFCFACEOUTERBOUND(#9261,.T.);
#9265= IFCFACE((#9264));
#9266= IFCPOLYLOOP((#9251,#9262,#9263,#9252));
#9267= IFCFACEOUTERBOUND(#9266,.T.);
#9268= IFCFACE((#9267));
#9269= IFCPOLYLOOP((#9252,#9263,#9258,#9253));
#9270= IFCFACEOUTERBOUND(#9269,.T.);
#9271= IFCFACE((#9270));
#9272= IFCPOLYLOOP((#9262,#9251,#9250,#9257));
#9273= IFCFACEOUTERBOUND(#9272,.T.);
#9274= IFCFACE((#9273));
#9275= IFCCLOSEDSHELL((#9255,#9260,#9265,#9268,#9271,#9274));
#9276= IFCFACETEDBREP(#9275);
#9277= IFCPOLYLOOP((#9278,#9279,#9280,#9281));
#9278= IFCCARTESIANPOINT((5.,217.622673548522698,555.));
#9279= IFCCARTESIANPOINT((5.,217.622673548522698,545.));
#9280= IFCCARTESIANPOINT((5.,577.622673548522698,545.));
#9281= IFCCARTESIANPOINT((5.,577.622673548522698,555.));
#9282= IFCFACEOUTERBOUND(#9277,.T.);
#9283= IFCFACE((#9282));
#9284= IFCPOLYLOOP((#9285,#9279,#9278,#9286));
#9285= IFCCARTESIANPOINT((-5.,217.622673548522698,545.));
#9286= IFCCARTESIANPOINT((-5.,217.622673548522698,555.));
#9287= IFCFACEOUTERBOUND(#9284,.T.);
#9288= IFCFACE((#9287));
#9289= IFCPOLYLOOP((#9279,#9285,#9290,#9280));
#9290= IFCCARTESIANPOINT((-5.,577.622673548522698,545.));
#9291= IFCFACEOUTERBOUND(#9289,.T.);
#9292= IFCFACE((#9291));
#9293= IFCPOLYLOOP((#9280,#9290,#9294,#9281));
#9294= IFCCARTESIANPOINT((-5.,577.622673548522698,555.));
#9295= IFCFACEOUTERBOUND(#9293,.T.);
#9296= IFCFACE((#9295));
#9297= IFCPOLYLOOP((#9286,#9278,#9281,#9294));
#9298= IFCFACEOUTERBOUND(#9297,.T.);
#9299= IFCFACE((#9298));
#9300= IFCPOLYLOOP((#9285,#9286,#9294,#9290));
#9301= IFCFACEOUTERBOUND(#9300,.T.);
#9302= IFCFACE((#9301));
#9303= IFCCLOSEDSHELL((#9283,#9288,#9292,#9296,#9299,#9302));
#9304= IFCFACETEDBREP(#9303);
#9305= IFCSHAPEREPRESENTATION(#41,'Body','Brep',(#9248,#9276,#9304));
#9306= IFCCARTESIANPOINT((0.,0.,0.));
#9307= IFCDIRECTION((0.,0.,1.));
#9308= IFCDIRECTION((1.,0.,0.));
#9309= IFCAXIS2PLACEMENT3D(#9306,#9307,#9308);
#9310= IFCREPRESENTATIONMAP(#9309,#9305);
#9311= IFCDIRECTION((1.,0.,0.));
#9312= IFCDIRECTION((0.,1.,0.));
#9313= IFCDIRECTION((0.,0.,1.));
#9314= IFCCARTESIANPOINT((0.,0.,0.));
#9315= IFCCARTESIANTRANSFORMATIONOPERATOR3D(#9311,#9312,#9314,1.,#9313);
#9316= IFCMAPPEDITEM(#9310,#9315);
#9317= IFCPOLYLOOP((#9222,#9223,#9224,#9225));
#9318= IFCFACEOUTERBOUND(#9317,.T.);
#9319= IFCFACE((#9318));
#9320= IFCPOLYLOOP((#9223,#9222,#9229,#9230));
#9321= IFCFACEOUTERBOUND(#9320,.T.);
#9322= IFCFACE((#9321));
#9323= IFCPOLYLOOP((#9224,#9223,#9230,#9234));
#9324= IFCFACEOUTERBOUND(#9323,.T.);
#9325= IFCFACE((#9324));
#9326= IFCPOLYLOOP((#9225,#9224,#9234,#9238));
#9327= IFCFACEOUTERBOUND(#9326,.T.);
#9328= IFCFACE((#9327));
#9329= IFCPOLYLOOP((#9222,#9225,#9238,#9229));
#9330= IFCFACEOUTERBOUND(#9329,.T.);
#9331= IFCFACE((#9330));
#9332= IFCPOLYLOOP((#9229,#9238,#9234,#9230));
#9333= IFCFACEOUTERBOUND(#9332,.T.);
#9334= IFCFACE((#9333));
#9335= IFCCLOSEDSHELL((#9319,#9322,#9325,#9328,#9331,#9334));
#9336= IFCFACETEDBREP(#9335);
#9337= IFCPOLYLOOP((#9250,#9251,#9252,#9253));
#9338= IFCFACEOUTERBOUND(#9337,.T.);
#9339= IFCFACE((#9338));
#9340= IFCPOLYLOOP((#9257,#9250,#9253,#9258));
#9341= IFCFACEOUTERBOUND(#9340,.T.);
#9342= IFCFACE((#9341));
#9343= IFCPOLYLOOP((#9262,#9257,#9258,#9263));
#9344= IFCFACEOUTERBOUND(#9343,.T.);
#9345= IFCFACE((#9344));
#9346= IFCPOLYLOOP((#9251,#9262,#9263,#9252));
#9347= IFCFACEOUTERBOUND(#9346,.T.);
#9348= IFCFACE((#9347));
#9349= IFCPOLYLOOP((#9252,#9263,#9258,#9253));
#9350= IFCFACEOUTERBOUND(#9349,.T.);
#9351= IFCFACE((#9350));
#9352= IFCPOLYLOOP((#9262,#9251,#9250,#9257));
#9353= IFCFACEOUTERBOUND(#9352,.T.);
#9354= IFCFACE((#9353));
#9355= IFCCLOSEDSHELL((#9339,#9342,#9345,#9348,#9351,#9354));
#9356= IFCFACETEDBREP(#9355);
#9357= IFCPOLYLOOP((#9278,#9279,#9280,#9281));
#9358= IFCFACEOUTERBOUND(#9357,.T.);
#9359= IFCFACE((#9358));
#9360= IFCPOLYLOOP((#9285,#9279,#9278,#9286));
#9361= IFCFACEOUTERBOUND(#9360,.T.);
#9362= IFCFACE((#9361));
#9363= IFCPOLYLOOP((#9279,#9285,#9290,#9280));
#9364= IFCFACEOUTERBOUND(#9363,.T.);
#9365= IFCFACE((#9364));
#9366= IFCPOLYLOOP((#9280,#9290,#9294,#9281));
#9367= IFCFACEOUTERBOUND(#9366,.T.);
#9368= IFCFACE((#9367));
#9369= IFCPOLYLOOP((#9286,#9278,#9281,#9294));
#9370= IFCFACEOUTERBOUND(#9369,.T.);
#9371= IFCFACE((#9370));
#9372= IFCPOLYLOOP((#9285,#9286,#9294,#9290));
#9373= IFCFACEOUTERBOUND(#9372,.T.);
#9374= IFCFACE((#9373));
#9375= IFCCLOSEDSHELL((#9359,#9362,#9365,#9368,#9371,#9374));
#9376= IFCFACETEDBREP(#9375);
#9377= IFCSHAPEREPRESENTATION(#41,'Body','Brep',(#9336,#9356,#9376));
#9378= IFCCARTESIANPOINT((0.,0.,0.));
#9379= IFCDIRECTION((0.,0.,1.));
#9380= IFCDIRECTION((1.,0.,0.));
#9381= IFCAXIS2PLACEMENT3D(#9378,#9379,#9380);
#9382= IFCREPRESENTATIONMAP(#9381,#9377);
#9383= IFCDIRECTION((1.,0.,0.));
#9384= IFCDIRECTION((0.,1.,0.));
#9385= IFCDIRECTION((0.,0.,1.));
#9386= IFCCARTESIANPOINT((0.,400.,0.));
#9387= IFCCARTESIANTRANSFORMATIONOPERATOR3D(#9383,#9384,#9386,1.,#9385);
#9388= IFCMAPPEDITEM(#9382,#9387);
#9389= IFCDIRECTION((1.,0.,0.));
#9390= IFCDIRECTION((0.,1.,0.));
#9391= IFCDIRECTION((0.,0.,1.));
#9392= IFCCARTESIANPOINT((0.,800.,0.));
#9393= IFCCARTESIANTRANSFORMATIONOPERATOR3D(#9389,#9390,#9392,1.,#9391);
#9394= IFCMAPPEDITEM(#9382,#9393);
#9395= IFCDIRECTION((1.,0.,0.));
#9396= IFCDIRECTION((0.,1.,0.));
#9397= IFCDIRECTION((0.,0.,1.));
#9398= IFCCARTESIANPOINT((0.,1200.,0.));
#9399= IFCCARTESIANTRANSFORMATIONOPERATOR3D(#9395,#9396,#9398,1.,#9397);
#9400= IFCMAPPEDITEM(#9382,#9399);
#9401= IFCDIRECTION((1.,0.,0.));
#9402= IFCDIRECTION((0.,1.,0.));
#9403= IFCDIRECTION((0.,0.,1.));
#9404= IFCCARTESIANPOINT((0.,1600.,0.));
#9405= IFCCARTESIANTRANSFORMATIONOPERATOR3D(#9401,#9402,#9404,1.,#9403);
#9406= IFCMAPPEDITEM(#9382,#9405);
#9407= IFCDIRECTION((1.,0.,0.));
#9408= IFCDIRECTION((0.,1.,0.));
#9409= IFCDIRECTION((0.,0.,1.));
#9410= IFCCARTESIANPOINT((0.,1999.999999999999773,0.));
#9411= IFCCARTESIANTRANSFORMATIONOPERATOR3D(#9407,#9408,#9410,1.,#9409);
#9412= IFCMAPPEDITEM(#9382,#9411);
#9413= IFCDIRECTION((1.,0.,0.));
#9414= IFCDIRECTION((0.,1.,0.));
#9415= IFCDIRECTION((0.,0.,1.));
#9416= IFCCARTESIANPOINT((0.,2400.,0.));
#9417= IFCCARTESIANTRANSFORMATIONOPERATOR3D(#9413,#9414,#9416,1.,#9415);
#9418= IFCMAPPEDITEM(#9382,#9417);
#9419= IFCDIRECTION((1.,0.,0.));
#9420= IFCDIRECTION((0.,1.,0.));
#9421= IFCDIRECTION((0.,0.,1.));
#9422= IFCCARTESIANPOINT((0.,2800.,0.));
#9423= IFCCARTESIANTRANSFORMATIONOPERATOR3D(#9419,#9420,#9422,1.,#9421);
#9424= IFCMAPPEDITEM(#9382,#9423);
#9425= IFCDIRECTION((1.,0.,0.));
#9426= IFCDIRECTION((0.,1.,0.));
#9427= IFCDIRECTION((0.,0.,1.));
#9428= IFCCARTESIANPOINT((0.,3200.,0.));
#9429= IFCCARTESIANTRANSFORMATIONOPERATOR3D(#9425,#9426,#9428,1.,#9427);
#9430= IFCMAPPEDITEM(#9382,#9429);
#9431= IFCDIRECTION((1.,0.,0.));
#9432= IFCDIRECTION((0.,1.,0.));
#9433= IFCDIRECTION((0.,0.,1.));
#9434= IFCCARTESIANPOINT((0.,3600.,0.));
#9435= IFCCARTESIANTRANSFORMATIONOPERATOR3D(#9431,#9432,#9434,1.,#9433);
#9436= IFCMAPPEDITEM(#9382,#9435);
#9437= IFCDIRECTION((1.,0.,0.));
#9438= IFCDIRECTION((0.,1.,0.));
#9439= IFCDIRECTION((0.,0.,1.));
#9440= IFCCARTESIANPOINT((0.,4000.,0.));
#9441= IFCCARTESIANTRANSFORMATIONOPERATOR3D(#9437,#9438,#9440,1.,#9439);
#9442= IFCMAPPEDITEM(#9382,#9441);
#9443= IFCDIRECTION((1.,0.,0.));
#9444= IFCDIRECTION((0.,1.,0.));
#9445= IFCDIRECTION((0.,0.,1.));
#9446= IFCCARTESIANPOINT((0.,4400.,0.));
#9447= IFCCARTESIANTRANSFORMATIONOPERATOR3D(#9443,#9444,#9446,1.,#9445);
#9448= IFCMAPPEDITEM(#9382,#9447);
#9449= IFCDIRECTION((1.,0.,0.));
#9450= IFCDIRECTION((0.,1.,0.));
#9451= IFCDIRECTION((0.,0.,1.));
#9452= IFCCARTESIANPOINT((0.,4800.000000000000909,0.));
#9453= IFCCARTESIANTRANSFORMATIONOPERATOR3D(#9449,#9450,#9452,1.,#9451);
#9454= IFCMAPPEDITEM(#9382,#9453);
#9455= IFCPOLYLOOP((#9456,#9457,#9458,#9459));
#9456= IFCCARTESIANPOINT((20.,5377.622673548522471,0.));
#9457= IFCCARTESIANPOINT((-20.,5377.622673548522471,0.));
#9458= IFCCARTESIANPOINT((-20.,5417.622673548522471,0.));
#9459= IFCCARTESIANPOINT((20.,5417.622673548522471,0.));
#9460= IFCFACEOUTERBOUND(#9455,.T.);
#9461= IFCFACE((#9460));
#9462= IFCPOLYLOOP((#9457,#9456,#9463,#9464));
#9463= IFCCARTESIANPOINT((20.,5377.622673548522471,950.));
#9464= IFCCARTESIANPOINT((-20.,5377.622673548522471,950.));
#9465= IFCFACEOUTERBOUND(#9462,.T.);
#9466= IFCFACE((#9465));
#9467= IFCPOLYLOOP((#9458,#9457,#9464,#9468));
#9468= IFCCARTESIANPOINT((-20.,5417.622673548522471,950.));
#9469= IFCFACEOUTERBOUND(#9467,.T.);
#9470= IFCFACE((#9469));
#9471= IFCPOLYLOOP((#9459,#9458,#9468,#9472));
#9472= IFCCARTESIANPOINT((20.,5417.622673548522471,950.));
#9473= IFCFACEOUTERBOUND(#9471,.T.);
#9474= IFCFACE((#9473));
#9475= IFCPOLYLOOP((#9456,#9459,#9472,#9463));
#9476= IFCFACEOUTERBOUND(#9475,.T.);
#9477= IFCFACE((#9476));
#9478= IFCPOLYLOOP((#9463,#9472,#9468,#9464));
#9479= IFCFACEOUTERBOUND(#9478,.T.);
#9480= IFCFACE((#9479));
#9481= IFCCLOSEDSHELL((#9461,#9466,#9470,#9474,#9477,#9480));
#9482= IFCFACETEDBREP(#9481);
#9483= IFCPOLYLOOP((#9484,#9485,#9486,#9487));
#9484= IFCCARTESIANPOINT((20.,5704.544368391212629,0.));
#9485= IFCCARTESIANPOINT((-20.,5704.544368391212629,0.));
#9486= IFCCARTESIANPOINT((-20.,5744.544368391212629,0.));
#9487= IFCCARTESIANPOINT((20.,5744.544368391212629,0.));
#9488= IFCFACEOUTERBOUND(#9483,.T.);
#9489= IFCFACE((#9488));
#9490= IFCPOLYLOOP((#9485,#9484,#9491,#9492));
#9491= IFCCARTESIANPOINT((20.,5704.544368391212629,950.));
#9492= IFCCARTESIANPOINT((-20.,5704.544368391212629,950.));
#9493= IFCFACEOUTERBOUND(#9490,.T.);
#9494= IFCFACE((#9493));
#9495= IFCPOLYLOOP((#9486,#9485,#9492,#9496));
#9496= IFCCARTESIANPOINT((-20.,5744.544368391212629,950.));
#9497= IFCFACEOUTERBOUND(#9495,.T.);
#9498= IFCFACE((#9497));
#9499= IFCPOLYLOOP((#9487,#9486,#9496,#9500));
#9500= IFCCARTESIANPOINT((20.,5744.544368391212629,950.));
#9501= IFCFACEOUTERBOUND(#9499,.T.);
#9502= IFCFACE((#9501));
#9503= IFCPOLYLOOP((#9484,#9487,#9500,#9491));
#9504= IFCFACEOUTERBOUND(#9503,.T.);
#9505= IFCFACE((#9504));
#9506= IFCPOLYLOOP((#9491,#9500,#9496,#9492));
#9507= IFCFACEOUTERBOUND(#9506,.T.);
#9508= IFCFACE((#9507));
#9509= IFCCLOSEDSHELL((#9489,#9494,#9498,#9502,#9505,#9508));
#9510= IFCFACETEDBREP(#9509);
#9511= IFCPOLYLOOP((#9512,#9513,#9514,#9515));
#9512= IFCCARTESIANPOINT((5.000000000000001,5417.622673548522471,755.));
#9513= IFCCARTESIANPOINT((5.,5417.622673548522471,745.));
#9514= IFCCARTESIANPOINT((5.,5704.544368391212629,745.));
#9515= IFCCARTESIANPOINT((5.,5704.544368391212629,755.));
#9516= IFCFACEOUTERBOUND(#9511,.T.);
#9517= IFCFACE((#9516));
#9518= IFCPOLYLOOP((#9519,#9512,#9515,#9520));
#9519= IFCCARTESIANPOINT((-5.,5417.622673548522471,755.));
#9520= IFCCARTESIANPOINT((-5.,5704.544368391212629,755.));
#9521= IFCFACEOUTERBOUND(#9518,.T.);
#9522= IFCFACE((#9521));
#9523= IFCPOLYLOOP((#9524,#9519,#9520,#9525));
#9524= IFCCARTESIANPOINT((-5.000000000000001,5417.622673548522471,745.));
#9525= IFCCARTESIANPOINT((-5.,5704.544368391212629,745.));
#9526= IFCFACEOUTERBOUND(#9523,.T.);
#9527= IFCFACE((#9526));
#9528= IFCPOLYLOOP((#9513,#9524,#9525,#9514));
#9529= IFCFACEOUTERBOUND(#9528,.T.);
#9530= IFCFACE((#9529));
#9531= IFCPOLYLOOP((#9514,#9525,#9520,#9515));
#9532= IFCFACEOUTERBOUND(#9531,.T.);
#9533= IFCFACE((#9532));
#9534= IFCPOLYLOOP((#9524,#9513,#9512,#9519));
#9535= IFCFACEOUTERBOUND(#9534,.T.);
#9536= IFCFACE((#9535));
#9537= IFCCLOSEDSHELL((#9517,#9522,#9527,#9530,#9533,#9536));
#9538= IFCFACETEDBREP(#9537);
#9539= IFCPOLYLOOP((#9540,#9541,#9542,#9543));
#9540= IFCCARTESIANPOINT((5.000000000000001,5417.622673548522471,555.));
#9541= IFCCARTESIANPOINT((5.,5417.622673548522471,545.));
#9542= IFCCARTESIANPOINT((5.,5704.544368391212629,545.));
#9543= IFCCARTESIANPOINT((5.,5704.544368391212629,555.));
#9544= IFCFACEOUTERBOUND(#9539,.T.);
#9545= IFCFACE((#9544));
#9546= IFCPOLYLOOP((#9547,#9541,#9540,#9548));
#9547= IFCCARTESIANPOINT((-5.000000000000001,5417.622673548522471,545.));
#9548= IFCCARTESIANPOINT((-5.,5417.622673548522471,555.));
#9549= IFCFACEOUTERBOUND(#9546,.T.);
#9550= IFCFACE((#9549));
#9551= IFCPOLYLOOP((#9541,#9547,#9552,#9542));
#9552= IFCCARTESIANPOINT((-5.,5704.544368391212629,545.));
#9553= IFCFACEOUTERBOUND(#9551,.T.);
#9554= IFCFACE((#9553));
#9555= IFCPOLYLOOP((#9542,#9552,#9556,#9543));
#9556= IFCCARTESIANPOINT((-5.,5704.544368391212629,555.));
#9557= IFCFACEOUTERBOUND(#9555,.T.);
#9558= IFCFACE((#9557));
#9559= IFCPOLYLOOP((#9548,#9540,#9543,#9556));
#9560= IFCFACEOUTERBOUND(#9559,.T.);
#9561= IFCFACE((#9560));
#9562= IFCPOLYLOOP((#9547,#9548,#9556,#9552));
#9563= IFCFACEOUTERBOUND(#9562,.T.);
#9564= IFCFACE((#9563));
#9565= IFCCLOSEDSHELL((#9545,#9550,#9554,#9558,#9561,#9564));
#9566= IFCFACETEDBREP(#9565);
#9567= IFCSHAPEREPRESENTATION(#41,'Body','Brep',(#9482,#9510,#9538,#9566));
#9568= IFCCARTESIANPOINT((0.,0.,0.));
#9569= IFCDIRECTION((0.,0.,1.));
#9570= IFCDIRECTION((1.,0.,0.));
#9571= IFCAXIS2PLACEMENT3D(#9568,#9569,#9570);
#9572= IFCREPRESENTATIONMAP(#9571,#9567);
#9573= IFCDIRECTION((1.,0.,0.));
#9574= IFCDIRECTION((0.,1.,0.));
#9575= IFCDIRECTION((0.,0.,1.));
#9576= IFCCARTESIANPOINT((0.,0.,0.));
#9577= IFCCARTESIANTRANSFORMATIONOPERATOR3D(#9573,#9574,#9576,1.,#9575);
#9578= IFCMAPPEDITEM(#9572,#9577);
#9579= IFCSHAPEREPRESENTATION(#41,'Body','MappedRepresentation',(#9220,#9316,#9388,#9394,#9400,#9406,#9412,#9418,#9424,#9430,#9436,#9442,#9448,#9454,#9578));
#9580= IFCPRODUCTDEFINITIONSHAPE($,$,(#9579));
#9581= IFCCOLOURRGB($,0.749019607843137,0.749019607843137,0.749019607843137);
#9582= IFCSURFACESTYLESHADING(#9581,$);
#9583= IFCSURFACESTYLE($,.BOTH.,(#9582));
#9584= IFCSTYLEDITEM(#9220,(#9583),$);
#9585= IFCSTYLEDITEM(#9316,(#9583),$);
#9586= IFCSTYLEDITEM(#9388,(#9583),$);
#9587= IFCSTYLEDITEM(#9394,(#9583),$);
#9588= IFCSTYLEDITEM(#9400,(#9583),$);
#9589= IFCSTYLEDITEM(#9406,(#9583),$);
#9590= IFCSTYLEDITEM(#9412,(#9583),$);
#9591= IFCSTYLEDITEM(#9418,(#9583),$);
#9592= IFCSTYLEDITEM(#9424,(#9583),$);
#9593= IFCSTYLEDITEM(#9430,(#9583),$);
#9594= IFCSTYLEDITEM(#9436,(#9583),$);
#9595= IFCSTYLEDITEM(#9442,(#9583),$);
#9596= IFCSTYLEDITEM(#9448,(#9583),$);
#9597= IFCSTYLEDITEM(#9454,(#9583),$);
#9598= IFCSTYLEDITEM(#9578,(#9583),$);
#9599= IFCRAILING('3MQ_37qWXE5fxCgQDqaMGe',$,'\X2\041E043304400430043604340435043D04380435\X0\: 1\X2\00A0\X0\000,00 \X2\043C043C\X0\',$,$,#9604,#9956,$,.GUARDRAIL.);
#9600= IFCCARTESIANPOINT((13000.000000000025466,7249.999999999961801,0.));
#9601= IFCDIRECTION((0.,0.,1.));
#9602= IFCDIRECTION((1.,0.,0.));
#9603= IFCAXIS2PLACEMENT3D(#9600,#9601,#9602);
#9604= IFCLOCALPLACEMENT(#51,#9603);
#9605= IFCPOLYLOOP((#9606,#9607,#9608,#9609));
#9606= IFCCARTESIANPOINT((-2749.330535784256426,-35.,950.));
#9607= IFCCARTESIANPOINT((0.587036259077649,-35.,950.));
#9608= IFCCARTESIANPOINT((0.587036259077649,-35.,1000.));
#9609= IFCCARTESIANPOINT((-2749.330535784256426,-35.,1000.));
#9610= IFCFACEOUTERBOUND(#9605,.T.);
#9611= IFCFACE((#9610));
#9612= IFCPOLYLOOP((#9607,#9613,#9614,#9608));
#9613= IFCCARTESIANPOINT((0.587036259077649,35.,950.));
#9614= IFCCARTESIANPOINT((0.587036259077649,35.,1000.));
#9615= IFCFACEOUTERBOUND(#9612,.T.);
#9616= IFCFACE((#9615));
#9617= IFCPOLYLOOP((#9613,#9618,#9619,#9614));
#9618= IFCCARTESIANPOINT((-2749.330535784256426,35.,950.));
#9619= IFCCARTESIANPOINT((-2749.330535784256426,35.,1000.));
#9620= IFCFACEOUTERBOUND(#9617,.T.);
#9621= IFCFACE((#9620));
#9622= IFCPOLYLOOP((#9618,#9606,#9609,#9619));
#9623= IFCFACEOUTERBOUND(#9622,.T.);
#9624= IFCFACE((#9623));
#9625= IFCPOLYLOOP((#9609,#9608,#9614,#9619));
#9626= IFCFACEOUTERBOUND(#9625,.T.);
#9627= IFCFACE((#9626));
#9628= IFCPOLYLOOP((#9606,#9618,#9613,#9607));
#9629= IFCFACEOUTERBOUND(#9628,.T.);
#9630= IFCFACE((#9629));
#9631= IFCCLOSEDSHELL((#9611,#9616,#9621,#9624,#9627,#9630));
#9632= IFCFACETEDBREP(#9631);
#9633= IFCSHAPEREPRESENTATION(#41,'Body','Brep',(#9632));
#9634= IFCCARTESIANPOINT((0.,0.,0.));
#9635= IFCDIRECTION((0.,0.,1.));
#9636= IFCDIRECTION((1.,0.,0.));
#9637= IFCAXIS2PLACEMENT3D(#9634,#9635,#9636);
#9638= IFCREPRESENTATIONMAP(#9637,#9633);
#9639= IFCDIRECTION((1.,0.,0.));
#9640= IFCDIRECTION((0.,1.,0.));
#9641= IFCDIRECTION((0.,0.,1.));
#9642= IFCCARTESIANPOINT((0.,0.,0.));
#9643= IFCCARTESIANTRANSFORMATIONOPERATOR3D(#9639,#9640,#9642,1.,#9641);
#9644= IFCMAPPEDITEM(#9638,#9643);
#9645= IFCPOLYLOOP((#9646,#9647,#9648,#9649));
#9646= IFCCARTESIANPOINT((-179.412963740922351,19.999999999999996,0.));
#9647= IFCCARTESIANPOINT((-179.412963740922351,-20.000000000000004,0.));
#9648= IFCCARTESIANPOINT((-219.412963740922351,-19.999999999999996,0.));
#9649= IFCCARTESIANPOINT((-219.412963740922351,20.000000000000004,0.));
#9650= IFCFACEOUTERBOUND(#9645,.T.);
#9651= IFCFACE((#9650));
#9652= IFCPOLYLOOP((#9647,#9646,#9653,#9654));
#9653= IFCCARTESIANPOINT((-179.412963740922351,19.999999999999996,950.));
#9654= IFCCARTESIANPOINT((-179.412963740922351,-20.000000000000004,950.));
#9655= IFCFACEOUTERBOUND(#9652,.T.);
#9656= IFCFACE((#9655));
#9657= IFCPOLYLOOP((#9648,#9647,#9654,#9658));
#9658= IFCCARTESIANPOINT((-219.412963740922351,-19.999999999999996,950.));
#9659= IFCFACEOUTERBOUND(#9657,.T.);
#9660= IFCFACE((#9659));
#9661= IFCPOLYLOOP((#9649,#9648,#9658,#9662));
#9662= IFCCARTESIANPOINT((-219.412963740922351,20.000000000000004,950.));
#9663= IFCFACEOUTERBOUND(#9661,.T.);
#9664= IFCFACE((#9663));
#9665= IFCPOLYLOOP((#9646,#9649,#9662,#9653));
#9666= IFCFACEOUTERBOUND(#9665,.T.);
#9667= IFCFACE((#9666));
#9668= IFCPOLYLOOP((#9653,#9662,#9658,#9654));
#9669= IFCFACEOUTERBOUND(#9668,.T.);
#9670= IFCFACE((#9669));
#9671= IFCCLOSEDSHELL((#9651,#9656,#9660,#9664,#9667,#9670));
#9672= IFCFACETEDBREP(#9671);
#9673= IFCPOLYLOOP((#9674,#9675,#9676,#9677));
#9674= IFCCARTESIANPOINT((-219.412963740922351,5.,755.));
#9675= IFCCARTESIANPOINT((-219.412963740922351,5.,745.));
#9676= IFCCARTESIANPOINT((-579.412963740922351,5.,745.));
#9677= IFCCARTESIANPOINT((-579.412963740922351,5.,755.));
#9678= IFCFACEOUTERBOUND(#9673,.T.);
#9679= IFCFACE((#9678));
#9680= IFCPOLYLOOP((#9681,#9674,#9677,#9682));
#9681= IFCCARTESIANPOINT((-219.412963740922351,-5.,755.));
#9682= IFCCARTESIANPOINT((-579.412963740922351,-5.,755.));
#9683= IFCFACEOUTERBOUND(#9680,.T.);
#9684= IFCFACE((#9683));
#9685= IFCPOLYLOOP((#9686,#9681,#9682,#9687));
#9686= IFCCARTESIANPOINT((-219.412963740922351,-5.,745.));
#9687= IFCCARTESIANPOINT((-579.412963740922351,-5.,745.));
#9688= IFCFACEOUTERBOUND(#9685,.T.);
#9689= IFCFACE((#9688));
#9690= IFCPOLYLOOP((#9675,#9686,#9687,#9676));
#9691= IFCFACEOUTERBOUND(#9690,.T.);
#9692= IFCFACE((#9691));
#9693= IFCPOLYLOOP((#9676,#9687,#9682,#9677));
#9694= IFCFACEOUTERBOUND(#9693,.T.);
#9695= IFCFACE((#9694));
#9696= IFCPOLYLOOP((#9686,#9675,#9674,#9681));
#9697= IFCFACEOUTERBOUND(#9696,.T.);
#9698= IFCFACE((#9697));
#9699= IFCCLOSEDSHELL((#9679,#9684,#9689,#9692,#9695,#9698));
#9700= IFCFACETEDBREP(#9699);
#9701= IFCPOLYLOOP((#9702,#9703,#9704,#9705));
#9702= IFCCARTESIANPOINT((-219.412963740922351,5.,555.));
#9703= IFCCARTESIANPOINT((-219.412963740922351,5.,545.));
#9704= IFCCARTESIANPOINT((-579.412963740922351,5.,545.));
#9705= IFCCARTESIANPOINT((-579.412963740922351,5.,555.));
#9706= IFCFACEOUTERBOUND(#9701,.T.);
#9707= IFCFACE((#9706));
#9708= IFCPOLYLOOP((#9709,#9703,#9702,#9710));
#9709= IFCCARTESIANPOINT((-219.412963740922351,-5.,545.));
#9710= IFCCARTESIANPOINT((-219.412963740922351,-5.,555.));
#9711= IFCFACEOUTERBOUND(#9708,.T.);
#9712= IFCFACE((#9711));
#9713= IFCPOLYLOOP((#9703,#9709,#9714,#9704));
#9714= IFCCARTESIANPOINT((-579.412963740922351,-5.,545.));
#9715= IFCFACEOUTERBOUND(#9713,.T.);
#9716= IFCFACE((#9715));
#9717= IFCPOLYLOOP((#9704,#9714,#9718,#9705));
#9718= IFCCARTESIANPOINT((-579.412963740922351,-5.,555.));
#9719= IFCFACEOUTERBOUND(#9717,.T.);
#9720= IFCFACE((#9719));
#9721= IFCPOLYLOOP((#9710,#9702,#9705,#9718));
#9722= IFCFACEOUTERBOUND(#9721,.T.);
#9723= IFCFACE((#9722));
#9724= IFCPOLYLOOP((#9709,#9710,#9718,#9714));
#9725= IFCFACEOUTERBOUND(#9724,.T.);
#9726= IFCFACE((#9725));
#9727= IFCCLOSEDSHELL((#9707,#9712,#9716,#9720,#9723,#9726));
#9728= IFCFACETEDBREP(#9727);
#9729= IFCSHAPEREPRESENTATION(#41,'Body','Brep',(#9672,#9700,#9728));
#9730= IFCCARTESIANPOINT((0.,0.,0.));
#9731= IFCDIRECTION((0.,0.,1.));
#9732= IFCDIRECTION((1.,0.,0.));
#9733= IFCAXIS2PLACEMENT3D(#9730,#9731,#9732);
#9734= IFCREPRESENTATIONMAP(#9733,#9729);
#9735= IFCDIRECTION((1.,0.,0.));
#9736= IFCDIRECTION((0.,1.,0.));
#9737= IFCDIRECTION((0.,0.,1.));
#9738= IFCCARTESIANPOINT((0.,0.,0.));
#9739= IFCCARTESIANTRANSFORMATIONOPERATOR3D(#9735,#9736,#9738,1.,#9737);
#9740= IFCMAPPEDITEM(#9734,#9739);
#9741= IFCPOLYLOOP((#9646,#9647,#9648,#9649));
#9742= IFCFACEOUTERBOUND(#9741,.T.);
#9743= IFCFACE((#9742));
#9744= IFCPOLYLOOP((#9647,#9646,#9653,#9654));
#9745= IFCFACEOUTERBOUND(#9744,.T.);
#9746= IFCFACE((#9745));
#9747= IFCPOLYLOOP((#9648,#9647,#9654,#9658));
#9748= IFCFACEOUTERBOUND(#9747,.T.);
#9749= IFCFACE((#9748));
#9750= IFCPOLYLOOP((#9649,#9648,#9658,#9662));
#9751= IFCFACEOUTERBOUND(#9750,.T.);
#9752= IFCFACE((#9751));
#9753= IFCPOLYLOOP((#9646,#9649,#9662,#9653));
#9754= IFCFACEOUTERBOUND(#9753,.T.);
#9755= IFCFACE((#9754));
#9756= IFCPOLYLOOP((#9653,#9662,#9658,#9654));
#9757= IFCFACEOUTERBOUND(#9756,.T.);
#9758= IFCFACE((#9757));
#9759= IFCCLOSEDSHELL((#9743,#9746,#9749,#9752,#9755,#9758));
#9760= IFCFACETEDBREP(#9759);
#9761= IFCPOLYLOOP((#9674,#9675,#9676,#9677));
#9762= IFCFACEOUTERBOUND(#9761,.T.);
#9763= IFCFACE((#9762));
#9764= IFCPOLYLOOP((#9681,#9674,#9677,#9682));
#9765= IFCFACEOUTERBOUND(#9764,.T.);
#9766= IFCFACE((#9765));
#9767= IFCPOLYLOOP((#9686,#9681,#9682,#9687));
#9768= IFCFACEOUTERBOUND(#9767,.T.);
#9769= IFCFACE((#9768));
#9770= IFCPOLYLOOP((#9675,#9686,#9687,#9676));
#9771= IFCFACEOUTERBOUND(#9770,.T.);
#9772= IFCFACE((#9771));
#9773= IFCPOLYLOOP((#9676,#9687,#9682,#9677));
#9774= IFCFACEOUTERBOUND(#9773,.T.);
#9775= IFCFACE((#9774));
#9776= IFCPOLYLOOP((#9686,#9675,#9674,#9681));
#9777= IFCFACEOUTERBOUND(#9776,.T.);
#9778= IFCFACE((#9777));
#9779= IFCCLOSEDSHELL((#9763,#9766,#9769,#9772,#9775,#9778));
#9780= IFCFACETEDBREP(#9779);
#9781= IFCPOLYLOOP((#9702,#9703,#9704,#9705));
#9782= IFCFACEOUTERBOUND(#9781,.T.);
#9783= IFCFACE((#9782));
#9784= IFCPOLYLOOP((#9709,#9703,#9702,#9710));
#9785= IFCFACEOUTERBOUND(#9784,.T.);
#9786= IFCFACE((#9785));
#9787= IFCPOLYLOOP((#9703,#9709,#9714,#9704));
#9788= IFCFACEOUTERBOUND(#9787,.T.);
#9789= IFCFACE((#9788));
#9790= IFCPOLYLOOP((#9704,#9714,#9718,#9705));
#9791= IFCFACEOUTERBOUND(#9790,.T.);
#9792= IFCFACE((#9791));
#9793= IFCPOLYLOOP((#9710,#9702,#9705,#9718));
#9794= IFCFACEOUTERBOUND(#9793,.T.);
#9795= IFCFACE((#9794));
#9796= IFCPOLYLOOP((#9709,#9710,#9718,#9714));
#9797= IFCFACEOUTERBOUND(#9796,.T.);
#9798= IFCFACE((#9797));
#9799= IFCCLOSEDSHELL((#9783,#9786,#9789,#9792,#9795,#9798));
#9800= IFCFACETEDBREP(#9799);
#9801= IFCSHAPEREPRESENTATION(#41,'Body','Brep',(#9760,#9780,#9800));
#9802= IFCCARTESIANPOINT((0.,0.,0.));
#9803= IFCDIRECTION((0.,0.,1.));
#9804= IFCDIRECTION((1.,0.,0.));
#9805= IFCAXIS2PLACEMENT3D(#9802,#9803,#9804);
#9806= IFCREPRESENTATIONMAP(#9805,#9801);
#9807= IFCDIRECTION((1.,0.,0.));
#9808= IFCDIRECTION((0.,1.,0.));
#9809= IFCDIRECTION((0.,0.,1.));
#9810= IFCCARTESIANPOINT((-400.,0.,0.));
#9811= IFCCARTESIANTRANSFORMATIONOPERATOR3D(#9807,#9808,#9810,1.,#9809);
#9812= IFCMAPPEDITEM(#9806,#9811);
#9813= IFCDIRECTION((1.,0.,0.));
#9814= IFCDIRECTION((0.,1.,0.));
#9815= IFCDIRECTION((0.,0.,1.));
#9816= IFCCARTESIANPOINT((-800.,0.,0.));
#9817= IFCCARTESIANTRANSFORMATIONOPERATOR3D(#9813,#9814,#9816,1.,#9815);
#9818= IFCMAPPEDITEM(#9806,#9817);
#9819= IFCDIRECTION((1.,0.,0.));
#9820= IFCDIRECTION((0.,1.,0.));
#9821= IFCDIRECTION((0.,0.,1.));
#9822= IFCCARTESIANPOINT((-1200.,0.,0.));
#9823= IFCCARTESIANTRANSFORMATIONOPERATOR3D(#9819,#9820,#9822,1.,#9821);
#9824= IFCMAPPEDITEM(#9806,#9823);
#9825= IFCDIRECTION((1.,0.,0.));
#9826= IFCDIRECTION((0.,1.,0.));
#9827= IFCDIRECTION((0.,0.,1.));
#9828= IFCCARTESIANPOINT((-1600.,0.,0.));
#9829= IFCCARTESIANTRANSFORMATIONOPERATOR3D(#9825,#9826,#9828,1.,#9827);
#9830= IFCMAPPEDITEM(#9806,#9829);
#9831= IFCPOLYLOOP((#9832,#9833,#9834,#9835));
#9832= IFCCARTESIANPOINT((-2179.412963740922351,19.999999999999996,0.));
#9833= IFCCARTESIANPOINT((-2179.412963740922351,-20.000000000000004,0.));
#9834= IFCCARTESIANPOINT((-2219.412963740922351,-19.999999999999996,0.));
#9835= IFCCARTESIANPOINT((-2219.412963740922351,20.000000000000004,0.));
#9836= IFCFACEOUTERBOUND(#9831,.T.);
#9837= IFCFACE((#9836));
#9838= IFCPOLYLOOP((#9833,#9832,#9839,#9840));
#9839= IFCCARTESIANPOINT((-2179.412963740922351,19.999999999999996,950.));
#9840= IFCCARTESIANPOINT((-2179.412963740922351,-20.000000000000004,950.));
#9841= IFCFACEOUTERBOUND(#9838,.T.);
#9842= IFCFACE((#9841));
#9843= IFCPOLYLOOP((#9834,#9833,#9840,#9844));
#9844= IFCCARTESIANPOINT((-2219.412963740922351,-19.999999999999996,950.));
#9845= IFCFACEOUTERBOUND(#9843,.T.);
#9846= IFCFACE((#9845));
#9847= IFCPOLYLOOP((#9835,#9834,#9844,#9848));
#9848= IFCCARTESIANPOINT((-2219.412963740922351,20.000000000000004,950.));
#9849= IFCFACEOUTERBOUND(#9847,.T.);
#9850= IFCFACE((#9849));
#9851= IFCPOLYLOOP((#9832,#9835,#9848,#9839));
#9852= IFCFACEOUTERBOUND(#9851,.T.);
#9853= IFCFACE((#9852));
#9854= IFCPOLYLOOP((#9839,#9848,#9844,#9840));
#9855= IFCFACEOUTERBOUND(#9854,.T.);
#9856= IFCFACE((#9855));
#9857= IFCCLOSEDSHELL((#9837,#9842,#9846,#9850,#9853,#9856));
#9858= IFCFACETEDBREP(#9857);
#9859= IFCPOLYLOOP((#9860,#9861,#9862,#9863));
#9860= IFCCARTESIANPOINT((-2529.330535784256426,19.999999999999996,0.));
#9861= IFCCARTESIANPOINT((-2529.330535784256426,-20.000000000000004,0.));
#9862= IFCCARTESIANPOINT((-2569.330535784256426,-19.999999999999996,0.));
#9863= IFCCARTESIANPOINT((-2569.330535784256426,20.000000000000004,0.));
#9864= IFCFACEOUTERBOUND(#9859,.T.);
#9865= IFCFACE((#9864));
#9866= IFCPOLYLOOP((#9861,#9860,#9867,#9868));
#9867= IFCCARTESIANPOINT((-2529.330535784256426,19.999999999999996,950.));
#9868= IFCCARTESIANPOINT((-2529.330535784256426,-20.000000000000004,950.));
#9869= IFCFACEOUTERBOUND(#9866,.T.);
#9870= IFCFACE((#9869));
#9871= IFCPOLYLOOP((#9862,#9861,#9868,#9872));
#9872= IFCCARTESIANPOINT((-2569.330535784256426,-19.999999999999996,950.));
#9873= IFCFACEOUTERBOUND(#9871,.T.);
#9874= IFCFACE((#9873));
#9875= IFCPOLYLOOP((#9863,#9862,#9872,#9876));
#9876= IFCCARTESIANPOINT((-2569.330535784256426,20.000000000000004,950.));
#9877= IFCFACEOUTERBOUND(#9875,.T.);
#9878= IFCFACE((#9877));
#9879= IFCPOLYLOOP((#9860,#9863,#9876,#9867));
#9880= IFCFACEOUTERBOUND(#9879,.T.);
#9881= IFCFACE((#9880));
#9882= IFCPOLYLOOP((#9867,#9876,#9872,#9868));
#9883= IFCFACEOUTERBOUND(#9882,.T.);
#9884= IFCFACE((#9883));
#9885= IFCCLOSEDSHELL((#9865,#9870,#9874,#9878,#9881,#9884));
#9886= IFCFACETEDBREP(#9885);
#9887= IFCPOLYLOOP((#9888,#9889,#9890,#9891));
#9888= IFCCARTESIANPOINT((-2219.412963740922351,5.,755.));
#9889= IFCCARTESIANPOINT((-2219.412963740922351,5.,745.));
#9890= IFCCARTESIANPOINT((-2529.330535784256426,5.,745.));
#9891= IFCCARTESIANPOINT((-2529.330535784256426,5.,755.));
#9892= IFCFACEOUTERBOUND(#9887,.T.);
#9893= IFCFACE((#9892));
#9894= IFCPOLYLOOP((#9895,#9888,#9891,#9896));
#9895= IFCCARTESIANPOINT((-2219.412963740922351,-5.,755.));
#9896= IFCCARTESIANPOINT((-2529.330535784256426,-5.,755.));
#9897= IFCFACEOUTERBOUND(#9894,.T.);
#9898= IFCFACE((#9897));
#9899= IFCPOLYLOOP((#9900,#9895,#9896,#9901));
#9900= IFCCARTESIANPOINT((-2219.412963740922351,-5.,745.));
#9901= IFCCARTESIANPOINT((-2529.330535784256426,-5.,745.));
#9902= IFCFACEOUTERBOUND(#9899,.T.);
#9903= IFCFACE((#9902));
#9904= IFCPOLYLOOP((#9889,#9900,#9901,#9890));
#9905= IFCFACEOUTERBOUND(#9904,.T.);
#9906= IFCFACE((#9905));
#9907= IFCPOLYLOOP((#9890,#9901,#9896,#9891));
#9908= IFCFACEOUTERBOUND(#9907,.T.);
#9909= IFCFACE((#9908));
#9910= IFCPOLYLOOP((#9900,#9889,#9888,#9895));
#9911= IFCFACEOUTERBOUND(#9910,.T.);
#9912= IFCFACE((#9911));
#9913= IFCCLOSEDSHELL((#9893,#9898,#9903,#9906,#9909,#9912));
#9914= IFCFACETEDBREP(#9913);
#9915= IFCPOLYLOOP((#9916,#9917,#9918,#9919));
#9916= IFCCARTESIANPOINT((-2219.412963740922351,5.,555.));
#9917= IFCCARTESIANPOINT((-2219.412963740922351,5.,545.));
#9918= IFCCARTESIANPOINT((-2529.330535784256426,5.,545.));
#9919= IFCCARTESIANPOINT((-2529.330535784256426,5.,555.));
#9920= IFCFACEOUTERBOUND(#9915,.T.);
#9921= IFCFACE((#9920));
#9922= IFCPOLYLOOP((#9923,#9917,#9916,#9924));
#9923= IFCCARTESIANPOINT((-2219.412963740922351,-5.,545.));
#9924= IFCCARTESIANPOINT((-2219.412963740922351,-5.,555.));
#9925= IFCFACEOUTERBOUND(#9922,.T.);
#9926= IFCFACE((#9925));
#9927= IFCPOLYLOOP((#9917,#9923,#9928,#9918));
#9928= IFCCARTESIANPOINT((-2529.330535784256426,-5.,545.));
#9929= IFCFACEOUTERBOUND(#9927,.T.);
#9930= IFCFACE((#9929));
#9931= IFCPOLYLOOP((#9918,#9928,#9932,#9919));
#9932= IFCCARTESIANPOINT((-2529.330535784256426,-5.,555.));
#9933= IFCFACEOUTERBOUND(#9931,.T.);
#9934= IFCFACE((#9933));
#9935= IFCPOLYLOOP((#9924,#9916,#9919,#9932));
#9936= IFCFACEOUTERBOUND(#9935,.T.);
#9937= IFCFACE((#9936));
#9938= IFCPOLYLOOP((#9923,#9924,#9932,#9928));
#9939= IFCFACEOUTERBOUND(#9938,.T.);
#9940= IFCFACE((#9939));
#9941= IFCCLOSEDSHELL((#9921,#9926,#9930,#9934,#9937,#9940));
#9942= IFCFACETEDBREP(#9941);
#9943= IFCSHAPEREPRESENTATION(#41,'Body','Brep',(#9858,#9886,#9914,#9942));
#9944= IFCCARTESIANPOINT((0.,0.,0.));
#9945= IFCDIRECTION((0.,0.,1.));
#9946= IFCDIRECTION((1.,0.,0.));
#9947= IFCAXIS2PLACEMENT3D(#9944,#9945,#9946);
#9948= IFCREPRESENTATIONMAP(#9947,#9943);
#9949= IFCDIRECTION((1.,0.,0.));
#9950= IFCDIRECTION((0.,1.,0.));
#9951= IFCDIRECTION((0.,0.,1.));
#9952= IFCCARTESIANPOINT((0.,0.,0.));
#9953= IFCCARTESIANTRANSFORMATIONOPERATOR3D(#9949,#9950,#9952,1.,#9951);
#9954= IFCMAPPEDITEM(#9948,#9953);
#9955= IFCSHAPEREPRESENTATION(#41,'Body','MappedRepresentation',(#9644,#9740,#9812,#9818,#9824,#9830,#9954));
#9956= IFCPRODUCTDEFINITIONSHAPE($,$,(#9955));
#9957= IFCSTYLEDITEM(#9644,(#9583),$);
#9958= IFCSTYLEDITEM(#9740,(#9583),$);
#9959= IFCSTYLEDITEM(#9812,(#9583),$);
#9960= IFCSTYLEDITEM(#9818,(#9583),$);
#9961= IFCSTYLEDITEM(#9824,(#9583),$);
#9962= IFCSTYLEDITEM(#9830,(#9583),$);
#9963= IFCSTYLEDITEM(#9954,(#9583),$);
#9964= IFCRAILING('0LBDYh8UXCXhitvyvLsCUv',$,'\X2\041E043304400430043604340435043D04380435\X0\: 1\X2\00A0\X0\000,00 \X2\043C043C\X0\',$,$,#9969,#10135,$,.GUARDRAIL.);
#9965= IFCCARTESIANPOINT((11139.999999999121428,11760.00000000185355,0.));
#9966= IFCDIRECTION((0.,0.,1.));
#9967= IFCDIRECTION((1.,0.,0.));
#9968= IFCAXIS2PLACEMENT3D(#9965,#9966,#9967);
#9969= IFCLOCALPLACEMENT(#51,#9968);
#9970= IFCPOLYLOOP((#9971,#9972,#9973,#9974));
#9971= IFCCARTESIANPOINT((-886.328102515475621,-35.,950.));
#9972= IFCCARTESIANPOINT((-53.299422816377046,-35.,950.));
#9973= IFCCARTESIANPOINT((-53.299422816377046,-35.,1000.));
#9974= IFCCARTESIANPOINT((-886.328102515475621,-35.,1000.));
#9975= IFCFACEOUTERBOUND(#9970,.T.);
#9976= IFCFACE((#9975));
#9977= IFCPOLYLOOP((#9972,#9978,#9979,#9973));
#9978= IFCCARTESIANPOINT((-53.299422816377046,35.,950.));
#9979= IFCCARTESIANPOINT((-53.299422816377046,35.,1000.));
#9980= IFCFACEOUTERBOUND(#9977,.T.);
#9981= IFCFACE((#9980));
#9982= IFCPOLYLOOP((#9978,#9983,#9984,#9979));
#9983= IFCCARTESIANPOINT((-886.328102515475621,35.,950.));
#9984= IFCCARTESIANPOINT((-886.328102515475621,35.,1000.));
#9985= IFCFACEOUTERBOUND(#9982,.T.);
#9986= IFCFACE((#9985));
#9987= IFCPOLYLOOP((#9983,#9971,#9974,#9984));
#9988= IFCFACEOUTERBOUND(#9987,.T.);
#9989= IFCFACE((#9988));
#9990= IFCPOLYLOOP((#9974,#9973,#9979,#9984));
#9991= IFCFACEOUTERBOUND(#9990,.T.);
#9992= IFCFACE((#9991));
#9993= IFCPOLYLOOP((#9971,#9983,#9978,#9972));
#9994= IFCFACEOUTERBOUND(#9993,.T.);
#9995= IFCFACE((#9994));
#9996= IFCCLOSEDSHELL((#9976,#9981,#9986,#9989,#9992,#9995));
#9997= IFCFACETEDBREP(#9996);
#9998= IFCSHAPEREPRESENTATION(#41,'Body','Brep',(#9997));
#9999= IFCCARTESIANPOINT((0.,0.,0.));
#10000= IFCDIRECTION((0.,0.,1.));
#10001= IFCDIRECTION((1.,0.,0.));
#10002= IFCAXIS2PLACEMENT3D(#9999,#10000,#10001);
#10003= IFCREPRESENTATIONMAP(#10002,#9998);
#10004= IFCDIRECTION((1.,0.,0.));
#10005= IFCDIRECTION((0.,1.,0.));
#10006= IFCDIRECTION((0.,0.,1.));
#10007= IFCCARTESIANPOINT((0.,0.,0.));
#10008= IFCCARTESIANTRANSFORMATIONOPERATOR3D(#10004,#10005,#10007,1.,#10006);
#10009= IFCMAPPEDITEM(#10003,#10008);
#10010= IFCPOLYLOOP((#10011,#10012,#10013,#10014));
#10011= IFCCARTESIANPOINT((-233.299422816377046,19.999999999999996,0.));
#10012= IFCCARTESIANPOINT((-233.299422816377046,-20.000000000000004,0.));
#10013= IFCCARTESIANPOINT((-273.299422816377046,-19.999999999999996,0.));
#10014= IFCCARTESIANPOINT((-273.299422816377046,20.000000000000004,0.));
#10015= IFCFACEOUTERBOUND(#10010,.T.);
#10016= IFCFACE((#10015));
#10017= IFCPOLYLOOP((#10012,#10011,#10018,#10019));
#10018= IFCCARTESIANPOINT((-233.299422816377046,19.999999999999996,950.));
#10019= IFCCARTESIANPOINT((-233.299422816377046,-20.000000000000004,950.));
#10020= IFCFACEOUTERBOUND(#10017,.T.);
#10021= IFCFACE((#10020));
#10022= IFCPOLYLOOP((#10013,#10012,#10019,#10023));
#10023= IFCCARTESIANPOINT((-273.299422816377046,-19.999999999999996,950.));
#10024= IFCFACEOUTERBOUND(#10022,.T.);
#10025= IFCFACE((#10024));
#10026= IFCPOLYLOOP((#10014,#10013,#10023,#10027));
#10027= IFCCARTESIANPOINT((-273.299422816377046,20.000000000000004,950.));
#10028= IFCFACEOUTERBOUND(#10026,.T.);
#10029= IFCFACE((#10028));
#10030= IFCPOLYLOOP((#10011,#10014,#10027,#10018));
#10031= IFCFACEOUTERBOUND(#10030,.T.);
#10032= IFCFACE((#10031));
#10033= IFCPOLYLOOP((#10018,#10027,#10023,#10019));
#10034= IFCFACEOUTERBOUND(#10033,.T.);
#10035= IFCFACE((#10034));
#10036= IFCCLOSEDSHELL((#10016,#10021,#10025,#10029,#10032,#10035));
#10037= IFCFACETEDBREP(#10036);
#10038= IFCPOLYLOOP((#10039,#10040,#10041,#10042));
#10039= IFCCARTESIANPOINT((-666.328102515475621,19.999999999999996,0.));
#10040= IFCCARTESIANPOINT((-666.328102515475621,-20.000000000000004,0.));
#10041= IFCCARTESIANPOINT((-706.328102515475621,-19.999999999999996,0.));
#10042= IFCCARTESIANPOINT((-706.328102515475621,20.000000000000004,0.));
#10043= IFCFACEOUTERBOUND(#10038,.T.);
#10044= IFCFACE((#10043));
#10045= IFCPOLYLOOP((#10040,#10039,#10046,#10047));
#10046= IFCCARTESIANPOINT((-666.328102515475621,19.999999999999996,950.));
#10047= IFCCARTESIANPOINT((-666.328102515475621,-20.000000000000004,950.));
#10048= IFCFACEOUTERBOUND(#10045,.T.);
#10049= IFCFACE((#10048));
#10050= IFCPOLYLOOP((#10041,#10040,#10047,#10051));
#10051= IFCCARTESIANPOINT((-706.328102515475621,-19.999999999999996,950.));
#10052= IFCFACEOUTERBOUND(#10050,.T.);
#10053= IFCFACE((#10052));
#10054= IFCPOLYLOOP((#10042,#10041,#10051,#10055));
#10055= IFCCARTESIANPOINT((-706.328102515475621,20.000000000000004,950.));
#10056= IFCFACEOUTERBOUND(#10054,.T.);
#10057= IFCFACE((#10056));
#10058= IFCPOLYLOOP((#10039,#10042,#10055,#10046));
#10059= IFCFACEOUTERBOUND(#10058,.T.);
#10060= IFCFACE((#10059));
#10061= IFCPOLYLOOP((#10046,#10055,#10051,#10047));
#10062= IFCFACEOUTERBOUND(#10061,.T.);
#10063= IFCFACE((#10062));
#10064= IFCCLOSEDSHELL((#10044,#10049,#10053,#10057,#10060,#10063));
#10065= IFCFACETEDBREP(#10064);
#10066= IFCPOLYLOOP((#10067,#10068,#10069,#10070));
#10067= IFCCARTESIANPOINT((-273.299422816377046,5.,755.));
#10068= IFCCARTESIANPOINT((-273.299422816377046,5.,745.));
#10069= IFCCARTESIANPOINT((-666.328102515475507,5.,745.));
#10070= IFCCARTESIANPOINT((-666.328102515475507,5.,755.));
#10071= IFCFACEOUTERBOUND(#10066,.T.);
#10072= IFCFACE((#10071));
#10073= IFCPOLYLOOP((#10074,#10067,#10070,#10075));
#10074= IFCCARTESIANPOINT((-273.299422816377046,-5.,755.));
#10075= IFCCARTESIANPOINT((-666.328102515475507,-5.,755.));
#10076= IFCFACEOUTERBOUND(#10073,.T.);
#10077= IFCFACE((#10076));
#10078= IFCPOLYLOOP((#10079,#10074,#10075,#10080));
#10079= IFCCARTESIANPOINT((-273.299422816377046,-5.,745.));
#10080= IFCCARTESIANPOINT((-666.328102515475507,-5.,745.));
#10081= IFCFACEOUTERBOUND(#10078,.T.);
#10082= IFCFACE((#10081));
#10083= IFCPOLYLOOP((#10068,#10079,#10080,#10069));
#10084= IFCFACEOUTERBOUND(#10083,.T.);
#10085= IFCFACE((#10084));
#10086= IFCPOLYLOOP((#10069,#10080,#10075,#10070));
#10087= IFCFACEOUTERBOUND(#10086,.T.);
#10088= IFCFACE((#10087));
#10089= IFCPOLYLOOP((#10079,#10068,#10067,#10074));
#10090= IFCFACEOUTERBOUND(#10089,.T.);
#10091= IFCFACE((#10090));
#10092= IFCCLOSEDSHELL((#10072,#10077,#10082,#10085,#10088,#10091));
#10093= IFCFACETEDBREP(#10092);
#10094= IFCPOLYLOOP((#10095,#10096,#10097,#10098));
#10095= IFCCARTESIANPOINT((-273.299422816377046,5.,555.));
#10096= IFCCARTESIANPOINT((-273.299422816377046,5.,545.));
#10097= IFCCARTESIANPOINT((-666.328102515475507,5.,545.));
#10098= IFCCARTESIANPOINT((-666.328102515475507,5.,555.));
#10099= IFCFACEOUTERBOUND(#10094,.T.);
#10100= IFCFACE((#10099));
#10101= IFCPOLYLOOP((#10102,#10096,#10095,#10103));
#10102= IFCCARTESIANPOINT((-273.299422816377046,-5.,545.));
#10103= IFCCARTESIANPOINT((-273.299422816377046,-5.,555.));
#10104= IFCFACEOUTERBOUND(#10101,.T.);
#10105= IFCFACE((#10104));
#10106= IFCPOLYLOOP((#10096,#10102,#10107,#10097));
#10107= IFCCARTESIANPOINT((-666.328102515475507,-5.,545.));
#10108= IFCFACEOUTERBOUND(#10106,.T.);
#10109= IFCFACE((#10108));
#10110= IFCPOLYLOOP((#10097,#10107,#10111,#10098));
#10111= IFCCARTESIANPOINT((-666.328102515475507,-5.,555.));
#10112= IFCFACEOUTERBOUND(#10110,.T.);
#10113= IFCFACE((#10112));
#10114= IFCPOLYLOOP((#10103,#10095,#10098,#10111));
#10115= IFCFACEOUTERBOUND(#10114,.T.);
#10116= IFCFACE((#10115));
#10117= IFCPOLYLOOP((#10102,#10103,#10111,#10107));
#10118= IFCFACEOUTERBOUND(#10117,.T.);
#10119= IFCFACE((#10118));
#10120= IFCCLOSEDSHELL((#10100,#10105,#10109,#10113,#10116,#10119));
#10121= IFCFACETEDBREP(#10120);
#10122= IFCSHAPEREPRESENTATION(#41,'Body','Brep',(#10037,#10065,#10093,#10121));
#10123= IFCCARTESIANPOINT((0.,0.,0.));
#10124= IFCDIRECTION((0.,0.,1.));
#10125= IFCDIRECTION((1.,0.,0.));
#10126= IFCAXIS2PLACEMENT3D(#10123,#10124,#10125);
#10127= IFCREPRESENTATIONMAP(#10126,#10122);
#10128= IFCDIRECTION((1.,0.,0.));
#10129= IFCDIRECTION((0.,1.,0.));
#10130= IFCDIRECTION((0.,0.,1.));
#10131= IFCCARTESIANPOINT((0.,0.,0.));
#10132= IFCCARTESIANTRANSFORMATIONOPERATOR3D(#10128,#10129,#10131,1.,#10130);
#10133= IFCMAPPEDITEM(#10127,#10132);
#10134= IFCSHAPEREPRESENTATION(#41,'Body','MappedRepresentation',(#10009,#10133));
#10135= IFCPRODUCTDEFINITIONSHAPE($,$,(#10134));
#10136= IFCSTYLEDITEM(#10009,(#9583),$);
#10137= IFCSTYLEDITEM(#10133,(#9583),$);
#10138= IFCRAILING('05pU8i9cLBERzXmfLDyoQG',$,'\X2\041E043304400430043604340435043D04380435\X0\: 1\X2\00A0\X0\000,00 \X2\043C043C\X0\',$,$,#10143,#10309,$,.GUARDRAIL.);
#10139= IFCCARTESIANPOINT((11139.999999999121428,11760.00000000185355,0.));
#10140= IFCDIRECTION((0.,0.,1.));
#10141= IFCDIRECTION((1.,0.,0.));
#10142= IFCAXIS2PLACEMENT3D(#10139,#10140,#10141);
#10143= IFCLOCALPLACEMENT(#51,#10142);
#10144= IFCPOLYLOOP((#10145,#10146,#10147,#10148));
#10145= IFCCARTESIANPOINT((-886.32810251547744,-1435.000000000001819,950.));
#10146= IFCCARTESIANPOINT((-53.299422816378865,-1435.000000000001819,950.));
#10147= IFCCARTESIANPOINT((-53.299422816378865,-1435.000000000001819,1000.));
#10148= IFCCARTESIANPOINT((-886.32810251547744,-1435.000000000001819,1000.));
#10149= IFCFACEOUTERBOUND(#10144,.T.);
#10150= IFCFACE((#10149));
#10151= IFCPOLYLOOP((#10146,#10152,#10153,#10147));
#10152= IFCCARTESIANPOINT((-53.299422816378865,-1365.000000000001819,950.));
#10153= IFCCARTESIANPOINT((-53.299422816378865,-1365.000000000001819,1000.));
#10154= IFCFACEOUTERBOUND(#10151,.T.);
#10155= IFCFACE((#10154));
#10156= IFCPOLYLOOP((#10152,#10157,#10158,#10153));
#10157= IFCCARTESIANPOINT((-886.32810251547744,-1365.000000000001819,950.));
#10158= IFCCARTESIANPOINT((-886.32810251547744,-1365.000000000001819,1000.));
#10159= IFCFACEOUTERBOUND(#10156,.T.);
#10160= IFCFACE((#10159));
#10161= IFCPOLYLOOP((#10157,#10145,#10148,#10158));
#10162= IFCFACEOUTERBOUND(#10161,.T.);
#10163= IFCFACE((#10162));
#10164= IFCPOLYLOOP((#10148,#10147,#10153,#10158));
#10165= IFCFACEOUTERBOUND(#10164,.T.);
#10166= IFCFACE((#10165));
#10167= IFCPOLYLOOP((#10145,#10157,#10152,#10146));
#10168= IFCFACEOUTERBOUND(#10167,.T.);
#10169= IFCFACE((#10168));
#10170= IFCCLOSEDSHELL((#10150,#10155,#10160,#10163,#10166,#10169));
#10171= IFCFACETEDBREP(#10170);
#10172= IFCSHAPEREPRESENTATION(#41,'Body','Brep',(#10171));
#10173= IFCCARTESIANPOINT((0.,0.,0.));
#10174= IFCDIRECTION((0.,0.,1.));
#10175= IFCDIRECTION((1.,0.,0.));
#10176= IFCAXIS2PLACEMENT3D(#10173,#10174,#10175);
#10177= IFCREPRESENTATIONMAP(#10176,#10172);
#10178= IFCDIRECTION((1.,0.,0.));
#10179= IFCDIRECTION((0.,1.,0.));
#10180= IFCDIRECTION((0.,0.,1.));
#10181= IFCCARTESIANPOINT((0.,0.,0.));
#10182= IFCCARTESIANTRANSFORMATIONOPERATOR3D(#10178,#10179,#10181,1.,#10180);
#10183= IFCMAPPEDITEM(#10177,#10182);
#10184= IFCPOLYLOOP((#10185,#10186,#10187,#10188));
#10185= IFCCARTESIANPOINT((-233.299422816378865,-1380.000000000001819,0.));
#10186= IFCCARTESIANPOINT((-233.299422816378865,-1420.000000000001819,0.));
#10187= IFCCARTESIANPOINT((-273.299422816378865,-1420.000000000001819,0.));
#10188= IFCCARTESIANPOINT((-273.299422816378865,-1380.000000000001819,0.));
#10189= IFCFACEOUTERBOUND(#10184,.T.);
#10190= IFCFACE((#10189));
#10191= IFCPOLYLOOP((#10186,#10185,#10192,#10193));
#10192= IFCCARTESIANPOINT((-233.299422816378865,-1380.000000000001819,950.));
#10193= IFCCARTESIANPOINT((-233.299422816378865,-1420.000000000001819,950.));
#10194= IFCFACEOUTERBOUND(#10191,.T.);
#10195= IFCFACE((#10194));
#10196= IFCPOLYLOOP((#10187,#10186,#10193,#10197));
#10197= IFCCARTESIANPOINT((-273.299422816378865,-1420.000000000001819,950.));
#10198= IFCFACEOUTERBOUND(#10196,.T.);
#10199= IFCFACE((#10198));
#10200= IFCPOLYLOOP((#10188,#10187,#10197,#10201));
#10201= IFCCARTESIANPOINT((-273.299422816378865,-1380.000000000001819,950.));
#10202= IFCFACEOUTERBOUND(#10200,.T.);
#10203= IFCFACE((#10202));
#10204= IFCPOLYLOOP((#10185,#10188,#10201,#10192));
#10205= IFCFACEOUTERBOUND(#10204,.T.);
#10206= IFCFACE((#10205));
#10207= IFCPOLYLOOP((#10192,#10201,#10197,#10193));
#10208= IFCFACEOUTERBOUND(#10207,.T.);
#10209= IFCFACE((#10208));
#10210= IFCCLOSEDSHELL((#10190,#10195,#10199,#10203,#10206,#10209));
#10211= IFCFACETEDBREP(#10210);
#10212= IFCPOLYLOOP((#10213,#10214,#10215,#10216));
#10213= IFCCARTESIANPOINT((-666.32810251547744,-1380.000000000001819,0.));
#10214= IFCCARTESIANPOINT((-666.32810251547744,-1420.000000000001819,0.));
#10215= IFCCARTESIANPOINT((-706.32810251547744,-1420.000000000001819,0.));
#10216= IFCCARTESIANPOINT((-706.32810251547744,-1380.000000000001819,0.));
#10217= IFCFACEOUTERBOUND(#10212,.T.);
#10218= IFCFACE((#10217));
#10219= IFCPOLYLOOP((#10214,#10213,#10220,#10221));
#10220= IFCCARTESIANPOINT((-666.32810251547744,-1380.000000000001819,950.));
#10221= IFCCARTESIANPOINT((-666.32810251547744,-1420.000000000001819,950.));
#10222= IFCFACEOUTERBOUND(#10219,.T.);
#10223= IFCFACE((#10222));
#10224= IFCPOLYLOOP((#10215,#10214,#10221,#10225));
#10225= IFCCARTESIANPOINT((-706.32810251547744,-1420.000000000001819,950.));
#10226= IFCFACEOUTERBOUND(#10224,.T.);
#10227= IFCFACE((#10226));
#10228= IFCPOLYLOOP((#10216,#10215,#10225,#10229));
#10229= IFCCARTESIANPOINT((-706.32810251547744,-1380.000000000001819,950.));
#10230= IFCFACEOUTERBOUND(#10228,.T.);
#10231= IFCFACE((#10230));
#10232= IFCPOLYLOOP((#10213,#10216,#10229,#10220));
#10233= IFCFACEOUTERBOUND(#10232,.T.);
#10234= IFCFACE((#10233));
#10235= IFCPOLYLOOP((#10220,#10229,#10225,#10221));
#10236= IFCFACEOUTERBOUND(#10235,.T.);
#10237= IFCFACE((#10236));
#10238= IFCCLOSEDSHELL((#10218,#10223,#10227,#10231,#10234,#10237));
#10239= IFCFACETEDBREP(#10238);
#10240= IFCPOLYLOOP((#10241,#10242,#10243,#10244));
#10241= IFCCARTESIANPOINT((-273.299422816378865,-1395.000000000001819,755.));
#10242= IFCCARTESIANPOINT((-273.299422816378865,-1395.000000000001819,745.));
#10243= IFCCARTESIANPOINT((-666.328102515477326,-1395.000000000001819,745.));
#10244= IFCCARTESIANPOINT((-666.328102515477326,-1395.000000000001819,755.));
#10245= IFCFACEOUTERBOUND(#10240,.T.);
#10246= IFCFACE((#10245));
#10247= IFCPOLYLOOP((#10248,#10241,#10244,#10249));
#10248= IFCCARTESIANPOINT((-273.299422816378865,-1405.000000000001819,755.));
#10249= IFCCARTESIANPOINT((-666.328102515477326,-1405.000000000001819,755.));
#10250= IFCFACEOUTERBOUND(#10247,.T.);
#10251= IFCFACE((#10250));
#10252= IFCPOLYLOOP((#10253,#10248,#10249,#10254));
#10253= IFCCARTESIANPOINT((-273.299422816378865,-1405.000000000001819,745.));
#10254= IFCCARTESIANPOINT((-666.328102515477326,-1405.000000000001819,745.));
#10255= IFCFACEOUTERBOUND(#10252,.T.);
#10256= IFCFACE((#10255));
#10257= IFCPOLYLOOP((#10242,#10253,#10254,#10243));
#10258= IFCFACEOUTERBOUND(#10257,.T.);
#10259= IFCFACE((#10258));
#10260= IFCPOLYLOOP((#10243,#10254,#10249,#10244));
#10261= IFCFACEOUTERBOUND(#10260,.T.);
#10262= IFCFACE((#10261));
#10263= IFCPOLYLOOP((#10253,#10242,#10241,#10248));
#10264= IFCFACEOUTERBOUND(#10263,.T.);
#10265= IFCFACE((#10264));
#10266= IFCCLOSEDSHELL((#10246,#10251,#10256,#10259,#10262,#10265));
#10267= IFCFACETEDBREP(#10266);
#10268= IFCPOLYLOOP((#10269,#10270,#10271,#10272));
#10269= IFCCARTESIANPOINT((-273.299422816378865,-1395.000000000001819,555.));
#10270= IFCCARTESIANPOINT((-273.299422816378865,-1395.000000000001819,545.));
#10271= IFCCARTESIANPOINT((-666.328102515477326,-1395.000000000001819,545.));
#10272= IFCCARTESIANPOINT((-666.328102515477326,-1395.000000000001819,555.));
#10273= IFCFACEOUTERBOUND(#10268,.T.);
#10274= IFCFACE((#10273));
#10275= IFCPOLYLOOP((#10276,#10270,#10269,#10277));
#10276= IFCCARTESIANPOINT((-273.299422816378865,-1405.000000000001819,545.));
#10277= IFCCARTESIANPOINT((-273.299422816378865,-1405.000000000001819,555.));
#10278= IFCFACEOUTERBOUND(#10275,.T.);
#10279= IFCFACE((#10278));
#10280= IFCPOLYLOOP((#10270,#10276,#10281,#10271));
#10281= IFCCARTESIANPOINT((-666.328102515477326,-1405.000000000001819,545.));
#10282= IFCFACEOUTERBOUND(#10280,.T.);
#10283= IFCFACE((#10282));
#10284= IFCPOLYLOOP((#10271,#10281,#10285,#10272));
#10285= IFCCARTESIANPOINT((-666.328102515477326,-1405.000000000001819,555.));
#10286= IFCFACEOUTERBOUND(#10284,.T.);
#10287= IFCFACE((#10286));
#10288= IFCPOLYLOOP((#10277,#10269,#10272,#10285));
#10289= IFCFACEOUTERBOUND(#10288,.T.);
#10290= IFCFACE((#10289));
#10291= IFCPOLYLOOP((#10276,#10277,#10285,#10281));
#10292= IFCFACEOUTERBOUND(#10291,.T.);
#10293= IFCFACE((#10292));
#10294= IFCCLOSEDSHELL((#10274,#10279,#10283,#10287,#10290,#10293));
#10295= IFCFACETEDBREP(#10294);
#10296= IFCSHAPEREPRESENTATION(#41,'Body','Brep',(#10211,#10239,#10267,#10295));
#10297= IFCCARTESIANPOINT((0.,0.,0.));
#10298= IFCDIRECTION((0.,0.,1.));
#10299= IFCDIRECTION((1.,0.,0.));
#10300= IFCAXIS2PLACEMENT3D(#10297,#10298,#10299);
#10301= IFCREPRESENTATIONMAP(#10300,#10296);
#10302= IFCDIRECTION((1.,0.,0.));
#10303= IFCDIRECTION((0.,1.,0.));
#10304= IFCDIRECTION((0.,0.,1.));
#10305= IFCCARTESIANPOINT((0.,0.,0.));
#10306= IFCCARTESIANTRANSFORMATIONOPERATOR3D(#10302,#10303,#10305,1.,#10304);
#10307= IFCMAPPEDITEM(#10301,#10306);
#10308= IFCSHAPEREPRESENTATION(#41,'Body','MappedRepresentation',(#10183,#10307));
#10309= IFCPRODUCTDEFINITIONSHAPE($,$,(#10308));
#10310= IFCSTYLEDITEM(#10183,(#9583),$);
#10311= IFCSTYLEDITEM(#10307,(#9583),$);
#10312= IFCRAILING('3IsJ5r6RnDP9Zlpm5CAlk2',$,'\X2\041E043304400430043604340435043D04380435\X0\: 1\X2\00A0\X0\000,00 \X2\043C043C\X0\',$,$,#10317,#10579,$,.GUARDRAIL.);
#10313= IFCCARTESIANPOINT((-1589.999999999997272,8910.000000000005457,0.));
#10314= IFCDIRECTION((0.,0.,1.));
#10315= IFCDIRECTION((1.,0.,0.));
#10316= IFCAXIS2PLACEMENT3D(#10313,#10314,#10315);
#10317= IFCLOCALPLACEMENT(#51,#10316);
#10318= IFCPOLYLOOP((#10319,#10320,#10321,#10322));
#10319= IFCCARTESIANPOINT((1329.240740448407905,35.,950.));
#10320= IFCCARTESIANPOINT((3.972478692356162,35.,950.));
#10321= IFCCARTESIANPOINT((3.972478692356162,35.,1000.));
#10322= IFCCARTESIANPOINT((1329.240740448407905,35.,1000.));
#10323= IFCFACEOUTERBOUND(#10318,.T.);
#10324= IFCFACE((#10323));
#10325= IFCPOLYLOOP((#10320,#10326,#10327,#10321));
#10326= IFCCARTESIANPOINT((3.972478692356162,-35.,950.));
#10327= IFCCARTESIANPOINT((3.972478692356162,-35.,1000.));
#10328= IFCFACEOUTERBOUND(#10325,.T.);
#10329= IFCFACE((#10328));
#10330= IFCPOLYLOOP((#10326,#10331,#10332,#10327));
#10331= IFCCARTESIANPOINT((1329.240740448407905,-35.,950.));
#10332= IFCCARTESIANPOINT((1329.240740448407905,-35.,1000.));
#10333= IFCFACEOUTERBOUND(#10330,.T.);
#10334= IFCFACE((#10333));
#10335= IFCPOLYLOOP((#10331,#10319,#10322,#10332));
#10336= IFCFACEOUTERBOUND(#10335,.T.);
#10337= IFCFACE((#10336));
#10338= IFCPOLYLOOP((#10322,#10321,#10327,#10332));
#10339= IFCFACEOUTERBOUND(#10338,.T.);
#10340= IFCFACE((#10339));
#10341= IFCPOLYLOOP((#10319,#10331,#10326,#10320));
#10342= IFCFACEOUTERBOUND(#10341,.T.);
#10343= IFCFACE((#10342));
#10344= IFCCLOSEDSHELL((#10324,#10329,#10334,#10337,#10340,#10343));
#10345= IFCFACETEDBREP(#10344);
#10346= IFCSHAPEREPRESENTATION(#41,'Body','Brep',(#10345));
#10347= IFCCARTESIANPOINT((0.,0.,0.));
#10348= IFCDIRECTION((0.,0.,1.));
#10349= IFCDIRECTION((1.,0.,0.));
#10350= IFCAXIS2PLACEMENT3D(#10347,#10348,#10349);
#10351= IFCREPRESENTATIONMAP(#10350,#10346);
#10352= IFCDIRECTION((1.,0.,0.));
#10353= IFCDIRECTION((0.,1.,0.));
#10354= IFCDIRECTION((0.,0.,1.));
#10355= IFCCARTESIANPOINT((0.,0.,0.));
#10356= IFCCARTESIANTRANSFORMATIONOPERATOR3D(#10352,#10353,#10355,1.,#10354);
#10357= IFCMAPPEDITEM(#10351,#10356);
#10358= IFCPOLYLOOP((#10359,#10360,#10361,#10362));
#10359= IFCCARTESIANPOINT((183.972478692356162,-20.,0.));
#10360= IFCCARTESIANPOINT((183.972478692356162,20.,0.));
#10361= IFCCARTESIANPOINT((223.972478692356162,20.,0.));
#10362= IFCCARTESIANPOINT((223.972478692356162,-20.,0.));
#10363= IFCFACEOUTERBOUND(#10358,.T.);
#10364= IFCFACE((#10363));
#10365= IFCPOLYLOOP((#10360,#10359,#10366,#10367));
#10366= IFCCARTESIANPOINT((183.972478692356162,-20.,950.));
#10367= IFCCARTESIANPOINT((183.972478692356162,20.,950.));
#10368= IFCFACEOUTERBOUND(#10365,.T.);
#10369= IFCFACE((#10368));
#10370= IFCPOLYLOOP((#10361,#10360,#10367,#10371));
#10371= IFCCARTESIANPOINT((223.972478692356162,20.,950.));
#10372= IFCFACEOUTERBOUND(#10370,.T.);
#10373= IFCFACE((#10372));
#10374= IFCPOLYLOOP((#10362,#10361,#10371,#10375));
#10375= IFCCARTESIANPOINT((223.972478692356162,-20.,950.));
#10376= IFCFACEOUTERBOUND(#10374,.T.);
#10377= IFCFACE((#10376));
#10378= IFCPOLYLOOP((#10359,#10362,#10375,#10366));
#10379= IFCFACEOUTERBOUND(#10378,.T.);
#10380= IFCFACE((#10379));
#10381= IFCPOLYLOOP((#10366,#10375,#10371,#10367));
#10382= IFCFACEOUTERBOUND(#10381,.T.);
#10383= IFCFACE((#10382));
#10384= IFCCLOSEDSHELL((#10364,#10369,#10373,#10377,#10380,#10383));
#10385= IFCFACETEDBREP(#10384);
#10386= IFCPOLYLOOP((#10387,#10388,#10389,#10390));
#10387= IFCCARTESIANPOINT((223.972478692356162,-5.,755.));
#10388= IFCCARTESIANPOINT((223.972478692356162,-5.,745.));
#10389= IFCCARTESIANPOINT((583.972478692356162,-5.,745.));
#10390= IFCCARTESIANPOINT((583.972478692356162,-5.,755.));
#10391= IFCFACEOUTERBOUND(#10386,.T.);
#10392= IFCFACE((#10391));
#10393= IFCPOLYLOOP((#10394,#10387,#10390,#10395));
#10394= IFCCARTESIANPOINT((223.972478692356162,5.,755.));
#10395= IFCCARTESIANPOINT((583.972478692356162,5.,755.));
#10396= IFCFACEOUTERBOUND(#10393,.T.);
#10397= IFCFACE((#10396));
#10398= IFCPOLYLOOP((#10399,#10394,#10395,#10400));
#10399= IFCCARTESIANPOINT((223.972478692356162,5.,745.));
#10400= IFCCARTESIANPOINT((583.972478692356162,5.,745.));
#10401= IFCFACEOUTERBOUND(#10398,.T.);
#10402= IFCFACE((#10401));
#10403= IFCPOLYLOOP((#10388,#10399,#10400,#10389));
#10404= IFCFACEOUTERBOUND(#10403,.T.);
#10405= IFCFACE((#10404));
#10406= IFCPOLYLOOP((#10389,#10400,#10395,#10390));
#10407= IFCFACEOUTERBOUND(#10406,.T.);
#10408= IFCFACE((#10407));
#10409= IFCPOLYLOOP((#10399,#10388,#10387,#10394));
#10410= IFCFACEOUTERBOUND(#10409,.T.);
#10411= IFCFACE((#10410));
#10412= IFCCLOSEDSHELL((#10392,#10397,#10402,#10405,#10408,#10411));
#10413= IFCFACETEDBREP(#10412);
#10414= IFCPOLYLOOP((#10415,#10416,#10417,#10418));
#10415= IFCCARTESIANPOINT((223.972478692356162,-5.,555.));
#10416= IFCCARTESIANPOINT((223.972478692356162,-5.,545.));
#10417= IFCCARTESIANPOINT((583.972478692356162,-5.,545.));
#10418= IFCCARTESIANPOINT((583.972478692356162,-5.,555.));
#10419= IFCFACEOUTERBOUND(#10414,.T.);
#10420= IFCFACE((#10419));
#10421= IFCPOLYLOOP((#10422,#10416,#10415,#10423));
#10422= IFCCARTESIANPOINT((223.972478692356162,5.,545.));
#10423= IFCCARTESIANPOINT((223.972478692356162,5.,555.));
#10424= IFCFACEOUTERBOUND(#10421,.T.);
#10425= IFCFACE((#10424));
#10426= IFCPOLYLOOP((#10416,#10422,#10427,#10417));
#10427= IFCCARTESIANPOINT((583.972478692356162,5.,545.));
#10428= IFCFACEOUTERBOUND(#10426,.T.);
#10429= IFCFACE((#10428));
#10430= IFCPOLYLOOP((#10417,#10427,#10431,#10418));
#10431= IFCCARTESIANPOINT((583.972478692356162,5.,555.));
#10432= IFCFACEOUTERBOUND(#10430,.T.);
#10433= IFCFACE((#10432));
#10434= IFCPOLYLOOP((#10423,#10415,#10418,#10431));
#10435= IFCFACEOUTERBOUND(#10434,.T.);
#10436= IFCFACE((#10435));
#10437= IFCPOLYLOOP((#10422,#10423,#10431,#10427));
#10438= IFCFACEOUTERBOUND(#10437,.T.);
#10439= IFCFACE((#10438));
#10440= IFCCLOSEDSHELL((#10420,#10425,#10429,#10433,#10436,#10439));
#10441= IFCFACETEDBREP(#10440);
#10442= IFCSHAPEREPRESENTATION(#41,'Body','Brep',(#10385,#10413,#10441));
#10443= IFCCARTESIANPOINT((0.,0.,0.));
#10444= IFCDIRECTION((0.,0.,1.));
#10445= IFCDIRECTION((1.,0.,0.));
#10446= IFCAXIS2PLACEMENT3D(#10443,#10444,#10445);
#10447= IFCREPRESENTATIONMAP(#10446,#10442);
#10448= IFCDIRECTION((1.,0.,0.));
#10449= IFCDIRECTION((0.,1.,0.));
#10450= IFCDIRECTION((0.,0.,1.));
#10451= IFCCARTESIANPOINT((0.,0.,0.));
#10452= IFCCARTESIANTRANSFORMATIONOPERATOR3D(#10448,#10449,#10451,1.,#10450);
#10453= IFCMAPPEDITEM(#10447,#10452);
#10454= IFCPOLYLOOP((#10455,#10456,#10457,#10458));
#10455= IFCCARTESIANPOINT((583.972478692356162,-20.,0.));
#10456= IFCCARTESIANPOINT((583.972478692356162,20.,0.));
#10457= IFCCARTESIANPOINT((623.972478692356162,20.,0.));
#10458= IFCCARTESIANPOINT((623.972478692356162,-20.,0.));
#10459= IFCFACEOUTERBOUND(#10454,.T.);
#10460= IFCFACE((#10459));
#10461= IFCPOLYLOOP((#10456,#10455,#10462,#10463));
#10462= IFCCARTESIANPOINT((583.972478692356162,-20.,950.));
#10463= IFCCARTESIANPOINT((583.972478692356162,20.,950.));
#10464= IFCFACEOUTERBOUND(#10461,.T.);
#10465= IFCFACE((#10464));
#10466= IFCPOLYLOOP((#10457,#10456,#10463,#10467));
#10467= IFCCARTESIANPOINT((623.972478692356162,20.,950.));
#10468= IFCFACEOUTERBOUND(#10466,.T.);
#10469= IFCFACE((#10468));
#10470= IFCPOLYLOOP((#10458,#10457,#10467,#10471));
#10471= IFCCARTESIANPOINT((623.972478692356162,-20.,950.));
#10472= IFCFACEOUTERBOUND(#10470,.T.);
#10473= IFCFACE((#10472));
#10474= IFCPOLYLOOP((#10455,#10458,#10471,#10462));
#10475= IFCFACEOUTERBOUND(#10474,.T.);
#10476= IFCFACE((#10475));
#10477= IFCPOLYLOOP((#10462,#10471,#10467,#10463));
#10478= IFCFACEOUTERBOUND(#10477,.T.);
#10479= IFCFACE((#10478));
#10480= IFCCLOSEDSHELL((#10460,#10465,#10469,#10473,#10476,#10479));
#10481= IFCFACETEDBREP(#10480);
#10482= IFCPOLYLOOP((#10483,#10484,#10485,#10486));
#10483= IFCCARTESIANPOINT((1109.240740448407905,-20.,0.));
#10484= IFCCARTESIANPOINT((1109.240740448407905,20.,0.));
#10485= IFCCARTESIANPOINT((1149.240740448407905,20.,0.));
#10486= IFCCARTESIANPOINT((1149.240740448407905,-20.,0.));
#10487= IFCFACEOUTERBOUND(#10482,.T.);
#10488= IFCFACE((#10487));
#10489= IFCPOLYLOOP((#10484,#10483,#10490,#10491));
#10490= IFCCARTESIANPOINT((1109.240740448407905,-20.,950.));
#10491= IFCCARTESIANPOINT((1109.240740448407905,20.,950.));
#10492= IFCFACEOUTERBOUND(#10489,.T.);
#10493= IFCFACE((#10492));
#10494= IFCPOLYLOOP((#10485,#10484,#10491,#10495));
#10495= IFCCARTESIANPOINT((1149.240740448407905,20.,950.));
#10496= IFCFACEOUTERBOUND(#10494,.T.);
#10497= IFCFACE((#10496));
#10498= IFCPOLYLOOP((#10486,#10485,#10495,#10499));
#10499= IFCCARTESIANPOINT((1149.240740448407905,-20.,950.));
#10500= IFCFACEOUTERBOUND(#10498,.T.);
#10501= IFCFACE((#10500));
#10502= IFCPOLYLOOP((#10483,#10486,#10499,#10490));
#10503= IFCFACEOUTERBOUND(#10502,.T.);
#10504= IFCFACE((#10503));
#10505= IFCPOLYLOOP((#10490,#10499,#10495,#10491));
#10506= IFCFACEOUTERBOUND(#10505,.T.);
#10507= IFCFACE((#10506));
#10508= IFCCLOSEDSHELL((#10488,#10493,#10497,#10501,#10504,#10507));
#10509= IFCFACETEDBREP(#10508);
#10510= IFCPOLYLOOP((#10511,#10512,#10513,#10514));
#10511= IFCCARTESIANPOINT((623.972478692356162,-5.,755.));
#10512= IFCCARTESIANPOINT((623.972478692356162,-5.,745.));
#10513= IFCCARTESIANPOINT((1109.240740448407905,-5.,745.));
#10514= IFCCARTESIANPOINT((1109.240740448407905,-5.,755.));
#10515= IFCFACEOUTERBOUND(#10510,.T.);
#10516= IFCFACE((#10515));
#10517= IFCPOLYLOOP((#10518,#10511,#10514,#10519));
#10518= IFCCARTESIANPOINT((623.972478692356162,5.,755.));
#10519= IFCCARTESIANPOINT((1109.240740448407905,5.,755.));
#10520= IFCFACEOUTERBOUND(#10517,.T.);
#10521= IFCFACE((#10520));
#10522= IFCPOLYLOOP((#10523,#10518,#10519,#10524));
#10523= IFCCARTESIANPOINT((623.972478692356162,5.,745.));
#10524= IFCCARTESIANPOINT((1109.240740448407905,5.,745.));
#10525= IFCFACEOUTERBOUND(#10522,.T.);
#10526= IFCFACE((#10525));
#10527= IFCPOLYLOOP((#10512,#10523,#10524,#10513));
#10528= IFCFACEOUTERBOUND(#10527,.T.);
#10529= IFCFACE((#10528));
#10530= IFCPOLYLOOP((#10513,#10524,#10519,#10514));
#10531= IFCFACEOUTERBOUND(#10530,.T.);
#10532= IFCFACE((#10531));
#10533= IFCPOLYLOOP((#10523,#10512,#10511,#10518));
#10534= IFCFACEOUTERBOUND(#10533,.T.);
#10535= IFCFACE((#10534));
#10536= IFCCLOSEDSHELL((#10516,#10521,#10526,#10529,#10532,#10535));
#10537= IFCFACETEDBREP(#10536);
#10538= IFCPOLYLOOP((#10539,#10540,#10541,#10542));
#10539= IFCCARTESIANPOINT((623.972478692356162,-5.,555.));
#10540= IFCCARTESIANPOINT((623.972478692356162,-5.,545.));
#10541= IFCCARTESIANPOINT((1109.240740448407905,-5.,545.));
#10542= IFCCARTESIANPOINT((1109.240740448407905,-5.,555.));
#10543= IFCFACEOUTERBOUND(#10538,.T.);
#10544= IFCFACE((#10543));
#10545= IFCPOLYLOOP((#10546,#10540,#10539,#10547));
#10546= IFCCARTESIANPOINT((623.972478692356162,5.,545.));
#10547= IFCCARTESIANPOINT((623.972478692356162,5.,555.));
#10548= IFCFACEOUTERBOUND(#10545,.T.);
#10549= IFCFACE((#10548));
#10550= IFCPOLYLOOP((#10540,#10546,#10551,#10541));
#10551= IFCCARTESIANPOINT((1109.240740448407905,5.,545.));
#10552= IFCFACEOUTERBOUND(#10550,.T.);
#10553= IFCFACE((#10552));
#10554= IFCPOLYLOOP((#10541,#10551,#10555,#10542));
#10555= IFCCARTESIANPOINT((1109.240740448407905,5.,555.));
#10556= IFCFACEOUTERBOUND(#10554,.T.);
#10557= IFCFACE((#10556));
#10558= IFCPOLYLOOP((#10547,#10539,#10542,#10555));
#10559= IFCFACEOUTERBOUND(#10558,.T.);
#10560= IFCFACE((#10559));
#10561= IFCPOLYLOOP((#10546,#10547,#10555,#10551));
#10562= IFCFACEOUTERBOUND(#10561,.T.);
#10563= IFCFACE((#10562));
#10564= IFCCLOSEDSHELL((#10544,#10549,#10553,#10557,#10560,#10563));
#10565= IFCFACETEDBREP(#10564);
#10566= IFCSHAPEREPRESENTATION(#41,'Body','Brep',(#10481,#10509,#10537,#10565));
#10567= IFCCARTESIANPOINT((0.,0.,0.));
#10568= IFCDIRECTION((0.,0.,1.));
#10569= IFCDIRECTION((1.,0.,0.));
#10570= IFCAXIS2PLACEMENT3D(#10567,#10568,#10569);
#10571= IFCREPRESENTATIONMAP(#10570,#10566);
#10572= IFCDIRECTION((1.,0.,0.));
#10573= IFCDIRECTION((0.,1.,0.));
#10574= IFCDIRECTION((0.,0.,1.));
#10575= IFCCARTESIANPOINT((0.,0.,0.));
#10576= IFCCARTESIANTRANSFORMATIONOPERATOR3D(#10572,#10573,#10575,1.,#10574);
#10577= IFCMAPPEDITEM(#10571,#10576);
#10578= IFCSHAPEREPRESENTATION(#41,'Body','MappedRepresentation',(#10357,#10453,#10577));
#10579= IFCPRODUCTDEFINITIONSHAPE($,$,(#10578));
#10580= IFCSTYLEDITEM(#10357,(#9583),$);
#10581= IFCSTYLEDITEM(#10453,(#9583),$);
#10582= IFCSTYLEDITEM(#10577,(#9583),$);
#10583= IFCRAILING('1mcOd2wn5FJPAE5jVXD4wG',$,'\X2\041E043304400430043604340435043D04380435\X0\: 1\X2\00A0\X0\000,00 \X2\043C043C\X0\',$,$,#10588,#10850,$,.GUARDRAIL.);
#10584= IFCCARTESIANPOINT((-1589.999999999997272,8910.000000000005457,0.));
#10585= IFCDIRECTION((0.,0.,1.));
#10586= IFCDIRECTION((1.,0.,0.));
#10587= IFCAXIS2PLACEMENT3D(#10584,#10585,#10586);
#10588= IFCLOCALPLACEMENT(#51,#10587);
#10589= IFCPOLYLOOP((#10590,#10591,#10592,#10593));
#10590= IFCCARTESIANPOINT((1329.240740448408133,-3164.999999999998181,950.));
#10591= IFCCARTESIANPOINT((3.97247869235639,-3164.999999999998181,950.));
#10592= IFCCARTESIANPOINT((3.97247869235639,-3164.999999999998181,1000.));
#10593= IFCCARTESIANPOINT((1329.240740448408133,-3164.999999999998181,1000.));
#10594= IFCFACEOUTERBOUND(#10589,.T.);
#10595= IFCFACE((#10594));
#10596= IFCPOLYLOOP((#10591,#10597,#10598,#10592));
#10597= IFCCARTESIANPOINT((3.97247869235639,-3234.999999999998181,950.));
#10598= IFCCARTESIANPOINT((3.97247869235639,-3234.999999999998181,1000.));
#10599= IFCFACEOUTERBOUND(#10596,.T.);
#10600= IFCFACE((#10599));
#10601= IFCPOLYLOOP((#10597,#10602,#10603,#10598));
#10602= IFCCARTESIANPOINT((1329.240740448408133,-3234.999999999998181,950.));
#10603= IFCCARTESIANPOINT((1329.240740448408133,-3234.999999999998181,1000.));
#10604= IFCFACEOUTERBOUND(#10601,.T.);
#10605= IFCFACE((#10604));
#10606= IFCPOLYLOOP((#10602,#10590,#10593,#10603));
#10607= IFCFACEOUTERBOUND(#10606,.T.);
#10608= IFCFACE((#10607));
#10609= IFCPOLYLOOP((#10593,#10592,#10598,#10603));
#10610= IFCFACEOUTERBOUND(#10609,.T.);
#10611= IFCFACE((#10610));
#10612= IFCPOLYLOOP((#10590,#10602,#10597,#10591));
#10613= IFCFACEOUTERBOUND(#10612,.T.);
#10614= IFCFACE((#10613));
#10615= IFCCLOSEDSHELL((#10595,#10600,#10605,#10608,#10611,#10614));
#10616= IFCFACETEDBREP(#10615);
#10617= IFCSHAPEREPRESENTATION(#41,'Body','Brep',(#10616));
#10618= IFCCARTESIANPOINT((0.,0.,0.));
#10619= IFCDIRECTION((0.,0.,1.));
#10620= IFCDIRECTION((1.,0.,0.));
#10621= IFCAXIS2PLACEMENT3D(#10618,#10619,#10620);
#10622= IFCREPRESENTATIONMAP(#10621,#10617);
#10623= IFCDIRECTION((1.,0.,0.));
#10624= IFCDIRECTION((0.,1.,0.));
#10625= IFCDIRECTION((0.,0.,1.));
#10626= IFCCARTESIANPOINT((0.,0.,0.));
#10627= IFCCARTESIANTRANSFORMATIONOPERATOR3D(#10623,#10624,#10626,1.,#10625);
#10628= IFCMAPPEDITEM(#10622,#10627);
#10629= IFCPOLYLOOP((#10630,#10631,#10632,#10633));
#10630= IFCCARTESIANPOINT((183.97247869235639,-3219.999999999998181,0.));
#10631= IFCCARTESIANPOINT((183.97247869235639,-3179.999999999998181,0.));
#10632= IFCCARTESIANPOINT((223.97247869235639,-3179.999999999998181,0.));
#10633= IFCCARTESIANPOINT((223.97247869235639,-3219.999999999998181,0.));
#10634= IFCFACEOUTERBOUND(#10629,.T.);
#10635= IFCFACE((#10634));
#10636= IFCPOLYLOOP((#10631,#10630,#10637,#10638));
#10637= IFCCARTESIANPOINT((183.97247869235639,-3219.999999999998181,950.));
#10638= IFCCARTESIANPOINT((183.97247869235639,-3179.999999999998181,950.));
#10639= IFCFACEOUTERBOUND(#10636,.T.);
#10640= IFCFACE((#10639));
#10641= IFCPOLYLOOP((#10632,#10631,#10638,#10642));
#10642= IFCCARTESIANPOINT((223.97247869235639,-3179.999999999998181,950.));
#10643= IFCFACEOUTERBOUND(#10641,.T.);
#10644= IFCFACE((#10643));
#10645= IFCPOLYLOOP((#10633,#10632,#10642,#10646));
#10646= IFCCARTESIANPOINT((223.97247869235639,-3219.999999999998181,950.));
#10647= IFCFACEOUTERBOUND(#10645,.T.);
#10648= IFCFACE((#10647));
#10649= IFCPOLYLOOP((#10630,#10633,#10646,#10637));
#10650= IFCFACEOUTERBOUND(#10649,.T.);
#10651= IFCFACE((#10650));
#10652= IFCPOLYLOOP((#10637,#10646,#10642,#10638));
#10653= IFCFACEOUTERBOUND(#10652,.T.);
#10654= IFCFACE((#10653));
#10655= IFCCLOSEDSHELL((#10635,#10640,#10644,#10648,#10651,#10654));
#10656= IFCFACETEDBREP(#10655);
#10657= IFCPOLYLOOP((#10658,#10659,#10660,#10661));
#10658= IFCCARTESIANPOINT((223.97247869235639,-3204.999999999998181,755.));
#10659= IFCCARTESIANPOINT((223.97247869235639,-3204.999999999998181,745.));
#10660= IFCCARTESIANPOINT((583.97247869235639,-3204.999999999998181,745.));
#10661= IFCCARTESIANPOINT((583.97247869235639,-3204.999999999998181,755.));
#10662= IFCFACEOUTERBOUND(#10657,.T.);
#10663= IFCFACE((#10662));
#10664= IFCPOLYLOOP((#10665,#10658,#10661,#10666));
#10665= IFCCARTESIANPOINT((223.97247869235639,-3194.999999999998181,755.));
#10666= IFCCARTESIANPOINT((583.97247869235639,-3194.999999999998181,755.));
#10667= IFCFACEOUTERBOUND(#10664,.T.);
#10668= IFCFACE((#10667));
#10669= IFCPOLYLOOP((#10670,#10665,#10666,#10671));
#10670= IFCCARTESIANPOINT((223.97247869235639,-3194.999999999998181,745.));
#10671= IFCCARTESIANPOINT((583.97247869235639,-3194.999999999998181,745.));
#10672= IFCFACEOUTERBOUND(#10669,.T.);
#10673= IFCFACE((#10672));
#10674= IFCPOLYLOOP((#10659,#10670,#10671,#10660));
#10675= IFCFACEOUTERBOUND(#10674,.T.);
#10676= IFCFACE((#10675));
#10677= IFCPOLYLOOP((#10660,#10671,#10666,#10661));
#10678= IFCFACEOUTERBOUND(#10677,.T.);
#10679= IFCFACE((#10678));
#10680= IFCPOLYLOOP((#10670,#10659,#10658,#10665));
#10681= IFCFACEOUTERBOUND(#10680,.T.);
#10682= IFCFACE((#10681));
#10683= IFCCLOSEDSHELL((#10663,#10668,#10673,#10676,#10679,#10682));
#10684= IFCFACETEDBREP(#10683);
#10685= IFCPOLYLOOP((#10686,#10687,#10688,#10689));
#10686= IFCCARTESIANPOINT((223.97247869235639,-3204.999999999998181,555.));
#10687= IFCCARTESIANPOINT((223.97247869235639,-3204.999999999998181,545.));
#10688= IFCCARTESIANPOINT((583.97247869235639,-3204.999999999998181,545.));
#10689= IFCCARTESIANPOINT((583.97247869235639,-3204.999999999998181,555.));
#10690= IFCFACEOUTERBOUND(#10685,.T.);
#10691= IFCFACE((#10690));
#10692= IFCPOLYLOOP((#10693,#10687,#10686,#10694));
#10693= IFCCARTESIANPOINT((223.97247869235639,-3194.999999999998181,545.));
#10694= IFCCARTESIANPOINT((223.97247869235639,-3194.999999999998181,555.));
#10695= IFCFACEOUTERBOUND(#10692,.T.);
#10696= IFCFACE((#10695));
#10697= IFCPOLYLOOP((#10687,#10693,#10698,#10688));
#10698= IFCCARTESIANPOINT((583.97247869235639,-3194.999999999998181,545.));
#10699= IFCFACEOUTERBOUND(#10697,.T.);
#10700= IFCFACE((#10699));
#10701= IFCPOLYLOOP((#10688,#10698,#10702,#10689));
#10702= IFCCARTESIANPOINT((583.97247869235639,-3194.999999999998181,555.));
#10703= IFCFACEOUTERBOUND(#10701,.T.);
#10704= IFCFACE((#10703));
#10705= IFCPOLYLOOP((#10694,#10686,#10689,#10702));
#10706= IFCFACEOUTERBOUND(#10705,.T.);
#10707= IFCFACE((#10706));
#10708= IFCPOLYLOOP((#10693,#10694,#10702,#10698));
#10709= IFCFACEOUTERBOUND(#10708,.T.);
#10710= IFCFACE((#10709));
#10711= IFCCLOSEDSHELL((#10691,#10696,#10700,#10704,#10707,#10710));
#10712= IFCFACETEDBREP(#10711);
#10713= IFCSHAPEREPRESENTATION(#41,'Body','Brep',(#10656,#10684,#10712));
#10714= IFCCARTESIANPOINT((0.,0.,0.));
#10715= IFCDIRECTION((0.,0.,1.));
#10716= IFCDIRECTION((1.,0.,0.));
#10717= IFCAXIS2PLACEMENT3D(#10714,#10715,#10716);
#10718= IFCREPRESENTATIONMAP(#10717,#10713);
#10719= IFCDIRECTION((1.,0.,0.));
#10720= IFCDIRECTION((0.,1.,0.));
#10721= IFCDIRECTION((0.,0.,1.));
#10722= IFCCARTESIANPOINT((0.,0.,0.));
#10723= IFCCARTESIANTRANSFORMATIONOPERATOR3D(#10719,#10720,#10722,1.,#10721);
#10724= IFCMAPPEDITEM(#10718,#10723);
#10725= IFCPOLYLOOP((#10726,#10727,#10728,#10729));
#10726= IFCCARTESIANPOINT((583.97247869235639,-3219.999999999998181,0.));
#10727= IFCCARTESIANPOINT((583.97247869235639,-3179.999999999998181,0.));
#10728= IFCCARTESIANPOINT((623.97247869235639,-3179.999999999998181,0.));
#10729= IFCCARTESIANPOINT((623.97247869235639,-3219.999999999998181,0.));
#10730= IFCFACEOUTERBOUND(#10725,.T.);
#10731= IFCFACE((#10730));
#10732= IFCPOLYLOOP((#10727,#10726,#10733,#10734));
#10733= IFCCARTESIANPOINT((583.97247869235639,-3219.999999999998181,950.));
#10734= IFCCARTESIANPOINT((583.97247869235639,-3179.999999999998181,950.));
#10735= IFCFACEOUTERBOUND(#10732,.T.);
#10736= IFCFACE((#10735));
#10737= IFCPOLYLOOP((#10728,#10727,#10734,#10738));
#10738= IFCCARTESIANPOINT((623.97247869235639,-3179.999999999998181,950.));
#10739= IFCFACEOUTERBOUND(#10737,.T.);
#10740= IFCFACE((#10739));
#10741= IFCPOLYLOOP((#10729,#10728,#10738,#10742));
#10742= IFCCARTESIANPOINT((623.97247869235639,-3219.999999999998181,950.));
#10743= IFCFACEOUTERBOUND(#10741,.T.);
#10744= IFCFACE((#10743));
#10745= IFCPOLYLOOP((#10726,#10729,#10742,#10733));
#10746= IFCFACEOUTERBOUND(#10745,.T.);
#10747= IFCFACE((#10746));
#10748= IFCPOLYLOOP((#10733,#10742,#10738,#10734));
#10749= IFCFACEOUTERBOUND(#10748,.T.);
#10750= IFCFACE((#10749));
#10751= IFCCLOSEDSHELL((#10731,#10736,#10740,#10744,#10747,#10750));
#10752= IFCFACETEDBREP(#10751);
#10753= IFCPOLYLOOP((#10754,#10755,#10756,#10757));
#10754= IFCCARTESIANPOINT((1109.240740448408133,-3219.999999999998181,0.));
#10755= IFCCARTESIANPOINT((1109.240740448408133,-3179.999999999998181,0.));
#10756= IFCCARTESIANPOINT((1149.240740448408133,-3179.999999999998181,0.));
#10757= IFCCARTESIANPOINT((1149.240740448408133,-3219.999999999998181,0.));
#10758= IFCFACEOUTERBOUND(#10753,.T.);
#10759= IFCFACE((#10758));
#10760= IFCPOLYLOOP((#10755,#10754,#10761,#10762));
#10761= IFCCARTESIANPOINT((1109.240740448408133,-3219.999999999998181,950.));
#10762= IFCCARTESIANPOINT((1109.240740448408133,-3179.999999999998181,950.));
#10763= IFCFACEOUTERBOUND(#10760,.T.);
#10764= IFCFACE((#10763));
#10765= IFCPOLYLOOP((#10756,#10755,#10762,#10766));
#10766= IFCCARTESIANPOINT((1149.240740448408133,-3179.999999999998181,950.));
#10767= IFCFACEOUTERBOUND(#10765,.T.);
#10768= IFCFACE((#10767));
#10769= IFCPOLYLOOP((#10757,#10756,#10766,#10770));
#10770= IFCCARTESIANPOINT((1149.240740448408133,-3219.999999999998181,950.));
#10771= IFCFACEOUTERBOUND(#10769,.T.);
#10772= IFCFACE((#10771));
#10773= IFCPOLYLOOP((#10754,#10757,#10770,#10761));
#10774= IFCFACEOUTERBOUND(#10773,.T.);
#10775= IFCFACE((#10774));
#10776= IFCPOLYLOOP((#10761,#10770,#10766,#10762));
#10777= IFCFACEOUTERBOUND(#10776,.T.);
#10778= IFCFACE((#10777));
#10779= IFCCLOSEDSHELL((#10759,#10764,#10768,#10772,#10775,#10778));
#10780= IFCFACETEDBREP(#10779);
#10781= IFCPOLYLOOP((#10782,#10783,#10784,#10785));
#10782= IFCCARTESIANPOINT((623.97247869235639,-3204.999999999998181,755.));
#10783= IFCCARTESIANPOINT((623.97247869235639,-3204.999999999998181,745.));
#10784= IFCCARTESIANPOINT((1109.240740448408133,-3204.999999999998181,745.));
#10785= IFCCARTESIANPOINT((1109.240740448408133,-3204.999999999998181,755.));
#10786= IFCFACEOUTERBOUND(#10781,.T.);
#10787= IFCFACE((#10786));
#10788= IFCPOLYLOOP((#10789,#10782,#10785,#10790));
#10789= IFCCARTESIANPOINT((623.97247869235639,-3194.999999999998181,755.));
#10790= IFCCARTESIANPOINT((1109.240740448408133,-3194.999999999998181,755.));
#10791= IFCFACEOUTERBOUND(#10788,.T.);
#10792= IFCFACE((#10791));
#10793= IFCPOLYLOOP((#10794,#10789,#10790,#10795));
#10794= IFCCARTESIANPOINT((623.97247869235639,-3194.999999999998181,745.));
#10795= IFCCARTESIANPOINT((1109.240740448408133,-3194.999999999998181,745.));
#10796= IFCFACEOUTERBOUND(#10793,.T.);
#10797= IFCFACE((#10796));
#10798= IFCPOLYLOOP((#10783,#10794,#10795,#10784));
#10799= IFCFACEOUTERBOUND(#10798,.T.);
#10800= IFCFACE((#10799));
#10801= IFCPOLYLOOP((#10784,#10795,#10790,#10785));
#10802= IFCFACEOUTERBOUND(#10801,.T.);
#10803= IFCFACE((#10802));
#10804= IFCPOLYLOOP((#10794,#10783,#10782,#10789));
#10805= IFCFACEOUTERBOUND(#10804,.T.);
#10806= IFCFACE((#10805));
#10807= IFCCLOSEDSHELL((#10787,#10792,#10797,#10800,#10803,#10806));
#10808= IFCFACETEDBREP(#10807);
#10809= IFCPOLYLOOP((#10810,#10811,#10812,#10813));
#10810= IFCCARTESIANPOINT((623.97247869235639,-3204.999999999998181,555.));
#10811= IFCCARTESIANPOINT((623.97247869235639,-3204.999999999998181,545.));
#10812= IFCCARTESIANPOINT((1109.240740448408133,-3204.999999999998181,545.));
#10813= IFCCARTESIANPOINT((1109.240740448408133,-3204.999999999998181,555.));
#10814= IFCFACEOUTERBOUND(#10809,.T.);
#10815= IFCFACE((#10814));
#10816= IFCPOLYLOOP((#10817,#10811,#10810,#10818));
#10817= IFCCARTESIANPOINT((623.97247869235639,-3194.999999999998181,545.));
#10818= IFCCARTESIANPOINT((623.97247869235639,-3194.999999999998181,555.));
#10819= IFCFACEOUTERBOUND(#10816,.T.);
#10820= IFCFACE((#10819));
#10821= IFCPOLYLOOP((#10811,#10817,#10822,#10812));
#10822= IFCCARTESIANPOINT((1109.240740448408133,-3194.999999999998181,545.));
#10823= IFCFACEOUTERBOUND(#10821,.T.);
#10824= IFCFACE((#10823));
#10825= IFCPOLYLOOP((#10812,#10822,#10826,#10813));
#10826= IFCCARTESIANPOINT((1109.240740448408133,-3194.999999999998181,555.));
#10827= IFCFACEOUTERBOUND(#10825,.T.);
#10828= IFCFACE((#10827));
#10829= IFCPOLYLOOP((#10818,#10810,#10813,#10826));
#10830= IFCFACEOUTERBOUND(#10829,.T.);
#10831= IFCFACE((#10830));
#10832= IFCPOLYLOOP((#10817,#10818,#10826,#10822));
#10833= IFCFACEOUTERBOUND(#10832,.T.);
#10834= IFCFACE((#10833));
#10835= IFCCLOSEDSHELL((#10815,#10820,#10824,#10828,#10831,#10834));
#10836= IFCFACETEDBREP(#10835);
#10837= IFCSHAPEREPRESENTATION(#41,'Body','Brep',(#10752,#10780,#10808,#10836));
#10838= IFCCARTESIANPOINT((0.,0.,0.));
#10839= IFCDIRECTION((0.,0.,1.));
#10840= IFCDIRECTION((1.,0.,0.));
#10841= IFCAXIS2PLACEMENT3D(#10838,#10839,#10840);
#10842= IFCREPRESENTATIONMAP(#10841,#10837);
#10843= IFCDIRECTION((1.,0.,0.));
#10844= IFCDIRECTION((0.,1.,0.));
#10845= IFCDIRECTION((0.,0.,1.));
#10846= IFCCARTESIANPOINT((0.,0.,0.));
#10847= IFCCARTESIANTRANSFORMATIONOPERATOR3D(#10843,#10844,#10846,1.,#10845);
#10848= IFCMAPPEDITEM(#10842,#10847);
#10849= IFCSHAPEREPRESENTATION(#41,'Body','MappedRepresentation',(#10628,#10724,#10848));
#10850= IFCPRODUCTDEFINITIONSHAPE($,$,(#10849));
#10851= IFCSTYLEDITEM(#10628,(#9583),$);
#10852= IFCSTYLEDITEM(#10724,(#9583),$);
#10853= IFCSTYLEDITEM(#10848,(#9583),$);
#10854= IFCSPACE('2ylwTwfD91FRGhpPhXE7tv',$,'21',$,$,#10869,#10873,'\X2\041A04430445043D044F\X0\-\X2\04410442043E043B043E04320430044F\X0\',$,.INTERNAL.,0.);
#10855= IFCCARTESIANPOINTLIST2D(((0.,0.),(4539.999999999977263,0.),(4539.99999999998181,4480.000000000004547),(0.000000000000909,4479.999999999998181)));
#10856= IFCINDEXEDPOLYCURVE(#10855,(IFCLINEINDEX((1,2)),IFCLINEINDEX((2,3)),IFCLINEINDEX((3,4)),IFCLINEINDEX((4,1))),$);
#10857= IFCARBITRARYCLOSEDPROFILEDEF(.AREA.,$,#10856);
#10858= IFCCARTESIANPOINT((0.,0.,0.));
#10859= IFCDIRECTION((0.,0.,1.));
#10860= IFCDIRECTION((1.,0.,0.));
#10861= IFCAXIS2PLACEMENT3D(#10858,#10859,#10860);
#10862= IFCDIRECTION((0.,0.,1.));
#10863= IFCEXTRUDEDAREASOLID(#10857,#10861,#10862,2800.);
#10864= IFCSHAPEREPRESENTATION(#41,'Body','SweptSolid',(#10863));
#10865= IFCCARTESIANPOINT((9750.000000000003638,1649.999999999984539,0.));
#10866= IFCDIRECTION((0.,0.,1.));
#10867= IFCDIRECTION((0.,1.,0.));
#10868= IFCAXIS2PLACEMENT3D(#10865,#10866,#10867);
#10869= IFCLOCALPLACEMENT(#51,#10868);
#10870= IFCCARTESIANPOINTLIST2D(((0.,0.),(4539.999999999977263,0.),(4539.99999999998181,4480.000000000004547),(0.000000000000909,4479.999999999998181)));
#10871= IFCINDEXEDPOLYCURVE(#10870,(IFCLINEINDEX((1,2)),IFCLINEINDEX((2,3)),IFCLINEINDEX((3,4)),IFCLINEINDEX((4,1))),$);
#10872= IFCSHAPEREPRESENTATION(#43,'FootPrint','Curve2D',(#10871));
#10873= IFCPRODUCTDEFINITIONSHAPE($,$,(#10864,#10872));
#10874= IFCRELAGGREGATES('1Igae_vG58PB_AD_Nec_aX',$,$,$,#52,(#10854,#10875,#10895,#10915,#10935,#10955));
#10875= IFCSPACE('3Az1ixiPzEHPnIxZB5UugH',$,'1.4',$,$,#10890,#10894,'\X2\04210430043D044304370435043B\X0\',$,.INTERNAL.,0.);
#10876= IFCCARTESIANPOINTLIST2D(((0.,0.),(2940.016777709593953,0.),(2946.503341120816913,1920.022769715216782),(6.520118734675634,1929.95514546652339)));
#10877= IFCINDEXEDPOLYCURVE(#10876,(IFCLINEINDEX((1,2)),IFCLINEINDEX((2,3)),IFCLINEINDEX((3,4)),IFCLINEINDEX((4,1))),$);
#10878= IFCARBITRARYCLOSEDPROFILEDEF(.AREA.,$,#10877);
#10879= IFCCARTESIANPOINT((0.,0.,0.));
#10880= IFCDIRECTION((0.,0.,1.));
#10881= IFCDIRECTION((1.,0.,0.));
#10882= IFCAXIS2PLACEMENT3D(#10879,#10880,#10881);
#10883= IFCDIRECTION((0.,0.,1.));
#10884= IFCEXTRUDEDAREASOLID(#10878,#10882,#10883,2800.);
#10885= IFCSHAPEREPRESENTATION(#41,'Body','SweptSolid',(#10884));
#10886= IFCCARTESIANPOINT((5220.033840850838715,11949.999999999974534,0.));
#10887= IFCDIRECTION((0.,0.,1.));
#10888= IFCDIRECTION((0.003378359099084,-0.999994293328616,0.));
#10889= IFCAXIS2PLACEMENT3D(#10886,#10887,#10888);
#10890= IFCLOCALPLACEMENT(#51,#10889);
#10891= IFCCARTESIANPOINTLIST2D(((0.,0.),(2940.016777709593953,0.),(2946.503341120816913,1920.022769715216782),(6.520118734675634,1929.95514546652339)));
#10892= IFCINDEXEDPOLYCURVE(#10891,(IFCLINEINDEX((1,2)),IFCLINEINDEX((2,3)),IFCLINEINDEX((3,4)),IFCLINEINDEX((4,1))),$);
#10893= IFCSHAPEREPRESENTATION(#43,'FootPrint','Curve2D',(#10892));
#10894= IFCPRODUCTDEFINITIONSHAPE($,$,(#10885,#10893));
#10895= IFCSPACE('0Ru8dwFTX9ThDxpyv4TXgR',$,'1.5',$,$,#10910,#10914,'\X2\041A043E04420435043B044C043D0430044F\X0\',$,.INTERNAL.,0.);
#10896= IFCCARTESIANPOINTLIST2D(((0.,0.),(2940.000000000001819,0.),(2940.,2260.),(-0.000000000003638,2259.999999999989086)));
#10897= IFCINDEXEDPOLYCURVE(#10896,(IFCLINEINDEX((1,2)),IFCLINEINDEX((2,3)),IFCLINEINDEX((3,4)),IFCLINEINDEX((4,1))),$);
#10898= IFCARBITRARYCLOSEDPROFILEDEF(.AREA.,$,#10897);
#10899= IFCCARTESIANPOINT((0.,0.,0.));
#10900= IFCDIRECTION((0.,0.,1.));
#10901= IFCDIRECTION((1.,0.,0.));
#10902= IFCAXIS2PLACEMENT3D(#10899,#10900,#10901);
#10903= IFCDIRECTION((0.,0.,1.));
#10904= IFCEXTRUDEDAREASOLID(#10898,#10902,#10903,2800.);
#10905= IFCSHAPEREPRESENTATION(#41,'Body','SweptSolid',(#10904));
#10906= IFCCARTESIANPOINT((7490.00000000001819,11949.999999999974534,0.));
#10907= IFCDIRECTION((0.,0.,1.));
#10908= IFCDIRECTION((0.,-1.,0.));
#10909= IFCAXIS2PLACEMENT3D(#10906,#10907,#10908);
#10910= IFCLOCALPLACEMENT(#51,#10909);
#10911= IFCCARTESIANPOINTLIST2D(((0.,0.),(2940.000000000001819,0.),(2940.,2260.),(-0.000000000003638,2259.999999999989086)));
#10912= IFCINDEXEDPOLYCURVE(#10911,(IFCLINEINDEX((1,2)),IFCLINEINDEX((2,3)),IFCLINEINDEX((3,4)),IFCLINEINDEX((4,1))),$);
#10913= IFCSHAPEREPRESENTATION(#43,'FootPrint','Curve2D',(#10912));
#10914= IFCPRODUCTDEFINITIONSHAPE($,$,(#10905,#10913));
#10915= IFCSPACE('1OiCJ2UjPEeAOrDFoOKXYp',$,'1.6',$,$,#10930,#10934,'\X2\041F044004380445043E04360430044F\X0\',$,.INTERNAL.,0.);
#10916= IFCCARTESIANPOINTLIST2D(((0.,0.),(7669.999999999985448,-0.000000000021828),(7669.999999999989086,1979.999999999979991),(0.000000000000455,1979.999999999983629)));
#10917= IFCINDEXEDPOLYCURVE(#10916,(IFCLINEINDEX((1,2)),IFCLINEINDEX((2,3)),IFCLINEINDEX((3,4)),IFCLINEINDEX((4,1))),$);
#10918= IFCARBITRARYCLOSEDPROFILEDEF(.AREA.,$,#10917);
#10919= IFCCARTESIANPOINT((0.,0.,0.));
#10920= IFCDIRECTION((0.,0.,1.));
#10921= IFCDIRECTION((1.,0.,0.));
#10922= IFCAXIS2PLACEMENT3D(#10919,#10920,#10921);
#10923= IFCDIRECTION((0.,0.,1.));
#10924= IFCEXTRUDEDAREASOLID(#10918,#10922,#10923,2800.);
#10925= IFCSHAPEREPRESENTATION(#41,'Body','SweptSolid',(#10924));
#10926= IFCCARTESIANPOINT((2080.000000000014552,6609.999999999990905,0.));
#10927= IFCDIRECTION((0.,0.,1.));
#10928= IFCDIRECTION((1.,-0.000000000000003,0.));
#10929= IFCAXIS2PLACEMENT3D(#10926,#10927,#10928);
#10930= IFCLOCALPLACEMENT(#51,#10929);
#10931= IFCCARTESIANPOINTLIST2D(((0.,0.),(7669.999999999985448,-0.000000000021828),(7669.999999999989086,1979.999999999979991),(0.000000000000455,1979.999999999983629)));
#10932= IFCINDEXEDPOLYCURVE(#10931,(IFCLINEINDEX((1,2)),IFCLINEINDEX((2,3)),IFCLINEINDEX((3,4)),IFCLINEINDEX((4,1))),$);
#10933= IFCSHAPEREPRESENTATION(#43,'FootPrint','Curve2D',(#10932));
#10934= IFCPRODUCTDEFINITIONSHAPE($,$,(#10925,#10933));
#10935= IFCSPACE('3FKIGapNj52hN49OR9Umz2',$,'1.3',$,$,#10950,#10954,'\X2\0413043E04410442043504320430044F\X0\',$,.INTERNAL.,0.);
#10936= IFCCARTESIANPOINTLIST2D(((0.,0.),(4550.000000000007276,0.),(4549.999999999996362,3179.999999999998181),(-0.000000000000909,3179.999999999996362)));
#10937= IFCINDEXEDPOLYCURVE(#10936,(IFCLINEINDEX((1,2)),IFCLINEINDEX((2,3)),IFCLINEINDEX((3,4)),IFCLINEINDEX((4,1))),$);
#10938= IFCARBITRARYCLOSEDPROFILEDEF(.AREA.,$,#10937);
#10939= IFCCARTESIANPOINT((0.,0.,0.));
#10940= IFCDIRECTION((0.,0.,1.));
#10941= IFCDIRECTION((1.,0.,0.));
#10942= IFCAXIS2PLACEMENT3D(#10939,#10940,#10941);
#10943= IFCDIRECTION((0.,0.,1.));
#10944= IFCEXTRUDEDAREASOLID(#10938,#10942,#10943,2800.);
#10945= IFCSHAPEREPRESENTATION(#41,'Body','SweptSolid',(#10944));
#10946= IFCCARTESIANPOINT((4800.00000000001728,11949.999999999970896,0.));
#10947= IFCDIRECTION((0.,0.,1.));
#10948= IFCDIRECTION((-1.,0.,0.));
#10949= IFCAXIS2PLACEMENT3D(#10946,#10947,#10948);
#10950= IFCLOCALPLACEMENT(#51,#10949);
#10951= IFCCARTESIANPOINTLIST2D(((0.,0.),(4550.000000000007276,0.),(4549.999999999996362,3179.999999999998181),(-0.000000000000909,3179.999999999996362)));
#10952= IFCINDEXEDPOLYCURVE(#10951,(IFCLINEINDEX((1,2)),IFCLINEINDEX((2,3)),IFCLINEINDEX((3,4)),IFCLINEINDEX((4,1))),$);
#10953= IFCSHAPEREPRESENTATION(#43,'FootPrint','Curve2D',(#10952));
#10954= IFCPRODUCTDEFINITIONSHAPE($,$,(#10945,#10953));
#10955= IFCSPACE('2BXwnnTVP7Tg61rlNKAagm',$,'1.2',$,$,#10970,#10974,'\X2\04220430043C043104430440\X0\',$,.INTERNAL.,0.);
#10956= IFCCARTESIANPOINTLIST2D(((0.,0.),(1980.000000000000909,0.),(1979.99999999998181,1649.999999999997726),(-0.000000000001819,1649.99999999999477)));
#10957= IFCINDEXEDPOLYCURVE(#10956,(IFCLINEINDEX((1,2)),IFCLINEINDEX((2,3)),IFCLINEINDEX((3,4)),IFCLINEINDEX((4,1))),$);
#10958= IFCARBITRARYCLOSEDPROFILEDEF(.AREA.,$,#10957);
#10959= IFCCARTESIANPOINT((0.,0.,0.));
#10960= IFCDIRECTION((0.,0.,1.));
#10961= IFCDIRECTION((1.,0.,0.));
#10962= IFCAXIS2PLACEMENT3D(#10959,#10960,#10961);
#10963= IFCDIRECTION((0.,0.,1.));
#10964= IFCEXTRUDEDAREASOLID(#10958,#10962,#10963,2800.);
#10965= IFCSHAPEREPRESENTATION(#41,'Body','SweptSolid',(#10964));
#10966= IFCCARTESIANPOINT((250.000000000020123,8589.999999999974534,0.));
#10967= IFCDIRECTION((0.,0.,1.));
#10968= IFCDIRECTION((-0.000000000000001,-1.,0.));
#10969= IFCAXIS2PLACEMENT3D(#10966,#10967,#10968);
#10970= IFCLOCALPLACEMENT(#51,#10969);
#10971= IFCCARTESIANPOINTLIST2D(((0.,0.),(1980.000000000000909,0.),(1979.99999999998181,1649.999999999997726),(-0.000000000001819,1649.99999999999477)));
#10972= IFCINDEXEDPOLYCURVE(#10971,(IFCLINEINDEX((1,2)),IFCLINEINDEX((2,3)),IFCLINEINDEX((3,4)),IFCLINEINDEX((4,1))),$);
#10973= IFCSHAPEREPRESENTATION(#43,'FootPrint','Curve2D',(#10972));
#10974= IFCPRODUCTDEFINITIONSHAPE($,$,(#10965,#10973));
#10975= IFCUNITARYEQUIPMENT('3fnAnG9GjFdhjZAS$EVQ42',$,'\X2\04120435043D04420438043B044F04460438043E043D043D0430044F\X0\ \X2\0443044104420430043D043E0432043A0430\X0\ \X2\043F044004380442043E0447043D043E\X0\-\X2\0432044B0442044F0436043D0430044F\X0\ - \X2\04120435043D04420438043B044F04460438043E043D043D0430044F\X0\ \X2\0443044104420430043D043E0432043A0430\X0\ \X2\043F044004380442043E0447043D043E\X0\-\X2\0432044B0442044F0436043D0430044F\X0\',$,$,#10980,#11192,$,$);
#10976= IFCCARTESIANPOINT((6258.243180209155071,4568.769539654895198,0.));
#10977= IFCDIRECTION((0.,0.,1.));
#10978= IFCDIRECTION((1.,0.,0.));
#10979= IFCAXIS2PLACEMENT3D(#10976,#10977,#10978);
#10980= IFCLOCALPLACEMENT(#51,#10979);
#10981= IFCPOLYLOOP((#10982,#10983,#10984,#10985));
#10982= IFCCARTESIANPOINT((-560.,-1425.,150.));
#10983= IFCCARTESIANPOINT((560.,-1425.,150.));
#10984= IFCCARTESIANPOINT((560.,-1425.,1270.));
#10985= IFCCARTESIANPOINT((-560.,-1425.,1270.));
#10986= IFCFACEOUTERBOUND(#10981,.T.);
#10987= IFCPOLYLOOP((#10988,#10989,#10990,#10991));
#10988= IFCCARTESIANPOINT((400.,-1425.,790.));
#10989= IFCCARTESIANPOINT((-400.,-1425.,790.));
#10990= IFCCARTESIANPOINT((-400.,-1425.,1190.));
#10991= IFCCARTESIANPOINT((400.,-1425.,1190.));
#10992= IFCFACEBOUND(#10987,.T.);
#10993= IFCPOLYLOOP((#10994,#10995,#10996,#10997));
#10994= IFCCARTESIANPOINT((400.,-1425.,230.));
#10995= IFCCARTESIANPOINT((-400.,-1425.,230.));
#10996= IFCCARTESIANPOINT((-400.,-1425.,630.));
#10997= IFCCARTESIANPOINT((400.,-1425.,630.));
#10998= IFCFACEBOUND(#10993,.T.);
#10999= IFCFACE((#10986,#10992,#10998));
#11000= IFCPOLYLOOP((#10990,#10989,#11001,#11002));
#11001= IFCCARTESIANPOINT((-400.,-1455.,790.));
#11002= IFCCARTESIANPOINT((-400.,-1455.,1190.));
#11003= IFCFACEOUTERBOUND(#11000,.T.);
#11004= IFCFACE((#11003));
#11005= IFCPOLYLOOP((#10991,#10990,#11002,#11006));
#11006= IFCCARTESIANPOINT((400.,-1455.,1190.));
#11007= IFCFACEOUTERBOUND(#11005,.T.);
#11008= IFCFACE((#11007));
#11009= IFCPOLYLOOP((#10988,#10991,#11006,#11010));
#11010= IFCCARTESIANPOINT((400.,-1455.,790.));
#11011= IFCFACEOUTERBOUND(#11009,.T.);
#11012= IFCFACE((#11011));
#11013= IFCPOLYLOOP((#10989,#10988,#11010,#11001));
#11014= IFCFACEOUTERBOUND(#11013,.T.);
#11015= IFCFACE((#11014));
#11016= IFCPOLYLOOP((#10982,#11017,#11018,#10983));
#11017= IFCCARTESIANPOINT((-560.,1424.999999999999091,150.));
#11018= IFCCARTESIANPOINT((560.,1424.999999999999091,150.));
#11019= IFCFACEOUTERBOUND(#11016,.T.);
#11020= IFCFACE((#11019));
#11021= IFCPOLYLOOP((#10983,#11018,#11022,#11023,#11024,#10984));
#11022= IFCCARTESIANPOINT((560.,1424.999999999999091,709.999999999999886));
#11023= IFCCARTESIANPOINT((560.,935.,710.));
#11024= IFCCARTESIANPOINT((560.,935.,1270.));
#11025= IFCFACEOUTERBOUND(#11021,.T.);
#11026= IFCFACE((#11025));
#11027= IFCPOLYLOOP((#10985,#10984,#11024,#11028));
#11028= IFCCARTESIANPOINT((-560.,935.,1270.));
#11029= IFCFACEOUTERBOUND(#11027,.T.);
#11030= IFCFACE((#11029));
#11031= IFCPOLYLOOP((#11017,#10982,#10985,#11028,#11032,#11033));
#11032= IFCCARTESIANPOINT((-560.,934.999999999999659,710.));
#11033= IFCCARTESIANPOINT((-560.,1424.999999999999091,709.999999999999886));
#11034= IFCFACEOUTERBOUND(#11031,.T.);
#11035= IFCFACE((#11034));
#11036= IFCPOLYLOOP((#10995,#10994,#11037,#11038));
#11037= IFCCARTESIANPOINT((400.,-1455.,230.));
#11038= IFCCARTESIANPOINT((-400.,-1455.,230.));
#11039= IFCFACEOUTERBOUND(#11036,.T.);
#11040= IFCFACE((#11039));
#11041= IFCPOLYLOOP((#10996,#10995,#11038,#11042));
#11042= IFCCARTESIANPOINT((-400.,-1455.,630.));
#11043= IFCFACEOUTERBOUND(#11041,.T.);
#11044= IFCFACE((#11043));
#11045= IFCPOLYLOOP((#10997,#10996,#11042,#11046));
#11046= IFCCARTESIANPOINT((400.,-1455.,630.));
#11047= IFCFACEOUTERBOUND(#11045,.T.);
#11048= IFCFACE((#11047));
#11049= IFCPOLYLOOP((#10994,#10997,#11046,#11037));
#11050= IFCFACEOUTERBOUND(#11049,.T.);
#11051= IFCFACE((#11050));
#11052= IFCPOLYLOOP((#11001,#11010,#11006,#11002));
#11053= IFCFACEOUTERBOUND(#11052,.T.);
#11054= IFCFACE((#11053));
#11055= IFCPOLYLOOP((#11018,#11017,#11033,#11022));
#11056= IFCFACEOUTERBOUND(#11055,.T.);
#11057= IFCPOLYLOOP((#11058,#11059,#11060,#11061));
#11058= IFCCARTESIANPOINT((400.,1425.,630.));
#11059= IFCCARTESIANPOINT((-400.,1425.,630.));
#11060= IFCCARTESIANPOINT((-400.,1425.,230.));
#11061= IFCCARTESIANPOINT((400.,1425.,230.));
#11062= IFCFACEBOUND(#11057,.T.);
#11063= IFCFACE((#11056,#11062));
#11064= IFCPOLYLOOP((#11032,#11023,#11022,#11033));
#11065= IFCFACEOUTERBOUND(#11064,.T.);
#11066= IFCFACE((#11065));
#11067= IFCPOLYLOOP((#11023,#11032,#11028,#11024));
#11068= IFCFACEOUTERBOUND(#11067,.T.);
#11069= IFCPOLYLOOP((#11070,#11071,#11072,#11073));
#11070= IFCCARTESIANPOINT((400.,935.,1190.));
#11071= IFCCARTESIANPOINT((-400.,935.,1190.));
#11072= IFCCARTESIANPOINT((-400.,935.,790.));
#11073= IFCCARTESIANPOINT((400.,935.,790.));
#11074= IFCFACEBOUND(#11069,.T.);
#11075= IFCFACE((#11068,#11074));
#11076= IFCPOLYLOOP((#11038,#11037,#11046,#11042));
#11077= IFCFACEOUTERBOUND(#11076,.T.);
#11078= IFCFACE((#11077));
#11079= IFCPOLYLOOP((#11059,#11058,#11080,#11081));
#11080= IFCCARTESIANPOINT((400.,1455.,630.));
#11081= IFCCARTESIANPOINT((-400.,1455.,630.));
#11082= IFCFACEOUTERBOUND(#11079,.T.);
#11083= IFCFACE((#11082));
#11084= IFCPOLYLOOP((#11060,#11059,#11081,#11085));
#11085= IFCCARTESIANPOINT((-400.,1455.,230.));
#11086= IFCFACEOUTERBOUND(#11084,.T.);
#11087= IFCFACE((#11086));
#11088= IFCPOLYLOOP((#11061,#11060,#11085,#11089));
#11089= IFCCARTESIANPOINT((400.,1455.,230.));
#11090= IFCFACEOUTERBOUND(#11088,.T.);
#11091= IFCFACE((#11090));
#11092= IFCPOLYLOOP((#11058,#11061,#11089,#11080));
#11093= IFCFACEOUTERBOUND(#11092,.T.);
#11094= IFCFACE((#11093));
#11095= IFCPOLYLOOP((#11071,#11070,#11096,#11097));
#11096= IFCCARTESIANPOINT((400.,965.,1190.));
#11097= IFCCARTESIANPOINT((-400.,965.,1190.));
#11098= IFCFACEOUTERBOUND(#11095,.T.);
#11099= IFCFACE((#11098));
#11100= IFCPOLYLOOP((#11072,#11071,#11097,#11101));
#11101= IFCCARTESIANPOINT((-400.,965.,790.));
#11102= IFCFACEOUTERBOUND(#11100,.T.);
#11103= IFCFACE((#11102));
#11104= IFCPOLYLOOP((#11073,#11072,#11101,#11105));
#11105= IFCCARTESIANPOINT((400.,965.,790.));
#11106= IFCFACEOUTERBOUND(#11104,.T.);
#11107= IFCFACE((#11106));
#11108= IFCPOLYLOOP((#11070,#11073,#11105,#11096));
#11109= IFCFACEOUTERBOUND(#11108,.T.);
#11110= IFCFACE((#11109));
#11111= IFCPOLYLOOP((#11081,#11080,#11089,#11085));
#11112= IFCFACEOUTERBOUND(#11111,.T.);
#11113= IFCFACE((#11112));
#11114= IFCPOLYLOOP((#11097,#11096,#11105,#11101));
#11115= IFCFACEOUTERBOUND(#11114,.T.);
#11116= IFCFACE((#11115));
#11117= IFCCLOSEDSHELL((#10999,#11004,#11008,#11012,#11015,#11020,#11026,#11030,#11035,#11040,#11044,#11048,#11051,#11054,#11063,#11066,#11075,#11078,#11083,#11087,#11091,#11094,#11099,#11103,#11107,#11110,#11113,#11116));
#11118= IFCFACETEDBREP(#11117);
#11119= IFCSHAPEREPRESENTATION(#41,'Body','Brep',(#11118));
#11120= IFCCARTESIANPOINT((0.,0.,0.));
#11121= IFCDIRECTION((0.,0.,1.));
#11122= IFCDIRECTION((1.,0.,0.));
#11123= IFCAXIS2PLACEMENT3D(#11120,#11121,#11122);
#11124= IFCREPRESENTATIONMAP(#11123,#11119);
#11125= IFCDIRECTION((1.,0.,0.));
#11126= IFCDIRECTION((0.,1.,0.));
#11127= IFCDIRECTION((0.,0.,1.));
#11128= IFCCARTESIANPOINT((0.,0.,0.));
#11129= IFCCARTESIANTRANSFORMATIONOPERATOR3D(#11125,#11126,#11128,1.,#11127);
#11130= IFCMAPPEDITEM(#11124,#11129);
#11131= IFCPOLYLOOP((#11132,#11133,#10983,#10982));
#11132= IFCCARTESIANPOINT((-560.,-1425.,0.));
#11133= IFCCARTESIANPOINT((560.,-1425.,0.));
#11134= IFCFACEOUTERBOUND(#11131,.T.);
#11135= IFCFACE((#11134));
#11136= IFCPOLYLOOP((#11133,#11137,#11018,#10983));
#11137= IFCCARTESIANPOINT((560.,1425.,0.));
#11138= IFCFACEOUTERBOUND(#11136,.T.);
#11139= IFCFACE((#11138));
#11140= IFCPOLYLOOP((#11137,#11141,#11017,#11018));
#11141= IFCCARTESIANPOINT((-560.,1425.,0.));
#11142= IFCFACEOUTERBOUND(#11140,.T.);
#11143= IFCFACE((#11142));
#11144= IFCPOLYLOOP((#11141,#11132,#10982,#11017));
#11145= IFCFACEOUTERBOUND(#11144,.T.);
#11146= IFCFACE((#11145));
#11147= IFCPOLYLOOP((#11148,#11149,#11150,#11151));
#11148= IFCCARTESIANPOINT((-485.,-1350.,0.));
#11149= IFCCARTESIANPOINT((-485.,1350.,0.));
#11150= IFCCARTESIANPOINT((-485.,1350.,150.));
#11151= IFCCARTESIANPOINT((-485.,-1350.,150.));
#11152= IFCFACEOUTERBOUND(#11147,.T.);
#11153= IFCFACE((#11152));
#11154= IFCPOLYLOOP((#11149,#11155,#11156,#11150));
#11155= IFCCARTESIANPOINT((485.,1350.,0.));
#11156= IFCCARTESIANPOINT((485.,1350.,150.));
#11157= IFCFACEOUTERBOUND(#11154,.T.);
#11158= IFCFACE((#11157));
#11159= IFCPOLYLOOP((#11155,#11160,#11161,#11156));
#11160= IFCCARTESIANPOINT((485.,-1350.,0.));
#11161= IFCCARTESIANPOINT((485.,-1350.,150.));
#11162= IFCFACEOUTERBOUND(#11159,.T.);
#11163= IFCFACE((#11162));
#11164= IFCPOLYLOOP((#11160,#11148,#11151,#11161));
#11165= IFCFACEOUTERBOUND(#11164,.T.);
#11166= IFCFACE((#11165));
#11167= IFCPOLYLOOP((#10982,#10983,#11018,#11017));
#11168= IFCFACEOUTERBOUND(#11167,.T.);
#11169= IFCPOLYLOOP((#11151,#11150,#11156,#11161));
#11170= IFCFACEBOUND(#11169,.T.);
#11171= IFCFACE((#11168,#11170));
#11172= IFCPOLYLOOP((#11132,#11141,#11137,#11133));
#11173= IFCFACEOUTERBOUND(#11172,.T.);
#11174= IFCPOLYLOOP((#11148,#11160,#11155,#11149));
#11175= IFCFACEBOUND(#11174,.T.);
#11176= IFCFACE((#11173,#11175));
#11177= IFCCLOSEDSHELL((#11135,#11139,#11143,#11146,#11153,#11158,#11163,#11166,#11171,#11176));
#11178= IFCFACETEDBREP(#11177);
#11179= IFCSHAPEREPRESENTATION(#41,'Body','Brep',(#11178));
#11180= IFCCARTESIANPOINT((0.,0.,0.));
#11181= IFCDIRECTION((0.,0.,1.));
#11182= IFCDIRECTION((1.,0.,0.));
#11183= IFCAXIS2PLACEMENT3D(#11180,#11181,#11182);
#11184= IFCREPRESENTATIONMAP(#11183,#11179);
#11185= IFCDIRECTION((1.,0.,0.));
#11186= IFCDIRECTION((0.,1.,0.));
#11187= IFCDIRECTION((0.,0.,1.));
#11188= IFCCARTESIANPOINT((0.,0.,0.));
#11189= IFCCARTESIANTRANSFORMATIONOPERATOR3D(#11185,#11186,#11188,1.,#11187);
#11190= IFCMAPPEDITEM(#11184,#11189);
#11191= IFCSHAPEREPRESENTATION(#41,'Body','MappedRepresentation',(#11130,#11190));
#11192= IFCPRODUCTDEFINITIONSHAPE($,$,(#11191));
#11193= IFCMATERIAL('\X2\042104420430043B044C\X0\ \X2\043E04460438043D043A043E04320430043D043D0430044F\X0\',$,$);
#11194= IFCCOLOURRGB($,0.874509803921569,0.894117647058824,0.901960784313726);
#11195= IFCSURFACESTYLESHADING(#11194,$);
#11196= IFCSURFACESTYLE($,.BOTH.,(#11195));
#11197= IFCSTYLEDITEM($,(#11196),$);
#11198= IFCSTYLEDREPRESENTATION(#5,$,$,(#11197));
#11199= IFCMATERIALDEFINITIONREPRESENTATION($,$,(#11198),#11193);
#11200= IFCRELASSOCIATESMATERIAL('1E7Uf$s3HFQuEXrEU6w60c',$,$,$,(#10975,#11228,#11341),#11193);
#11201= IFCCARTESIANPOINT((0.,-1455.,430.));
#11202= IFCDIRECTION((0.,-1.,0.));
#11203= IFCDIRECTION((1.,0.,0.));
#11204= IFCAXIS2PLACEMENT3D(#11201,#11202,#11203);
#11205= IFCLOCALPLACEMENT(#10980,#11204);
#11206= IFCDISTRIBUTIONPORT('1jgVJLmZy2HuOb6_5HbP4K',$,'0',$,$,#11205,$,.SINK.,.DUCT.,.VENTILATION.);
#11207= IFCRELNESTS('2XXHi3FIT1P9vlxz3BISH$',$,$,$,#10975,(#11206,#11213,#11219,#11225));
#11208= IFCCARTESIANPOINT((0.,1455.,430.));
#11209= IFCDIRECTION((0.,1.,0.));
#11210= IFCDIRECTION((1.,0.,0.));
#11211= IFCAXIS2PLACEMENT3D(#11208,#11209,#11210);
#11212= IFCLOCALPLACEMENT(#10980,#11211);
#11213= IFCDISTRIBUTIONPORT('3nlSdZ7rTMJ8bf_BxdhK6W',$,'1',$,$,#11212,$,.SOURCE.,.DUCT.,.VENTILATION.);
#11214= IFCCARTESIANPOINT((0.,965.,990.));
#11215= IFCDIRECTION((0.,1.,0.));
#11216= IFCDIRECTION((1.,0.,0.));
#11217= IFCAXIS2PLACEMENT3D(#11214,#11215,#11216);
#11218= IFCLOCALPLACEMENT(#10980,#11217);
#11219= IFCDISTRIBUTIONPORT('1rxW7D5iilIhKSlRU$$zyx',$,'2',$,$,#11218,$,.SINK.,.DUCT.,.EXHAUST.);
#11220= IFCCARTESIANPOINT((0.,-1455.,990.));
#11221= IFCDIRECTION((0.,-1.,0.));
#11222= IFCDIRECTION((1.,0.,0.));
#11223= IFCAXIS2PLACEMENT3D(#11220,#11221,#11222);
#11224= IFCLOCALPLACEMENT(#10980,#11223);
#11225= IFCDISTRIBUTIONPORT('2jwylDq1s_GOA5oxo4eL9O',$,'3',$,$,#11224,$,.SOURCE.,.DUCT.,.EXHAUST.);
#11226= IFCUNITARYEQUIPMENTTYPE('2oLeIcJv94bvmf5k$CHX8b',$,'\X2\04120435043D04420438043B044F04460438043E043D043D0430044F\X0\ \X2\0443044104420430043D043E0432043A0430\X0\ \X2\043F044004380442043E0447043D043E\X0\-\X2\0432044B0442044F0436043D0430044F\X0\',$,$,(#14000),$,$,$,.AIRHANDLER.);
#11227= IFCRELDEFINESBYTYPE('2Rw3M6bd599AJd07W6u5Qp',$,$,$,(#10975),#11226);
#11228= IFCUNITARYEQUIPMENT('3XXGK4EKX30fmcG_LEO1tR',$,'\X2\04120435043D04420438043B044F04460438043E043D043D0430044F\X0\ \X2\0443044104420430043D043E0432043A0430\X0\ \X2\043E0434043D043E043A0430043D0430043B044C043D0430044F\X0\ - \X2\041F044004380442043E0447043D0430044F\X0\ \X2\0443044104420430043D043E0432043A0430\X0\',$,$,#11233,#11325,$,$);
#11229= IFCCARTESIANPOINT((8594.992340647015226,5437.15947955683896,0.));
#11230= IFCDIRECTION((0.,0.,1.));
#11231= IFCDIRECTION((1.,0.,0.));
#11232= IFCAXIS2PLACEMENT3D(#11229,#11230,#11231);
#11233= IFCLOCALPLACEMENT(#51,#11232);
#11234= IFCPOLYLOOP((#11235,#11236,#11237,#11238));
#11235= IFCCARTESIANPOINT((285.,535.,0.));
#11236= IFCCARTESIANPOINT((-285.,535.,0.));
#11237= IFCCARTESIANPOINT((-285.,535.,320.));
#11238= IFCCARTESIANPOINT((285.,535.,320.));
#11239= IFCFACEOUTERBOUND(#11234,.T.);
#11240= IFCPOLYLOOP((#11241,#11242,#11243,#11244));
#11241= IFCCARTESIANPOINT((200.,535.,260.));
#11242= IFCCARTESIANPOINT((-200.,535.,260.));
#11243= IFCCARTESIANPOINT((-200.,535.,60.));
#11244= IFCCARTESIANPOINT((200.,535.,60.));
#11245= IFCFACEBOUND(#11240,.T.);
#11246= IFCFACE((#11239,#11245));
#11247= IFCPOLYLOOP((#11243,#11242,#11248,#11249));
#11248= IFCCARTESIANPOINT((-200.,565.,260.));
#11249= IFCCARTESIANPOINT((-200.,565.,60.));
#11250= IFCFACEOUTERBOUND(#11247,.T.);
#11251= IFCFACE((#11250));
#11252= IFCPOLYLOOP((#11244,#11243,#11249,#11253));
#11253= IFCCARTESIANPOINT((200.,565.,60.));
#11254= IFCFACEOUTERBOUND(#11252,.T.);
#11255= IFCFACE((#11254));
#11256= IFCPOLYLOOP((#11241,#11244,#11253,#11257));
#11257= IFCCARTESIANPOINT((200.,565.,260.));
#11258= IFCFACEOUTERBOUND(#11256,.T.);
#11259= IFCFACE((#11258));
#11260= IFCPOLYLOOP((#11242,#11241,#11257,#11248));
#11261= IFCFACEOUTERBOUND(#11260,.T.);
#11262= IFCFACE((#11261));
#11263= IFCPOLYLOOP((#11264,#11236,#11235,#11265));
#11264= IFCCARTESIANPOINT((-285.,-535.,0.));
#11265= IFCCARTESIANPOINT((285.,-535.,0.));
#11266= IFCFACEOUTERBOUND(#11263,.T.);
#11267= IFCFACE((#11266));
#11268= IFCPOLYLOOP((#11236,#11264,#11269,#11237));
#11269= IFCCARTESIANPOINT((-285.,-535.,320.));
#11270= IFCFACEOUTERBOUND(#11268,.T.);
#11271= IFCFACE((#11270));
#11272= IFCPOLYLOOP((#11269,#11273,#11238,#11237));
#11273= IFCCARTESIANPOINT((285.,-535.,320.));
#11274= IFCFACEOUTERBOUND(#11272,.T.);
#11275= IFCFACE((#11274));
#11276= IFCPOLYLOOP((#11265,#11235,#11238,#11273));
#11277= IFCFACEOUTERBOUND(#11276,.T.);
#11278= IFCFACE((#11277));
#11279= IFCPOLYLOOP((#11248,#11257,#11253,#11249));
#11280= IFCFACEOUTERBOUND(#11279,.T.);
#11281= IFCFACE((#11280));
#11282= IFCPOLYLOOP((#11264,#11265,#11273,#11269));
#11283= IFCFACEOUTERBOUND(#11282,.T.);
#11284= IFCPOLYLOOP((#11285,#11286,#11287,#11288));
#11285= IFCCARTESIANPOINT((200.,-535.,60.));
#11286= IFCCARTESIANPOINT((-200.,-535.,60.));
#11287= IFCCARTESIANPOINT((-200.,-535.,260.));
#11288= IFCCARTESIANPOINT((200.,-535.,260.));
#11289= IFCFACEBOUND(#11284,.T.);
#11290= IFCFACE((#11283,#11289));
#11291= IFCPOLYLOOP((#11286,#11285,#11292,#11293));
#11292= IFCCARTESIANPOINT((200.,-565.,60.));
#11293= IFCCARTESIANPOINT((-200.,-565.,60.));
#11294= IFCFACEOUTERBOUND(#11291,.T.);
#11295= IFCFACE((#11294));
#11296= IFCPOLYLOOP((#11287,#11286,#11293,#11297));
#11297= IFCCARTESIANPOINT((-200.,-565.,260.));
#11298= IFCFACEOUTERBOUND(#11296,.T.);
#11299= IFCFACE((#11298));
#11300= IFCPOLYLOOP((#11288,#11287,#11297,#11301));
#11301= IFCCARTESIANPOINT((200.,-565.,260.));
#11302= IFCFACEOUTERBOUND(#11300,.T.);
#11303= IFCFACE((#11302));
#11304= IFCPOLYLOOP((#11285,#11288,#11301,#11292));
#11305= IFCFACEOUTERBOUND(#11304,.T.);
#11306= IFCFACE((#11305));
#11307= IFCPOLYLOOP((#11293,#11292,#11301,#11297));
#11308= IFCFACEOUTERBOUND(#11307,.T.);
#11309= IFCFACE((#11308));
#11310= IFCCLOSEDSHELL((#11246,#11251,#11255,#11259,#11262,#11267,#11271,#11275,#11278,#11281,#11290,#11295,#11299,#11303,#11306,#11309));
#11311= IFCFACETEDBREP(#11310);
#11312= IFCSHAPEREPRESENTATION(#41,'Body','Brep',(#11311));
#11313= IFCCARTESIANPOINT((0.,0.,0.));
#11314= IFCDIRECTION((0.,0.,1.));
#11315= IFCDIRECTION((1.,0.,0.));
#11316= IFCAXIS2PLACEMENT3D(#11313,#11314,#11315);
#11317= IFCREPRESENTATIONMAP(#11316,#11312);
#11318= IFCDIRECTION((1.,0.,0.));
#11319= IFCDIRECTION((0.,1.,0.));
#11320= IFCDIRECTION((0.,0.,1.));
#11321= IFCCARTESIANPOINT((0.,0.,0.));
#11322= IFCCARTESIANTRANSFORMATIONOPERATOR3D(#11318,#11319,#11321,1.,#11320);
#11323= IFCMAPPEDITEM(#11317,#11322);
#11324= IFCSHAPEREPRESENTATION(#41,'Body','MappedRepresentation',(#11323));
#11325= IFCPRODUCTDEFINITIONSHAPE($,$,(#11324));
#11326= IFCCARTESIANPOINT((0.,-565.,160.));
#11327= IFCDIRECTION((0.,-1.,0.));
#11328= IFCDIRECTION((1.,0.,0.));
#11329= IFCAXIS2PLACEMENT3D(#11326,#11327,#11328);
#11330= IFCLOCALPLACEMENT(#11233,#11329);
#11331= IFCDISTRIBUTIONPORT('3QRvVic7yKJhq0D7nNY_sE',$,'0',$,$,#11330,$,.SINK.,.DUCT.,.USERDEFINED.);
#11332= IFCRELNESTS('2q0VpJsz57_8F4NWmk$fH7',$,$,$,#11228,(#11331,#11338));
#11333= IFCCARTESIANPOINT((0.,565.,160.));
#11334= IFCDIRECTION((0.,1.,0.));
#11335= IFCDIRECTION((1.,0.,0.));
#11336= IFCAXIS2PLACEMENT3D(#11333,#11334,#11335);
#11337= IFCLOCALPLACEMENT(#11233,#11336);
#11338= IFCDISTRIBUTIONPORT('04GUwgZujEGftbKYW1t2lq',$,'1',$,$,#11337,$,.SOURCE.,.DUCT.,.USERDEFINED.);
#11339= IFCUNITARYEQUIPMENTTYPE('0rmK$aHUT1efVDLLyA06F3',$,'\X2\041F044004380442043E0447043D0430044F\X0\ \X2\0443044104420430043D043E0432043A0430\X0\',$,$,(#14002),$,$,$,.AIRHANDLER.);
#11340= IFCRELDEFINESBYTYPE('03j1YSC_fEFv2v7d19h3dU',$,$,$,(#11228,#11341),#11339);
#11341= IFCUNITARYEQUIPMENT('2fqFmehLr9j9nPGsNPAakz',$,'\X2\04120435043D04420438043B044F04460438043E043D043D0430044F\X0\ \X2\0443044104420430043D043E0432043A0430\X0\ \X2\043E0434043D043E043A0430043D0430043B044C043D0430044F\X0\ - \X2\041F044004380442043E0447043D0430044F\X0\ \X2\0443044104420430043D043E0432043A0430\X0\',$,$,#11346,#11354,$,$);
#11342= IFCCARTESIANPOINT((7580.057410287012317,5359.260772970425933,0.));
#11343= IFCDIRECTION((0.,0.,1.));
#11344= IFCDIRECTION((1.,0.,0.));
#11345= IFCAXIS2PLACEMENT3D(#11342,#11343,#11344);
#11346= IFCLOCALPLACEMENT(#51,#11345);
#11347= IFCDIRECTION((1.,0.,0.));
#11348= IFCDIRECTION((0.,1.,0.));
#11349= IFCDIRECTION((0.,0.,1.));
#11350= IFCCARTESIANPOINT((0.,0.,0.));
#11351= IFCCARTESIANTRANSFORMATIONOPERATOR3D(#11347,#11348,#11350,1.,#11349);
#11352= IFCMAPPEDITEM(#11317,#11351);
#11353= IFCSHAPEREPRESENTATION(#41,'Body','MappedRepresentation',(#11352));
#11354= IFCPRODUCTDEFINITIONSHAPE($,$,(#11353));
#11355= IFCCARTESIANPOINT((0.,-565.,160.));
#11356= IFCDIRECTION((0.,-1.,0.));
#11357= IFCDIRECTION((1.,0.,0.));
#11358= IFCAXIS2PLACEMENT3D(#11355,#11356,#11357);
#11359= IFCLOCALPLACEMENT(#11346,#11358);
#11360= IFCDISTRIBUTIONPORT('1nQr934wkJJBBEUnTEIqrx',$,'0',$,$,#11359,$,.SINK.,.DUCT.,.USERDEFINED.);
#11361= IFCRELNESTS('3eetemLv95uARzo0dA2Gw8',$,$,$,#11341,(#11360,#11367));
#11362= IFCCARTESIANPOINT((0.,565.,160.));
#11363= IFCDIRECTION((0.,1.,0.));
#11364= IFCDIRECTION((1.,0.,0.));
#11365= IFCAXIS2PLACEMENT3D(#11362,#11363,#11364);
#11366= IFCLOCALPLACEMENT(#11346,#11365);
#11367= IFCDISTRIBUTIONPORT('1eCGgzy_KsHxC4gF_dgQIS',$,'1',$,$,#11366,$,.SOURCE.,.DUCT.,.USERDEFINED.);
#11368= IFCCARTESIANPOINTLIST2D(((0.000000000020201,12489.999999999969077),(0.000000000019429,-289.999999999994543)));
#11369= IFCINDEXEDPOLYCURVE(#11368,$,$);
#11370= IFCGRIDAXIS('\X2\0410\X0\',#11369,.T.);
#11371= IFCCARTESIANPOINTLIST2D(((5100.000000000022737,12489.999999999983629),(5100.000000000021828,-289.999999999994486)));
#11372= IFCINDEXEDPOLYCURVE(#11371,$,$);
#11373= IFCGRIDAXIS('\X2\0410\X0\',#11372,.T.);
#11374= IFCCARTESIANPOINTLIST2D(((10000.000000000020009,12489.999999999983629),(10000.00000000001819,-289.999999999994714)));
#11375= IFCINDEXEDPOLYCURVE(#11374,$,$);
#11376= IFCGRIDAXIS('\X2\0410\X0\',#11375,.T.);
#11377= IFCCARTESIANPOINTLIST2D(((13100.000000000027285,12489.999999999983629),(13100.000000000025466,-289.999999999994827)));
#11378= IFCINDEXEDPOLYCURVE(#11377,$,$);
#11379= IFCGRIDAXIS('\X2\0410\X0\',#11378,.T.);
#11380= IFCCARTESIANPOINTLIST2D(((-289.999999999980218,12200.000000000007276),(13100.000000000027285,12200.000000000007276)));
#11381= IFCINDEXEDPOLYCURVE(#11380,$,$);
#11382= IFCGRIDAXIS('\X2\0410\X0\',#11381,.T.);
#11383= IFCCARTESIANPOINTLIST2D(((-289.999999999980446,2247.446868915119921),(13100.000000000025466,2247.446868915119921)));
#11384= IFCINDEXEDPOLYCURVE(#11383,$,$);
#11385= IFCGRIDAXIS('\X2\0410\X0\',#11384,.T.);
#11386= IFCCARTESIANPOINTLIST2D(((-289.999999999980616,6400.000000000003638),(13100.000000000027285,6400.000000000003638)));
#11387= IFCINDEXEDPOLYCURVE(#11386,$,$);
#11388= IFCGRIDAXIS('\X2\0412\X0\',#11387,.T.);
#11389= IFCCARTESIANPOINTLIST2D(((-289.999999999980901,1400.000000000003183),(13100.000000000025466,1400.000000000003638)));
#11390= IFCINDEXEDPOLYCURVE(#11389,$,$);
#11391= IFCGRIDAXIS('\X2\0411\X0\',#11390,.T.);
#11392= IFCCARTESIANPOINTLIST2D(((-289.999999999980901,0.00000000000459),(13100.000000000025466,0.000000000004597)));
#11393= IFCINDEXEDPOLYCURVE(#11392,$,$);
#11394= IFCGRIDAXIS('\X2\0410\X0\',#11393,.T.);
#11395= IFCRELAGGREGATES('3AIjkX8YTCIu6GDibx54Pg',$,$,$,#40,(#11399));
#11396= IFCGEOMETRICCURVESET((#11369,#11372,#11375,#11378,#11381,#11384,#11387,#11390,#11393));
#11397= IFCSHAPEREPRESENTATION(#43,'FootPrint','GeometricCurveSet',(#11396));
#11398= IFCPRODUCTDEFINITIONSHAPE($,$,(#11397));
#11399= IFCGRID('10Gv90bkfBC9vXzmpe0glL',$,$,$,$,#39,#11398,(#11382,#11385,#11388,#11391,#11394),(#11370,#11373,#11376,#11379),$,$);
#11400= IFCPROPERTYSINGLEVALUE('Reference',$,$,$);
#11401= IFCPROPERTYSET('223DP7G6H4QQIwEH7Dr4eY',$,'Pset_SiteCommon',$,(#11400));
#11402= IFCRELDEFINESBYPROPERTIES('2OKIx_85b70x5MGF8pmibU',$,$,$,(#34),#11401);
#11403= IFCPROPERTYSINGLEVALUE('BuildingID',$,$,$);
#11404= IFCPROPERTYSET('2Afg8XDRbEywQu7R8IXfv0',$,'Pset_BuildingCommon',$,(#11403));
#11405= IFCRELDEFINESBYPROPERTIES('2vgHtrKsnAnvw__KWfMEss',$,$,$,(#40),#11404);
#11406= IFCPROPERTYSINGLEVALUE('Reference',$,IFCLABEL('1 \X2\044D0442\X0\'),$);
#11407= IFCPROPERTYSET('3BisATAyTBMep2uWNfGTlV',$,'Pset_BuildingStoreyCommon',$,(#11406));
#11408= IFCRELDEFINESBYPROPERTIES('1cD1MVOB5BWAW8e7R3lGCd',$,$,$,(#52),#11407);
#11409= IFCPRESENTATIONLAYERASSIGNMENT('A-M-Wall',$,(#113,#117,#177,#181,#239,#243,#302,#306,#434,#438,#519,#523,#628,#632,#693,#697,#754,#758,#807,#811,#872,#876,#945,#949,#998,#1002,#1055,#1059,#1117,#1121,#1169,#1173,#1221,#1225,#1273,#1277,#1325,#1329,#1379,#1383,#1431,#1435,#1483,#1487,#1533,#1537,#1585,#1589,#1637,#1641,#1689,#1693,#1741,#1745,#1793,#1797,#1813,#1817,#1833,#1837,#1853,#1857,#1907,#1911,#1959,#1963,#2011,#2015,#2063,#2067,#2083,#2087,#2137,#2141,#2157,#2161,#2177,#2181,#2197,#2201,#2251,#2255,#2375,#2379,#2470,#2474,#2575,#2579,#2624,#2628,#2686,#2690,#2747,#2751,#2815,#2819,#2868,#2872,#2922,#2926,#2975,#2979,#3040,#3044,#3094,#3098,#3156,#3160,#3210,#3214,#3262,#3266,#3282,#3286,#3340,#3344,#3417,#3421,#3472,#3476,#3525,#3529,#3578,#3582,#3631,#3635,#3685,#3689,#3704,#3708,#3758,#3762,#3819,#3823,#3880,#3884,#3933,#3937,#3987,#3991,#4049,#4053,#4110,#4114,#4167,#4171,#4230,#4234,#4283,#4287,#4347,#4351,#4409,#4413),$);
#11410= IFCPROPERTYSINGLEVALUE('BarAllocationType',$,IFCLABEL('(\X2\043D04350442\X0\)'),$);
#11411= IFCPROPERTYSET('3U1qJaHAP0y94EGOOp5QLA',$,'Pset_ReinforcementBarPitchOfWall',$,(#11410));
#11412= IFCRELDEFINESBYPROPERTIES('2DlwuwquH9VPXSx5csL5_3',$,$,$,(#54),#11411);
#11413= IFCPROPERTYSINGLEVALUE('Comment',$,$,$);
#11414= IFCPROPERTYSINGLEVALUE('Designation',$,$,$);
#11415= IFCPROPERTYSINGLEVALUE('FireRating',$,$,$);
#11416= IFCPROPERTYSINGLEVALUE('Reference',$,$,$);
#11417= IFCPROPERTYSINGLEVALUE('ThermalTransmittance',$,$,$);
#11418= IFCPROPERTYSET('1gBq0t3Nf8FBWJPrWvH7w5',$,'Pset_WallCommon',$,(#11413,#11414,#11415,#11416,#11417));
#11419= IFCRELDEFINESBYPROPERTIES('2xlrravJD6F9cqpJuZktQ_',$,$,$,(#54),#11418);
#11420= IFCQUANTITYLENGTH('Height',$,$,3390.,$);
#11421= IFCQUANTITYLENGTH('Length',$,$,5099.99999999998272,$);
#11422= IFCQUANTITYAREA('NetFootprintArea',$,$,0.,$);
#11423= IFCQUANTITYAREA('NetSideArea',$,$,11.151999999999981,$);
#11424= IFCQUANTITYVOLUME('NetVolume',$,$,5.352959999999928,$);
#11425= IFCQUANTITYWEIGHT('NetWeight',$,$,11776.511999999840555,$);
#11426= IFCQUANTITYLENGTH('Width',$,$,480.,$);
#11427= IFCELEMENTQUANTITY('1OZP$5Ta999PtmNWHkHBGp',$,'Qto_WallBaseQuantities',$,$,(#11420,#11421,#11422,#11423,#11424,#11425,#11426));
#11428= IFCRELDEFINESBYPROPERTIES('2F4M7hCFLAmvdHhXZrat3l',$,$,$,(#54),#11427);
#11429= IFCPROPERTYSINGLEVALUE('MassDensity',$,IFCMASSDENSITYMEASURE(2200.),$);
#11430= IFCMATERIALPROPERTIES('Pset_MaterialCommon',$,(#11429),#120);
#11431= IFCPROPERTYSINGLEVALUE('ThermalConductivity',$,IFCTHERMALCONDUCTIVITYMEASURE(1.7),$);
#11432= IFCMATERIALPROPERTIES('Pset_MaterialThermal',$,(#11431),#120);
#11433= IFCPROPERTYSINGLEVALUE('BarAllocationType',$,IFCLABEL('(\X2\043D04350442\X0\)'),$);
#11434= IFCPROPERTYSET('0WKGQiqLbDnQaFw7jiCiB7',$,'Pset_ReinforcementBarPitchOfWall',$,(#11433));
#11435= IFCRELDEFINESBYPROPERTIES('3UkDeeCar7vgAM4Ql8RqOc',$,$,$,(#130),#11434);
#11436= IFCPROPERTYSINGLEVALUE('Comment',$,$,$);
#11437= IFCPROPERTYSINGLEVALUE('Designation',$,$,$);
#11438= IFCPROPERTYSINGLEVALUE('FireRating',$,$,$);
#11439= IFCPROPERTYSINGLEVALUE('Reference',$,$,$);
#11440= IFCPROPERTYSINGLEVALUE('ThermalTransmittance',$,$,$);
#11441= IFCPROPERTYSET('0kSFmlcYHBxf$9cRuBwQTn',$,'Pset_WallCommon',$,(#11436,#11437,#11438,#11439,#11440));
#11442= IFCRELDEFINESBYPROPERTIES('07sLQFO1DD$P1tTit_0s4g',$,$,$,(#130),#11441);
#11443= IFCQUANTITYLENGTH('Height',$,$,3390.,$);
#11444= IFCQUANTITYLENGTH('Length',$,$,1399.999999999979764,$);
#11445= IFCQUANTITYAREA('NetFootprintArea',$,$,0.,$);
#11446= IFCQUANTITYAREA('NetSideArea',$,$,4.36799999999993,$);
#11447= IFCQUANTITYVOLUME('NetVolume',$,$,2.096639999999967,$);
#11448= IFCQUANTITYWEIGHT('NetWeight',$,$,4612.607999999926506,$);
#11449= IFCQUANTITYLENGTH('Width',$,$,480.,$);
#11450= IFCELEMENTQUANTITY('3TvmvTQYH61BL6VbUZrUaI',$,'Qto_WallBaseQuantities',$,$,(#11443,#11444,#11445,#11446,#11447,#11448,#11449));
#11451= IFCRELDEFINESBYPROPERTIES('0RqEMs24H7IgywUdcNqzej',$,$,$,(#130),#11450);
#11452= IFCPROPERTYSINGLEVALUE('BarAllocationType',$,IFCLABEL('(\X2\043D04350442\X0\)'),$);
#11453= IFCPROPERTYSET('31UWDg4Df9jhbThLXKKEJm',$,'Pset_ReinforcementBarPitchOfWall',$,(#11452));
#11454= IFCRELDEFINESBYPROPERTIES('3knYz2Bm9FCB9M_VyJbQyz',$,$,$,(#184),#11453);
#11455= IFCPROPERTYSINGLEVALUE('Comment',$,$,$);
#11456= IFCPROPERTYSINGLEVALUE('Designation',$,$,$);
#11457= IFCPROPERTYSINGLEVALUE('FireRating',$,$,$);
#11458= IFCPROPERTYSINGLEVALUE('Reference',$,$,$);
#11459= IFCPROPERTYSINGLEVALUE('ThermalTransmittance',$,$,$);
#11460= IFCPROPERTYSET('3a_JMPsVPFxBV7t2R7ovVH',$,'Pset_WallCommon',$,(#11455,#11456,#11457,#11458,#11459));
#11461= IFCRELDEFINESBYPROPERTIES('0aTIDVogf3ww6yDxrI85Bc',$,$,$,(#184),#11460);
#11462= IFCQUANTITYLENGTH('Height',$,$,3390.,$);
#11463= IFCQUANTITYLENGTH('Length',$,$,4660.,$);
#11464= IFCQUANTITYAREA('NetFootprintArea',$,$,0.,$);
#11465= IFCQUANTITYAREA('NetSideArea',$,$,9.779200000000014,$);
#11466= IFCQUANTITYVOLUME('NetVolume',$,$,4.75392,$);
#11467= IFCQUANTITYWEIGHT('NetWeight',$,$,10458.623999999999796,$);
#11468= IFCQUANTITYLENGTH('Width',$,$,480.,$);
#11469= IFCELEMENTQUANTITY('01hKzpoQv2Qu92OfMxUzMN',$,'Qto_WallBaseQuantities',$,$,(#11462,#11463,#11464,#11465,#11466,#11467,#11468));
#11470= IFCRELDEFINESBYPROPERTIES('2Dr76MeMfFn9qWN2sSM63H',$,$,$,(#184),#11469);
#11471= IFCPROPERTYSINGLEVALUE('BarAllocationType',$,IFCLABEL('(\X2\043D04350442\X0\)'),$);
#11472= IFCPROPERTYSET('1MxiRA5n1DOv8MLOBakZKJ',$,'Pset_ReinforcementBarPitchOfWall',$,(#11471));
#11473= IFCRELDEFINESBYPROPERTIES('3C29SqgQj4SwII$YcVTaQM',$,$,$,(#245),#11472);
#11474= IFCPROPERTYSINGLEVALUE('Comment',$,$,$);
#11475= IFCPROPERTYSINGLEVALUE('Designation',$,$,$);
#11476= IFCPROPERTYSINGLEVALUE('FireRating',$,$,$);
#11477= IFCPROPERTYSINGLEVALUE('Reference',$,$,$);
#11478= IFCPROPERTYSINGLEVALUE('ThermalTransmittance',$,$,$);
#11479= IFCPROPERTYSET('2Z1Fz9CFzD0e9lIhAHbGpw',$,'Pset_WallCommon',$,(#11474,#11475,#11476,#11477,#11478));
#11480= IFCRELDEFINESBYPROPERTIES('0mImoT6NT9EuT2Ln_k0DmJ',$,$,$,(#245),#11479);
#11481= IFCQUANTITYLENGTH('Height',$,$,3390.,$);
#11482= IFCQUANTITYLENGTH('Length',$,$,4799.999999999983629,$);
#11483= IFCQUANTITYAREA('NetFootprintArea',$,$,0.,$);
#11484= IFCQUANTITYAREA('NetSideArea',$,$,10.415999999999951,$);
#11485= IFCQUANTITYVOLUME('NetVolume',$,$,4.166399999999984,$);
#11486= IFCQUANTITYWEIGHT('NetWeight',$,$,9166.079999999965366,$);
#11487= IFCQUANTITYLENGTH('Width',$,$,400.,$);
#11488= IFCELEMENTQUANTITY('2HkOytgyD8oREfqxw7UEf_',$,'Qto_WallBaseQuantities',$,$,(#11481,#11482,#11483,#11484,#11485,#11486,#11487));
#11489= IFCRELDEFINESBYPROPERTIES('1X$NudyXLBxArfm59J68w7',$,$,$,(#245),#11488);
#11490= IFCPROPERTYSINGLEVALUE('BarAllocationType',$,IFCLABEL('(\X2\043D04350442\X0\)'),$);
#11491= IFCPROPERTYSET('0$hTpMNQz3XAt3UF20JKwM',$,'Pset_ReinforcementBarPitchOfWall',$,(#11490));
#11492= IFCRELDEFINESBYPROPERTIES('0SsYN6pNT9fg18yzsvXMCo',$,$,$,(#311),#11491);
#11493= IFCPROPERTYSINGLEVALUE('Comment',$,$,$);
#11494= IFCPROPERTYSINGLEVALUE('Designation',$,$,$);
#11495= IFCPROPERTYSINGLEVALUE('FireRating',$,$,$);
#11496= IFCPROPERTYSINGLEVALUE('Reference',$,$,$);
#11497= IFCPROPERTYSINGLEVALUE('ThermalTransmittance',$,$,$);
#11498= IFCPROPERTYSET('2EA9nc1mvFZRw$GBK5sE$Z',$,'Pset_WallCommon',$,(#11493,#11494,#11495,#11496,#11497));
#11499= IFCRELDEFINESBYPROPERTIES('17p4IeVZXBPPIKdex2_owX',$,$,$,(#311),#11498);
#11500= IFCQUANTITYLENGTH('Height',$,$,3390.,$);
#11501= IFCQUANTITYLENGTH('Length',$,$,10799.999999999989086,$);
#11502= IFCQUANTITYAREA('NetFootprintArea',$,$,0.,$);
#11503= IFCQUANTITYAREA('NetSideArea',$,$,27.674999999999937,$);
#11504= IFCQUANTITYVOLUME('NetVolume',$,$,13.273999999999932,$);
#11505= IFCQUANTITYWEIGHT('NetWeight',$,$,29202.799999999850115,$);
#11506= IFCQUANTITYLENGTH('Width',$,$,480.,$);
#11507= IFCELEMENTQUANTITY('2H83_S7UT5tRbCmXJB__aX',$,'Qto_WallBaseQuantities',$,$,(#11500,#11501,#11502,#11503,#11504,#11505,#11506));
#11508= IFCRELDEFINESBYPROPERTIES('2927puSg9Fo8AfgDgQApOL',$,$,$,(#311),#11507);
#11509= IFCPROPERTYSINGLEVALUE('BarAllocationType',$,IFCLABEL('(\X2\043D04350442\X0\)'),$);
#11510= IFCPROPERTYSET('14WzGW5p13LRRtGEuINY41',$,'Pset_ReinforcementBarPitchOfWall',$,(#11509));
#11511= IFCRELDEFINESBYPROPERTIES('0_J$LMdGX8xxW$zYRd5Nux',$,$,$,(#440),#11510);
#11512= IFCPROPERTYSINGLEVALUE('Comment',$,$,$);
#11513= IFCPROPERTYSINGLEVALUE('Designation',$,$,$);
#11514= IFCPROPERTYSINGLEVALUE('FireRating',$,$,$);
#11515= IFCPROPERTYSINGLEVALUE('Reference',$,$,$);
#11516= IFCPROPERTYSINGLEVALUE('ThermalTransmittance',$,$,$);
#11517= IFCPROPERTYSET('0momzyqzP2W9Axebn2C0dl',$,'Pset_WallCommon',$,(#11512,#11513,#11514,#11515,#11516));
#11518= IFCRELDEFINESBYPROPERTIES('1bzXbSIFv1_xAHidwZjq$8',$,$,$,(#440),#11517);
#11519= IFCQUANTITYLENGTH('Height',$,$,3390.,$);
#11520= IFCQUANTITYLENGTH('Length',$,$,9999.999999999983629,$);
#11521= IFCQUANTITYAREA('NetFootprintArea',$,$,0.,$);
#11522= IFCQUANTITYAREA('NetSideArea',$,$,28.949999999999967,$);
#11523= IFCQUANTITYVOLUME('NetVolume',$,$,13.895999999999944,$);
#11524= IFCQUANTITYWEIGHT('NetWeight',$,$,30571.199999999877036,$);
#11525= IFCQUANTITYLENGTH('Width',$,$,480.,$);
#11526= IFCELEMENTQUANTITY('3YABUd2Ef2UO1L3R9PvjfS',$,'Qto_WallBaseQuantities',$,$,(#11519,#11520,#11521,#11522,#11523,#11524,#11525));
#11527= IFCRELDEFINESBYPROPERTIES('1epxQLw8n5BA1gy$EtEB2d',$,$,$,(#440),#11526);
#11528= IFCPROPERTYSINGLEVALUE('BarAllocationType',$,IFCLABEL('(\X2\043D04350442\X0\)'),$);
#11529= IFCPROPERTYSET('1ChwY$UTDF1eNCMpnbMowJ',$,'Pset_ReinforcementBarPitchOfWall',$,(#11528));
#11530= IFCRELDEFINESBYPROPERTIES('0ytUKnNM5DFvaduMTQTHJW',$,$,$,(#525),#11529);
#11531= IFCPROPERTYSINGLEVALUE('Comment',$,$,$);
#11532= IFCPROPERTYSINGLEVALUE('Designation',$,$,$);
#11533= IFCPROPERTYSINGLEVALUE('FireRating',$,$,$);
#11534= IFCPROPERTYSINGLEVALUE('Reference',$,$,$);
#11535= IFCPROPERTYSINGLEVALUE('ThermalTransmittance',$,$,$);
#11536= IFCPROPERTYSET('0IsML4ECn2sAQDpOwjuUyf',$,'Pset_WallCommon',$,(#11531,#11532,#11533,#11534,#11535));
#11537= IFCRELDEFINESBYPROPERTIES('2szxBJtJH6p80JxxQO4DRq',$,$,$,(#525),#11536);
#11538= IFCQUANTITYLENGTH('Height',$,$,3390.,$);
#11539= IFCQUANTITYLENGTH('Length',$,$,12199.999999999969077,$);
#11540= IFCQUANTITYAREA('NetFootprintArea',$,$,0.,$);
#11541= IFCQUANTITYAREA('NetSideArea',$,$,33.11399999999994,$);
#11542= IFCQUANTITYVOLUME('NetVolume',$,$,15.894719999999957,$);
#11543= IFCQUANTITYWEIGHT('NetWeight',$,$,34968.383999999903608,$);
#11544= IFCQUANTITYLENGTH('Width',$,$,480.,$);
#11545= IFCELEMENTQUANTITY('3pIkkDuAf7HwgpP1f052fd',$,'Qto_WallBaseQuantities',$,$,(#11538,#11539,#11540,#11541,#11542,#11543,#11544));
#11546= IFCRELDEFINESBYPROPERTIES('2mWVep9m562xFtvKhPfhVn',$,$,$,(#525),#11545);
#11547= IFCPROPERTYSINGLEVALUE('BarAllocationType',$,IFCLABEL('(\X2\043D04350442\X0\)'),$);
#11548= IFCPROPERTYSET('3e$peXgED7P8e2R8jOSUQM',$,'Pset_ReinforcementBarPitchOfWall',$,(#11547));
#11549= IFCRELDEFINESBYPROPERTIES('0S$npaOsL3UOhTRUANeZso',$,$,$,(#634),#11548);
#11550= IFCPROPERTYSINGLEVALUE('Comment',$,$,$);
#11551= IFCPROPERTYSINGLEVALUE('Designation',$,$,$);
#11552= IFCPROPERTYSINGLEVALUE('FireRating',$,$,$);
#11553= IFCPROPERTYSINGLEVALUE('Reference',$,$,$);
#11554= IFCPROPERTYSINGLEVALUE('ThermalTransmittance',$,$,$);
#11555= IFCPROPERTYSET('2CK7kOIWT5WxbISyJBT9C9',$,'Pset_WallCommon',$,(#11550,#11551,#11552,#11553,#11554));
#11556= IFCRELDEFINESBYPROPERTIES('1EkfNlA8fBQubanSbN1rBx',$,$,$,(#634),#11555);
#11557= IFCQUANTITYLENGTH('Height',$,$,3390.,$);
#11558= IFCQUANTITYLENGTH('Length',$,$,9519.999999999992724,$);
#11559= IFCQUANTITYAREA('NetFootprintArea',$,$,0.,$);
#11560= IFCQUANTITYAREA('NetSideArea',$,$,25.963199999999969,$);
#11561= IFCQUANTITYVOLUME('NetVolume',$,$,10.385280000001067,$);
#11562= IFCQUANTITYWEIGHT('NetWeight',$,$,22847.616000002348301,$);
#11563= IFCQUANTITYLENGTH('Width',$,$,400.,$);
#11564= IFCELEMENTQUANTITY('2z9nBFQsr4hxh4oRrJ2wdZ',$,'Qto_WallBaseQuantities',$,$,(#11557,#11558,#11559,#11560,#11561,#11562,#11563));
#11565= IFCRELDEFINESBYPROPERTIES('0rmrr1ZTn3yRbnFdZq8M7e',$,$,$,(#634),#11564);
#11566= IFCPROPERTYSINGLEVALUE('BarAllocationType',$,IFCLABEL('(\X2\043D04350442\X0\)'),$);
#11567= IFCPROPERTYSET('0reukLotPFGB6mvmrE81Mu',$,'Pset_ReinforcementBarPitchOfWall',$,(#11566));
#11568= IFCRELDEFINESBYPROPERTIES('3N4mlTf399Ke1BtDk$IFTq',$,$,$,(#699),#11567);
#11569= IFCPROPERTYSINGLEVALUE('Comment',$,$,$);
#11570= IFCPROPERTYSINGLEVALUE('Designation',$,$,$);
#11571= IFCPROPERTYSINGLEVALUE('FireRating',$,$,$);
#11572= IFCPROPERTYSINGLEVALUE('Reference',$,$,$);
#11573= IFCPROPERTYSINGLEVALUE('ThermalTransmittance',$,$,$);
#11574= IFCPROPERTYSET('0V_7pu7c1DL8In63JQ3XUF',$,'Pset_WallCommon',$,(#11569,#11570,#11571,#11572,#11573));
#11575= IFCRELDEFINESBYPROPERTIES('0LRilHv9n8OBAdM0TOerGt',$,$,$,(#699),#11574);
#11576= IFCQUANTITYLENGTH('Height',$,$,3390.,$);
#11577= IFCQUANTITYLENGTH('Length',$,$,4749.999999999987267,$);
#11578= IFCQUANTITYAREA('NetFootprintArea',$,$,0.,$);
#11579= IFCQUANTITYAREA('NetSideArea',$,$,12.75899999999999,$);
#11580= IFCQUANTITYVOLUME('NetVolume',$,$,5.103599999999969,$);
#11581= IFCQUANTITYWEIGHT('NetWeight',$,$,11227.91999999993277,$);
#11582= IFCQUANTITYLENGTH('Width',$,$,400.,$);
#11583= IFCELEMENTQUANTITY('3ttIMpDgXFBg$_H3HQXWsI',$,'Qto_WallBaseQuantities',$,$,(#11576,#11577,#11578,#11579,#11580,#11581,#11582));
#11584= IFCRELDEFINESBYPROPERTIES('2cWxTvabf5RO0jzeIbn7Iq',$,$,$,(#699),#11583);
#11585= IFCPROPERTYSINGLEVALUE('BarAllocationType',$,IFCLABEL('(\X2\043D04350442\X0\)'),$);
#11586= IFCPROPERTYSET('1HdcBZoz5FaB09g91wO_cY',$,'Pset_ReinforcementBarPitchOfWall',$,(#11585));
#11587= IFCRELDEFINESBYPROPERTIES('3N7PzVA3TCB8KThpx19hEc',$,$,$,(#760),#11586);
#11588= IFCPROPERTYSINGLEVALUE('Comment',$,$,$);
#11589= IFCPROPERTYSINGLEVALUE('Designation',$,$,$);
#11590= IFCPROPERTYSINGLEVALUE('FireRating',$,$,$);
#11591= IFCPROPERTYSINGLEVALUE('Reference',$,$,$);
#11592= IFCPROPERTYSINGLEVALUE('ThermalTransmittance',$,$,$);
#11593= IFCPROPERTYSET('2HCMkHl5z9lQXmotRndZcD',$,'Pset_WallCommon',$,(#11588,#11589,#11590,#11591,#11592));
#11594= IFCRELDEFINESBYPROPERTIES('0GnH51qbX7LQyBwhAd3kV$',$,$,$,(#760),#11593);
#11595= IFCQUANTITYLENGTH('Height',$,$,3390.,$);
#11596= IFCQUANTITYLENGTH('Length',$,$,3160.,$);
#11597= IFCQUANTITYAREA('NetFootprintArea',$,$,0.,$);
#11598= IFCQUANTITYAREA('NetSideArea',$,$,9.859200000000007,$);
#11599= IFCQUANTITYVOLUME('NetVolume',$,$,3.943679999999997,$);
#11600= IFCQUANTITYWEIGHT('NetWeight',$,$,8676.095999999992273,$);
#11601= IFCQUANTITYLENGTH('Width',$,$,400.,$);
#11602= IFCELEMENTQUANTITY('1bMJHBybr2ROZ$WNGxw9X5',$,'Qto_WallBaseQuantities',$,$,(#11595,#11596,#11597,#11598,#11599,#11600,#11601));
#11603= IFCRELDEFINESBYPROPERTIES('0aHj1XJ7D0dQ7WRcN7nqmy',$,$,$,(#760),#11602);
#11604= IFCPROPERTYSINGLEVALUE('BarAllocationType',$,IFCLABEL('(\X2\043D04350442\X0\)'),$);
#11605= IFCPROPERTYSET('3hIBfTgFDDvB13_qA_k30m',$,'Pset_ReinforcementBarPitchOfWall',$,(#11604));
#11606= IFCRELDEFINESBYPROPERTIES('1Lk5Dc$N19vB34WseBoJ0P',$,$,$,(#814),#11605);
#11607= IFCPROPERTYSINGLEVALUE('Comment',$,$,$);
#11608= IFCPROPERTYSINGLEVALUE('Designation',$,$,$);
#11609= IFCPROPERTYSINGLEVALUE('FireRating',$,$,$);
#11610= IFCPROPERTYSINGLEVALUE('Reference',$,$,$);
#11611= IFCPROPERTYSINGLEVALUE('ThermalTransmittance',$,$,$);
#11612= IFCPROPERTYSET('2aFo$MdQj7wOrd0WB1rtOk',$,'Pset_WallCommon',$,(#11607,#11608,#11609,#11610,#11611));
#11613= IFCRELDEFINESBYPROPERTIES('1Qrj65HFDEPBMfr_JA1GJR',$,$,$,(#814),#11612);
#11614= IFCQUANTITYLENGTH('Height',$,$,3200.,$);
#11615= IFCQUANTITYLENGTH('Length',$,$,4569.999999999996362,$);
#11616= IFCQUANTITYAREA('NetFootprintArea',$,$,0.731199999999999,$);
#11617= IFCQUANTITYAREA('NetSideArea',$,$,11.545799999999989,$);
#11618= IFCQUANTITYVOLUME('NetVolume',$,$,1.847327999999998,$);
#11619= IFCQUANTITYWEIGHT('NetWeight',$,$,1662.595199999997931,$);
#11620= IFCQUANTITYLENGTH('Width',$,$,160.,$);
#11621= IFCELEMENTQUANTITY('2L5dziOxz0ieExOUXOWdcN',$,'Qto_WallBaseQuantities',$,$,(#11614,#11615,#11616,#11617,#11618,#11619,#11620));
#11622= IFCRELDEFINESBYPROPERTIES('3fC6VVy5nA4hlLUGknNebK',$,$,$,(#814),#11621);
#11623= IFCPROPERTYSINGLEVALUE('MassDensity',$,IFCMASSDENSITYMEASURE(900.),$);
#11624= IFCMATERIALPROPERTIES('Pset_MaterialCommon',$,(#11623),#878);
#11625= IFCPROPERTYSINGLEVALUE('ThermalConductivity',$,IFCTHERMALCONDUCTIVITYMEASURE(0.25),$);
#11626= IFCMATERIALPROPERTIES('Pset_MaterialThermal',$,(#11625),#878);
#11627= IFCPROPERTYSINGLEVALUE('BarAllocationType',$,IFCLABEL('(\X2\043D04350442\X0\)'),$);
#11628= IFCPROPERTYSET('2j5v63Ncv5EP5aD5DzDspc',$,'Pset_ReinforcementBarPitchOfWall',$,(#11627));
#11629= IFCRELDEFINESBYPROPERTIES('3IA$Oem6v3h8SRjQWCf14r',$,$,$,(#888),#11628);
#11630= IFCPROPERTYSINGLEVALUE('Comment',$,IFCLABEL('\X2\041F0435044004350433043E0440043E0434043A0430\X0\'),$);
#11631= IFCPROPERTYSINGLEVALUE('Designation',$,$,$);
#11632= IFCPROPERTYSINGLEVALUE('FireRating',$,$,$);
#11633= IFCPROPERTYSINGLEVALUE('Reference',$,$,$);
#11634= IFCPROPERTYSINGLEVALUE('ThermalTransmittance',$,$,$);
#11635= IFCPROPERTYSET('1dl_ZTRHj9PA2NczukBQ06',$,'Pset_WallCommon',$,(#11630,#11631,#11632,#11633,#11634));
#11636= IFCRELDEFINESBYPROPERTIES('16f6Q2oQPEHgzbAWq$LYQi',$,$,$,(#888),#11635);
#11637= IFCQUANTITYLENGTH('Height',$,$,3200.,$);
#11638= IFCQUANTITYLENGTH('Length',$,$,1994.999999999983629,$);
#11639= IFCQUANTITYAREA('NetFootprintArea',$,$,0.319199999999997,$);
#11640= IFCQUANTITYAREA('NetSideArea',$,$,3.975299999999945,$);
#11641= IFCQUANTITYVOLUME('NetVolume',$,$,0.636047999999991,$);
#11642= IFCQUANTITYWEIGHT('NetWeight',$,$,572.443199999991634,$);
#11643= IFCQUANTITYLENGTH('Width',$,$,160.,$);
#11644= IFCELEMENTQUANTITY('0km1zwvIDBtAR5QPLlFeL0',$,'Qto_WallBaseQuantities',$,$,(#11637,#11638,#11639,#11640,#11641,#11642,#11643));
#11645= IFCRELDEFINESBYPROPERTIES('3gJ2UfxMv0TuHRg7V_KL2x',$,$,$,(#888),#11644);
#11646= IFCPROPERTYSINGLEVALUE('BarAllocationType',$,IFCLABEL('(\X2\043D04350442\X0\)'),$);
#11647= IFCPROPERTYSET('0pXybxJIrB3BH0NqBg2lvV',$,'Pset_ReinforcementBarPitchOfWall',$,(#11646));
#11648= IFCRELDEFINESBYPROPERTIES('01N17qrhf68hLEASkNO1MT',$,$,$,(#951),#11647);
#11649= IFCPROPERTYSINGLEVALUE('Comment',$,$,$);
#11650= IFCPROPERTYSINGLEVALUE('Designation',$,$,$);
#11651= IFCPROPERTYSINGLEVALUE('FireRating',$,$,$);
#11652= IFCPROPERTYSINGLEVALUE('Reference',$,$,$);
#11653= IFCPROPERTYSINGLEVALUE('ThermalTransmittance',$,$,$);
#11654= IFCPROPERTYSET('1xhEG6Gkj9FgptHdNJ0cdJ',$,'Pset_WallCommon',$,(#11649,#11650,#11651,#11652,#11653));
#11655= IFCRELDEFINESBYPROPERTIES('2WwvpYTGX1FeG$PcNGNndy',$,$,$,(#951),#11654);
#11656= IFCQUANTITYLENGTH('Height',$,$,3390.,$);
#11657= IFCQUANTITYLENGTH('Length',$,$,2960.,$);
#11658= IFCQUANTITYAREA('NetFootprintArea',$,$,0.,$);
#11659= IFCQUANTITYAREA('NetSideArea',$,$,9.235199999999997,$);
#11660= IFCQUANTITYVOLUME('NetVolume',$,$,2.955264000000013,$);
#11661= IFCQUANTITYWEIGHT('NetWeight',$,$,6501.580800000027921,$);
#11662= IFCQUANTITYLENGTH('Width',$,$,320.,$);
#11663= IFCELEMENTQUANTITY('2v9Y167HT68AzXycS48nY2',$,'Qto_WallBaseQuantities',$,$,(#11656,#11657,#11658,#11659,#11660,#11661,#11662));
#11664= IFCRELDEFINESBYPROPERTIES('19osJAFofD6BrulDhZsiDn',$,$,$,(#951),#11663);
#11665= IFCPROPERTYSINGLEVALUE('BarAllocationType',$,IFCLABEL('(\X2\043D04350442\X0\)'),$);
#11666= IFCPROPERTYSET('002oLmzy1FTPE4wucAjPF9',$,'Pset_ReinforcementBarPitchOfWall',$,(#11665));
#11667= IFCRELDEFINESBYPROPERTIES('3Dh5PgSgj72QMFvDBbMNus',$,$,$,(#1008),#11666);
#11668= IFCPROPERTYSINGLEVALUE('Comment',$,$,$);
#11669= IFCPROPERTYSINGLEVALUE('Designation',$,$,$);
#11670= IFCPROPERTYSINGLEVALUE('FireRating',$,$,$);
#11671= IFCPROPERTYSINGLEVALUE('Reference',$,$,$);
#11672= IFCPROPERTYSINGLEVALUE('ThermalTransmittance',$,$,$);
#11673= IFCPROPERTYSET('10U29z5kvDu8xeVle2zvQ5',$,'Pset_WallCommon',$,(#11668,#11669,#11670,#11671,#11672));
#11674= IFCRELDEFINESBYPROPERTIES('1$s1YI9vTDKRdx0e_TcaFB',$,$,$,(#1008),#11673);
#11675= IFCQUANTITYLENGTH('Height',$,$,460.,$);
#11676= IFCQUANTITYLENGTH('Length',$,$,5584.99999999998272,$);
#11677= IFCQUANTITYAREA('NetFootprintArea',$,$,0.05585,$);
#11678= IFCQUANTITYAREA('NetSideArea',$,$,2.569099999999992,$);
#11679= IFCQUANTITYVOLUME('NetVolume',$,$,0.025691,$);
#11680= IFCQUANTITYWEIGHT('NetWeight',$,$,0.0179837,$);
#11681= IFCQUANTITYLENGTH('Width',$,$,10.,$);
#11682= IFCELEMENTQUANTITY('2YAysOlgX4B8aInzZtIVrU',$,'Qto_WallBaseQuantities',$,$,(#11675,#11676,#11677,#11678,#11679,#11680,#11681));
#11683= IFCRELDEFINESBYPROPERTIES('0axjZJFMjDzAWHlZxFUX74',$,$,$,(#1008),#11682);
#11684= IFCPROPERTYSINGLEVALUE('MassDensity',$,IFCMASSDENSITYMEASURE(0.7),$);
#11685= IFCMATERIALPROPERTIES('Pset_MaterialCommon',$,(#11684),#1065);
#11686= IFCPROPERTYSINGLEVALUE('ThermalConductivity',$,IFCTHERMALCONDUCTIVITYMEASURE(0.7),$);
#11687= IFCMATERIALPROPERTIES('Pset_MaterialThermal',$,(#11686),#1065);
#11688= IFCPROPERTYSINGLEVALUE('BarAllocationType',$,IFCLABEL('(\X2\043D04350442\X0\)'),$);
#11689= IFCPROPERTYSET('3iEybyf9n4TwnHijk2fMLh',$,'Pset_ReinforcementBarPitchOfWall',$,(#11688));
#11690= IFCRELDEFINESBYPROPERTIES('1oaDANwxn1mAkzAcl0tGtZ',$,$,$,(#1072),#11689);
#11691= IFCPROPERTYSINGLEVALUE('Comment',$,$,$);
#11692= IFCPROPERTYSINGLEVALUE('Designation',$,$,$);
#11693= IFCPROPERTYSINGLEVALUE('FireRating',$,$,$);
#11694= IFCPROPERTYSINGLEVALUE('Reference',$,$,$);
#11695= IFCPROPERTYSINGLEVALUE('ThermalTransmittance',$,$,$);
#11696= IFCPROPERTYSET('24nPFWuezFWvNpT_k7vWcf',$,'Pset_WallCommon',$,(#11691,#11692,#11693,#11694,#11695));
#11697= IFCRELDEFINESBYPROPERTIES('0ryB8n5mb3S8pFiI1caJNU',$,$,$,(#1072),#11696);
#11698= IFCQUANTITYLENGTH('Height',$,$,460.,$);
#11699= IFCQUANTITYLENGTH('Length',$,$,1399.999999999977263,$);
#11700= IFCQUANTITYAREA('NetFootprintArea',$,$,0.014000000000001,$);
#11701= IFCQUANTITYAREA('NetSideArea',$,$,0.643999999999995,$);
#11702= IFCQUANTITYVOLUME('NetVolume',$,$,0.00644,$);
#11703= IFCQUANTITYWEIGHT('NetWeight',$,$,0.004508,$);
#11704= IFCQUANTITYLENGTH('Width',$,$,10.,$);
#11705= IFCELEMENTQUANTITY('1UQSnkBIbDbhlc0MPS0i_T',$,'Qto_WallBaseQuantities',$,$,(#11698,#11699,#11700,#11701,#11702,#11703,#11704));
#11706= IFCRELDEFINESBYPROPERTIES('0$n4ooJWr4FhA8cFkA2j42',$,$,$,(#1072),#11705);
#11707= IFCPROPERTYSINGLEVALUE('BarAllocationType',$,IFCLABEL('(\X2\043D04350442\X0\)'),$);
#11708= IFCPROPERTYSET('2M5oBeBgHAo9GfyR9pv9io',$,'Pset_ReinforcementBarPitchOfWall',$,(#11707));
#11709= IFCRELDEFINESBYPROPERTIES('2utM0SzzH5rRwZf6Y1oNVT',$,$,$,(#1124),#11708);
#11710= IFCPROPERTYSINGLEVALUE('Comment',$,$,$);
#11711= IFCPROPERTYSINGLEVALUE('Designation',$,$,$);
#11712= IFCPROPERTYSINGLEVALUE('FireRating',$,$,$);
#11713= IFCPROPERTYSINGLEVALUE('Reference',$,$,$);
#11714= IFCPROPERTYSINGLEVALUE('ThermalTransmittance',$,$,$);
#11715= IFCPROPERTYSET('1g5s2bWzvEMO1$zF8ulPlb',$,'Pset_WallCommon',$,(#11710,#11711,#11712,#11713,#11714));
#11716= IFCRELDEFINESBYPROPERTIES('2xgFUYMgb2$uWZK3nkgvW3',$,$,$,(#1124),#11715);
#11717= IFCQUANTITYLENGTH('Height',$,$,460.,$);
#11718= IFCQUANTITYLENGTH('Length',$,$,4890.000000000012733,$);
#11719= IFCQUANTITYAREA('NetFootprintArea',$,$,0.048900000000001,$);
#11720= IFCQUANTITYAREA('NetSideArea',$,$,2.249400000000006,$);
#11721= IFCQUANTITYVOLUME('NetVolume',$,$,0.022494,$);
#11722= IFCQUANTITYWEIGHT('NetWeight',$,$,0.0157458,$);
#11723= IFCQUANTITYLENGTH('Width',$,$,10.,$);
#11724= IFCELEMENTQUANTITY('00GcOb$VDBFxmka34pnCMN',$,'Qto_WallBaseQuantities',$,$,(#11717,#11718,#11719,#11720,#11721,#11722,#11723));
#11725= IFCRELDEFINESBYPROPERTIES('0fUwHBUJT0P9BparaPMy5V',$,$,$,(#1124),#11724);
#11726= IFCPROPERTYSINGLEVALUE('BarAllocationType',$,IFCLABEL('(\X2\043D04350442\X0\)'),$);
#11727= IFCPROPERTYSET('283eGVpIX4Kxjd1_UI2yvr',$,'Pset_ReinforcementBarPitchOfWall',$,(#11726));
#11728= IFCRELDEFINESBYPROPERTIES('1WuZsSxhj3XhHrnl6QK_XM',$,$,$,(#1176),#11727);
#11729= IFCPROPERTYSINGLEVALUE('Comment',$,$,$);
#11730= IFCPROPERTYSINGLEVALUE('Designation',$,$,$);
#11731= IFCPROPERTYSINGLEVALUE('FireRating',$,$,$);
#11732= IFCPROPERTYSINGLEVALUE('Reference',$,$,$);
#11733= IFCPROPERTYSINGLEVALUE('ThermalTransmittance',$,$,$);
#11734= IFCPROPERTYSET('16F264MuX9BvWdubwbHUNF',$,'Pset_WallCommon',$,(#11729,#11730,#11731,#11732,#11733));
#11735= IFCRELDEFINESBYPROPERTIES('2FLLbyGzP9IRRDMUWF1F8G',$,$,$,(#1176),#11734);
#11736= IFCQUANTITYLENGTH('Height',$,$,460.,$);
#11737= IFCQUANTITYLENGTH('Length',$,$,511.666666666676178,$);
#11738= IFCQUANTITYAREA('NetFootprintArea',$,$,0.005116666666667,$);
#11739= IFCQUANTITYAREA('NetSideArea',$,$,0.235366666666673,$);
#11740= IFCQUANTITYVOLUME('NetVolume',$,$,0.002353666666667,$);
#11741= IFCQUANTITYWEIGHT('NetWeight',$,$,0.001647566666667,$);
#11742= IFCQUANTITYLENGTH('Width',$,$,10.,$);
#11743= IFCELEMENTQUANTITY('25l$SvVJLC8QgaC5$AAJY_',$,'Qto_WallBaseQuantities',$,$,(#11736,#11737,#11738,#11739,#11740,#11741,#11742));
#11744= IFCRELDEFINESBYPROPERTIES('2QBeHpCTL9BPKv6AhjUNcI',$,$,$,(#1176),#11743);
#11745= IFCPROPERTYSINGLEVALUE('BarAllocationType',$,IFCLABEL('(\X2\043D04350442\X0\)'),$);
#11746= IFCPROPERTYSET('1onyB10kf54fZJVwYYVeZ7',$,'Pset_ReinforcementBarPitchOfWall',$,(#11745));
#11747= IFCRELDEFINESBYPROPERTIES('1pkOqoiK53hutjyHUh5cYN',$,$,$,(#1228),#11746);
#11748= IFCPROPERTYSINGLEVALUE('Comment',$,$,$);
#11749= IFCPROPERTYSINGLEVALUE('Designation',$,$,$);
#11750= IFCPROPERTYSINGLEVALUE('FireRating',$,$,$);
#11751= IFCPROPERTYSINGLEVALUE('Reference',$,$,$);
#11752= IFCPROPERTYSINGLEVALUE('ThermalTransmittance',$,$,$);
#11753= IFCPROPERTYSET('1o6NR3xlb2ke5YZftiiwCL',$,'Pset_WallCommon',$,(#11748,#11749,#11750,#11751,#11752));
#11754= IFCRELDEFINESBYPROPERTIES('2Mepc0_2r5OPpwBEUyzQii',$,$,$,(#1228),#11753);
#11755= IFCQUANTITYLENGTH('Height',$,$,310.,$);
#11756= IFCQUANTITYLENGTH('Length',$,$,516.66666666667652,$);
#11757= IFCQUANTITYAREA('NetFootprintArea',$,$,0.005166666666667,$);
#11758= IFCQUANTITYAREA('NetSideArea',$,$,0.16016666666667,$);
#11759= IFCQUANTITYVOLUME('NetVolume',$,$,0.001601666666667,$);
#11760= IFCQUANTITYWEIGHT('NetWeight',$,$,0.001121166666667,$);
#11761= IFCQUANTITYLENGTH('Width',$,$,10.,$);
#11762= IFCELEMENTQUANTITY('1hOvAOGGLEYw3fhfZ95CgJ',$,'Qto_WallBaseQuantities',$,$,(#11755,#11756,#11757,#11758,#11759,#11760,#11761));
#11763= IFCRELDEFINESBYPROPERTIES('17awCD4eb80Q69nUpgkEMJ',$,$,$,(#1228),#11762);
#11764= IFCPROPERTYSINGLEVALUE('BarAllocationType',$,IFCLABEL('(\X2\043D04350442\X0\)'),$);
#11765= IFCPROPERTYSET('2CEcWksXfBrvPu$N7jG_di',$,'Pset_ReinforcementBarPitchOfWall',$,(#11764));
#11766= IFCRELDEFINESBYPROPERTIES('2gZDR58FbC381OWS3INAE_',$,$,$,(#1280),#11765);
#11767= IFCPROPERTYSINGLEVALUE('Comment',$,$,$);
#11768= IFCPROPERTYSINGLEVALUE('Designation',$,$,$);
#11769= IFCPROPERTYSINGLEVALUE('FireRating',$,$,$);
#11770= IFCPROPERTYSINGLEVALUE('Reference',$,$,$);
#11771= IFCPROPERTYSINGLEVALUE('ThermalTransmittance',$,$,$);
#11772= IFCPROPERTYSET('2KoP$3gg531v2NurbcQbuG',$,'Pset_WallCommon',$,(#11767,#11768,#11769,#11770,#11771));
#11773= IFCRELDEFINESBYPROPERTIES('2R6jh08MX0gxDIRcUtDqxP',$,$,$,(#1280),#11772);
#11774= IFCQUANTITYLENGTH('Height',$,$,160.,$);
#11775= IFCQUANTITYLENGTH('Length',$,$,516.666666666676406,$);
#11776= IFCQUANTITYAREA('NetFootprintArea',$,$,0.005166666666667,$);
#11777= IFCQUANTITYAREA('NetSideArea',$,$,0.082666666666668,$);
#11778= IFCQUANTITYVOLUME('NetVolume',$,$,0.000826666666667,$);
#11779= IFCQUANTITYWEIGHT('NetWeight',$,$,0.000578666666667,$);
#11780= IFCQUANTITYLENGTH('Width',$,$,10.,$);
#11781= IFCELEMENTQUANTITY('18jV7nY5b8A8xFf5dxqjP5',$,'Qto_WallBaseQuantities',$,$,(#11774,#11775,#11776,#11777,#11778,#11779,#11780));
#11782= IFCRELDEFINESBYPROPERTIES('2$_rpQ1fj1F9Ij9IE70jWS',$,$,$,(#1280),#11781);
#11783= IFCPROPERTYSINGLEVALUE('BarAllocationType',$,IFCLABEL('(\X2\043D04350442\X0\)'),$);
#11784= IFCPROPERTYSET('0iHXrhEwH68gYOh8goCPnR',$,'Pset_ReinforcementBarPitchOfWall',$,(#11783));
#11785= IFCRELDEFINESBYPROPERTIES('2QLvTVzQ9BLBdp216gOFUy',$,$,$,(#1332),#11784);
#11786= IFCPROPERTYSINGLEVALUE('Comment',$,$,$);
#11787= IFCPROPERTYSINGLEVALUE('Designation',$,$,$);
#11788= IFCPROPERTYSINGLEVALUE('FireRating',$,$,$);
#11789= IFCPROPERTYSINGLEVALUE('Reference',$,$,$);
#11790= IFCPROPERTYSINGLEVALUE('ThermalTransmittance',$,$,$);
#11791= IFCPROPERTYSET('2KXoGlLjv6pOQQhFsMB137',$,'Pset_WallCommon',$,(#11786,#11787,#11788,#11789,#11790));
#11792= IFCRELDEFINESBYPROPERTIES('19ebjphGH1NuzRDuY56cA6',$,$,$,(#1332),#11791);
#11793= IFCQUANTITYLENGTH('Height',$,$,460.,$);
#11794= IFCQUANTITYLENGTH('Length',$,$,516.666666666676406,$);
#11795= IFCQUANTITYAREA('NetFootprintArea',$,$,0.005166666666667,$);
#11796= IFCQUANTITYAREA('NetSideArea',$,$,0.237666666666671,$);
#11797= IFCQUANTITYVOLUME('NetVolume',$,$,0.002376666666667,$);
#11798= IFCQUANTITYWEIGHT('NetWeight',$,$,0.001663666666667,$);
#11799= IFCQUANTITYLENGTH('Width',$,$,10.,$);
#11800= IFCELEMENTQUANTITY('1V5juFEGbBP85QdHVdNCXD',$,'Qto_WallBaseQuantities',$,$,(#11793,#11794,#11795,#11796,#11797,#11798,#11799));
#11801= IFCRELDEFINESBYPROPERTIES('0AKBSQo4H24wlqBa3BsG7M',$,$,$,(#1332),#11800);
#11802= IFCPROPERTYSINGLEVALUE('BarAllocationType',$,IFCLABEL('(\X2\043D04350442\X0\)'),$);
#11803= IFCPROPERTYSET('0ZEjeE3XT5AuYfDAd1FRWn',$,'Pset_ReinforcementBarPitchOfWall',$,(#11802));
#11804= IFCRELDEFINESBYPROPERTIES('0LlUXE1A57mgw_5nJQVGa9',$,$,$,(#1386),#11803);
#11805= IFCPROPERTYSINGLEVALUE('Comment',$,$,$);
#11806= IFCPROPERTYSINGLEVALUE('Designation',$,$,$);
#11807= IFCPROPERTYSINGLEVALUE('FireRating',$,$,$);
#11808= IFCPROPERTYSINGLEVALUE('Reference',$,$,$);
#11809= IFCPROPERTYSINGLEVALUE('ThermalTransmittance',$,$,$);
#11810= IFCPROPERTYSET('2ReHe5Bu98qhwjXdlIuIEw',$,'Pset_WallCommon',$,(#11805,#11806,#11807,#11808,#11809));
#11811= IFCRELDEFINESBYPROPERTIES('2kpGGs34D1bhktIRHHT8yf',$,$,$,(#1386),#11810);
#11812= IFCQUANTITYLENGTH('Height',$,$,310.,$);
#11813= IFCQUANTITYLENGTH('Length',$,$,516.66666666667652,$);
#11814= IFCQUANTITYAREA('NetFootprintArea',$,$,0.005166666666667,$);
#11815= IFCQUANTITYAREA('NetSideArea',$,$,0.16016666666667,$);
#11816= IFCQUANTITYVOLUME('NetVolume',$,$,0.001601666666667,$);
#11817= IFCQUANTITYWEIGHT('NetWeight',$,$,0.001121166666667,$);
#11818= IFCQUANTITYLENGTH('Width',$,$,10.,$);
#11819= IFCELEMENTQUANTITY('2yiuPbaED6IeLod924DV1C',$,'Qto_WallBaseQuantities',$,$,(#11812,#11813,#11814,#11815,#11816,#11817,#11818));
#11820= IFCRELDEFINESBYPROPERTIES('1u2WZiJUTCTe7dn5Db2pCQ',$,$,$,(#1386),#11819);
#11821= IFCPROPERTYSINGLEVALUE('BarAllocationType',$,IFCLABEL('(\X2\043D04350442\X0\)'),$);
#11822= IFCPROPERTYSET('0K8100bUr8_PoJtafdXLZL',$,'Pset_ReinforcementBarPitchOfWall',$,(#11821));
#11823= IFCRELDEFINESBYPROPERTIES('04inbVQmL1gfm$rO2jxK2v',$,$,$,(#1438),#11822);
#11824= IFCPROPERTYSINGLEVALUE('Comment',$,$,$);
#11825= IFCPROPERTYSINGLEVALUE('Designation',$,$,$);
#11826= IFCPROPERTYSINGLEVALUE('FireRating',$,$,$);
#11827= IFCPROPERTYSINGLEVALUE('Reference',$,$,$);
#11828= IFCPROPERTYSINGLEVALUE('ThermalTransmittance',$,$,$);
#11829= IFCPROPERTYSET('25joqGFfH0IP9ZjKHX1eTw',$,'Pset_WallCommon',$,(#11824,#11825,#11826,#11827,#11828));
#11830= IFCRELDEFINESBYPROPERTIES('3sIwzPhTPE5wUSXZYrrG8c',$,$,$,(#1438),#11829);
#11831= IFCQUANTITYLENGTH('Height',$,$,160.,$);
#11832= IFCQUANTITYLENGTH('Length',$,$,516.666666666676406,$);
#11833= IFCQUANTITYAREA('NetFootprintArea',$,$,0.005166666666667,$);
#11834= IFCQUANTITYAREA('NetSideArea',$,$,0.082666666666668,$);
#11835= IFCQUANTITYVOLUME('NetVolume',$,$,0.000826666666667,$);
#11836= IFCQUANTITYWEIGHT('NetWeight',$,$,0.000578666666667,$);
#11837= IFCQUANTITYLENGTH('Width',$,$,10.,$);
#11838= IFCELEMENTQUANTITY('0P67ogOs13QwU_R9pb$fPk',$,'Qto_WallBaseQuantities',$,$,(#11831,#11832,#11833,#11834,#11835,#11836,#11837));
#11839= IFCRELDEFINESBYPROPERTIES('0a0Gl4c09ALeUfa7w5xEu3',$,$,$,(#1438),#11838);
#11840= IFCPROPERTYSINGLEVALUE('BarAllocationType',$,IFCLABEL('(\X2\043D04350442\X0\)'),$);
#11841= IFCPROPERTYSET('1qsBa7O$v8zeJmt0YPqfcK',$,'Pset_ReinforcementBarPitchOfWall',$,(#11840));
#11842= IFCRELDEFINESBYPROPERTIES('1keGW4N3D3VAB2SzXwi9GH',$,$,$,(#1490),#11841);
#11843= IFCPROPERTYSINGLEVALUE('Comment',$,$,$);
#11844= IFCPROPERTYSINGLEVALUE('Designation',$,$,$);
#11845= IFCPROPERTYSINGLEVALUE('FireRating',$,$,$);
#11846= IFCPROPERTYSINGLEVALUE('Reference',$,$,$);
#11847= IFCPROPERTYSINGLEVALUE('ThermalTransmittance',$,$,$);
#11848= IFCPROPERTYSET('1VePaH7fP5VOkpWPBkC_MQ',$,'Pset_WallCommon',$,(#11843,#11844,#11845,#11846,#11847));
#11849= IFCRELDEFINESBYPROPERTIES('2b5RBLZEz1K91zzg$qrV4K',$,$,$,(#1490),#11848);
#11850= IFCQUANTITYLENGTH('Height',$,$,460.,$);
#11851= IFCQUANTITYLENGTH('Length',$,$,6144.999999999970896,$);
#11852= IFCQUANTITYAREA('NetFootprintArea',$,$,0.061450000000005,$);
#11853= IFCQUANTITYAREA('NetSideArea',$,$,2.826699999999986,$);
#11854= IFCQUANTITYVOLUME('NetVolume',$,$,0.028267000000002,$);
#11855= IFCQUANTITYWEIGHT('NetWeight',$,$,0.019786900000001,$);
#11856= IFCQUANTITYLENGTH('Width',$,$,10.,$);
#11857= IFCELEMENTQUANTITY('0Lcen3nhv2LxaSz9aaM$Ju',$,'Qto_WallBaseQuantities',$,$,(#11850,#11851,#11852,#11853,#11854,#11855,#11856));
#11858= IFCRELDEFINESBYPROPERTIES('3Eu7lrJor7lBuNlrRNpr7I',$,$,$,(#1490),#11857);
#11859= IFCPROPERTYSINGLEVALUE('BarAllocationType',$,IFCLABEL('(\X2\043D04350442\X0\)'),$);
#11860= IFCPROPERTYSET('316bijplb5fw4a9qeSYDIH',$,'Pset_ReinforcementBarPitchOfWall',$,(#11859));
#11861= IFCRELDEFINESBYPROPERTIES('1XEbIa$y57dezLnvt2EX9i',$,$,$,(#1540),#11860);
#11862= IFCPROPERTYSINGLEVALUE('Comment',$,$,$);
#11863= IFCPROPERTYSINGLEVALUE('Designation',$,$,$);
#11864= IFCPROPERTYSINGLEVALUE('FireRating',$,$,$);
#11865= IFCPROPERTYSINGLEVALUE('Reference',$,$,$);
#11866= IFCPROPERTYSINGLEVALUE('ThermalTransmittance',$,$,$);
#11867= IFCPROPERTYSET('3iqhVRIMbD2fFdrNeNmC9x',$,'Pset_WallCommon',$,(#11862,#11863,#11864,#11865,#11866));
#11868= IFCRELDEFINESBYPROPERTIES('2q7Ve_R858xPbZ24DkCLH$',$,$,$,(#1540),#11867);
#11869= IFCQUANTITYLENGTH('Height',$,$,460.,$);
#11870= IFCQUANTITYLENGTH('Length',$,$,2860.000000000021828,$);
#11871= IFCQUANTITYAREA('NetFootprintArea',$,$,0.028600000000002,$);
#11872= IFCQUANTITYAREA('NetSideArea',$,$,1.315600000000008,$);
#11873= IFCQUANTITYVOLUME('NetVolume',$,$,0.013156,$);
#11874= IFCQUANTITYWEIGHT('NetWeight',$,$,0.0092092,$);
#11875= IFCQUANTITYLENGTH('Width',$,$,10.,$);
#11876= IFCELEMENTQUANTITY('00mnNuyH52Bx5dk1RCzLa4',$,'Qto_WallBaseQuantities',$,$,(#11869,#11870,#11871,#11872,#11873,#11874,#11875));
#11877= IFCRELDEFINESBYPROPERTIES('380C9RWsLEaeBQyxC$hFkq',$,$,$,(#1540),#11876);
#11878= IFCPROPERTYSINGLEVALUE('BarAllocationType',$,IFCLABEL('(\X2\043D04350442\X0\)'),$);
#11879= IFCPROPERTYSET('2flI5oyUH2nQgCkX6zgOe$',$,'Pset_ReinforcementBarPitchOfWall',$,(#11878));
#11880= IFCRELDEFINESBYPROPERTIES('1cR14MBGX1JeVydn5JwiDS',$,$,$,(#1592),#11879);
#11881= IFCPROPERTYSINGLEVALUE('Comment',$,$,$);
#11882= IFCPROPERTYSINGLEVALUE('Designation',$,$,$);
#11883= IFCPROPERTYSINGLEVALUE('FireRating',$,$,$);
#11884= IFCPROPERTYSINGLEVALUE('Reference',$,$,$);
#11885= IFCPROPERTYSINGLEVALUE('ThermalTransmittance',$,$,$);
#11886= IFCPROPERTYSET('1S5HPqMOn4CwEK9j07BLe1',$,'Pset_WallCommon',$,(#11881,#11882,#11883,#11884,#11885));
#11887= IFCRELDEFINESBYPROPERTIES('11PWR2aKnCAPRwPEil_HZQ',$,$,$,(#1592),#11886);
#11888= IFCQUANTITYLENGTH('Height',$,$,460.,$);
#11889= IFCQUANTITYLENGTH('Length',$,$,2999.999999998150088,$);
#11890= IFCQUANTITYAREA('NetFootprintArea',$,$,0.029999999999981,$);
#11891= IFCQUANTITYAREA('NetSideArea',$,$,1.379999999999147,$);
#11892= IFCQUANTITYVOLUME('NetVolume',$,$,0.013799999999991,$);
#11893= IFCQUANTITYWEIGHT('NetWeight',$,$,0.009659999999993,$);
#11894= IFCQUANTITYLENGTH('Width',$,$,10.,$);
#11895= IFCELEMENTQUANTITY('1qOQT4GvX5AgOYE2x74MLF',$,'Qto_WallBaseQuantities',$,$,(#11888,#11889,#11890,#11891,#11892,#11893,#11894));
#11896= IFCRELDEFINESBYPROPERTIES('3i7rBYv6f54ffQoZ2qay3i',$,$,$,(#1592),#11895);
#11897= IFCPROPERTYSINGLEVALUE('BarAllocationType',$,IFCLABEL('(\X2\043D04350442\X0\)'),$);
#11898= IFCPROPERTYSET('3$pccquqb318Q19g8oWPoy',$,'Pset_ReinforcementBarPitchOfWall',$,(#11897));
#11899= IFCRELDEFINESBYPROPERTIES('3cx6WrhOXELO2w8yA5zT$5',$,$,$,(#1644),#11898);
#11900= IFCPROPERTYSINGLEVALUE('Comment',$,$,$);
#11901= IFCPROPERTYSINGLEVALUE('Designation',$,$,$);
#11902= IFCPROPERTYSINGLEVALUE('FireRating',$,$,$);
#11903= IFCPROPERTYSINGLEVALUE('Reference',$,$,$);
#11904= IFCPROPERTYSINGLEVALUE('ThermalTransmittance',$,$,$);
#11905= IFCPROPERTYSET('3KncxAxt59i94YZyjJTqZc',$,'Pset_WallCommon',$,(#11900,#11901,#11902,#11903,#11904));
#11906= IFCRELDEFINESBYPROPERTIES('3NUtHG7E922Ajb6Crk2oBu',$,$,$,(#1644),#11905);
#11907= IFCQUANTITYLENGTH('Height',$,$,460.,$);
#11908= IFCQUANTITYLENGTH('Length',$,$,1182.746008344747679,$);
#11909= IFCQUANTITYAREA('NetFootprintArea',$,$,0.011827460083449,$);
#11910= IFCQUANTITYAREA('NetSideArea',$,$,0.544063163838584,$);
#11911= IFCQUANTITYVOLUME('NetVolume',$,$,0.005440631638386,$);
#11912= IFCQUANTITYWEIGHT('NetWeight',$,$,0.00380844214687,$);
#11913= IFCQUANTITYLENGTH('Width',$,$,10.,$);
#11914= IFCELEMENTQUANTITY('39X2J1WSrBhe4hjjFT2qaC',$,'Qto_WallBaseQuantities',$,$,(#11907,#11908,#11909,#11910,#11911,#11912,#11913));
#11915= IFCRELDEFINESBYPROPERTIES('1CHSb1ru5BygxX9wDJ$2wi',$,$,$,(#1644),#11914);
#11916= IFCPROPERTYSINGLEVALUE('BarAllocationType',$,IFCLABEL('(\X2\043D04350442\X0\)'),$);
#11917= IFCPROPERTYSET('2eZtNT$fr0thZInw3052of',$,'Pset_ReinforcementBarPitchOfWall',$,(#11916));
#11918= IFCRELDEFINESBYPROPERTIES('1rvRBLtGTDag4FUo9R1WFA',$,$,$,(#1696),#11917);
#11919= IFCPROPERTYSINGLEVALUE('Comment',$,$,$);
#11920= IFCPROPERTYSINGLEVALUE('Designation',$,$,$);
#11921= IFCPROPERTYSINGLEVALUE('FireRating',$,$,$);
#11922= IFCPROPERTYSINGLEVALUE('Reference',$,$,$);
#11923= IFCPROPERTYSINGLEVALUE('ThermalTransmittance',$,$,$);
#11924= IFCPROPERTYSET('2C6WOWEy93pfCYGrvjPu0Z',$,'Pset_WallCommon',$,(#11919,#11920,#11921,#11922,#11923));
#11925= IFCRELDEFINESBYPROPERTIES('1fn3wEMZX06QElxL4WnrVd',$,$,$,(#1696),#11924);
#11926= IFCQUANTITYLENGTH('Height',$,$,310.,$);
#11927= IFCQUANTITYLENGTH('Length',$,$,287.746008346481176,$);
#11928= IFCQUANTITYAREA('NetFootprintArea',$,$,0.002877460083465,$);
#11929= IFCQUANTITYAREA('NetSideArea',$,$,0.089201262587409,$);
#11930= IFCQUANTITYVOLUME('NetVolume',$,$,0.000892012625874,$);
#11931= IFCQUANTITYWEIGHT('NetWeight',$,$,0.000624408838112,$);
#11932= IFCQUANTITYLENGTH('Width',$,$,10.,$);
#11933= IFCELEMENTQUANTITY('1s6W6xwd12khywJVk$$K6c',$,'Qto_WallBaseQuantities',$,$,(#11926,#11927,#11928,#11929,#11930,#11931,#11932));
#11934= IFCRELDEFINESBYPROPERTIES('0Bi8KuOO9DyuVEDM6uzVCr',$,$,$,(#1696),#11933);
#11935= IFCPROPERTYSINGLEVALUE('BarAllocationType',$,IFCLABEL('(\X2\043D04350442\X0\)'),$);
#11936= IFCPROPERTYSET('3YOBOUpTX1KPr2OdtYkD$b',$,'Pset_ReinforcementBarPitchOfWall',$,(#11935));
#11937= IFCRELDEFINESBYPROPERTIES('2iXS59WwvEyBNe7PmJOnNV',$,$,$,(#1748),#11936);
#11938= IFCPROPERTYSINGLEVALUE('Comment',$,$,$);
#11939= IFCPROPERTYSINGLEVALUE('Designation',$,$,$);
#11940= IFCPROPERTYSINGLEVALUE('FireRating',$,$,$);
#11941= IFCPROPERTYSINGLEVALUE('Reference',$,$,$);
#11942= IFCPROPERTYSINGLEVALUE('ThermalTransmittance',$,$,$);
#11943= IFCPROPERTYSET('0f9iHxEer9RQKyljmBTjmG',$,'Pset_WallCommon',$,(#11938,#11939,#11940,#11941,#11942));
#11944= IFCRELDEFINESBYPROPERTIES('35GXTExXPFmef2$tAC3hNw',$,$,$,(#1748),#11943);
#11945= IFCQUANTITYLENGTH('Height',$,$,150.,$);
#11946= IFCQUANTITYLENGTH('Length',$,$,287.746008346481176,$);
#11947= IFCQUANTITYAREA('NetFootprintArea',$,$,0.002877460083465,$);
#11948= IFCQUANTITYAREA('NetSideArea',$,$,0.043161901251972,$);
#11949= IFCQUANTITYVOLUME('NetVolume',$,$,0.00043161901252,$);
#11950= IFCQUANTITYWEIGHT('NetWeight',$,$,0.000302133308764,$);
#11951= IFCQUANTITYLENGTH('Width',$,$,10.,$);
#11952= IFCELEMENTQUANTITY('3Kg8iqAqPBlOSHa0aOBS_j',$,'Qto_WallBaseQuantities',$,$,(#11945,#11946,#11947,#11948,#11949,#11950,#11951));
#11953= IFCRELDEFINESBYPROPERTIES('3T0nwS04j3vuoKm3Na6GUp',$,$,$,(#1748),#11952);
#11954= IFCPROPERTYSINGLEVALUE('BarAllocationType',$,IFCLABEL('(\X2\043D04350442\X0\)'),$);
#11955= IFCPROPERTYSET('3I4TEqk9HEnfTXx61PLsfl',$,'Pset_ReinforcementBarPitchOfWall',$,(#11954));
#11956= IFCRELDEFINESBYPROPERTIES('2JPjvBqW9ASu8TYsLfyJlW',$,$,$,(#1800),#11955);
#11957= IFCPROPERTYSINGLEVALUE('Comment',$,$,$);
#11958= IFCPROPERTYSINGLEVALUE('Designation',$,$,$);
#11959= IFCPROPERTYSINGLEVALUE('FireRating',$,$,$);
#11960= IFCPROPERTYSINGLEVALUE('Reference',$,$,$);
#11961= IFCPROPERTYSINGLEVALUE('ThermalTransmittance',$,$,$);
#11962= IFCPROPERTYSET('1AigosPt17Rh053d8t26NH',$,'Pset_WallCommon',$,(#11957,#11958,#11959,#11960,#11961));
#11963= IFCRELDEFINESBYPROPERTIES('37M9o2FWjDW8w0UlIImpQA',$,$,$,(#1800),#11962);
#11964= IFCQUANTITYLENGTH('Height',$,$,150.,$);
#11965= IFCQUANTITYLENGTH('Length',$,$,287.746008346479357,$);
#11966= IFCQUANTITYAREA('NetFootprintArea',$,$,0.002877460083465,$);
#11967= IFCQUANTITYAREA('NetSideArea',$,$,0.043161901251972,$);
#11968= IFCQUANTITYVOLUME('NetVolume',$,$,0.00043161901252,$);
#11969= IFCQUANTITYWEIGHT('NetWeight',$,$,0.000302133308764,$);
#11970= IFCQUANTITYLENGTH('Width',$,$,10.,$);
#11971= IFCELEMENTQUANTITY('0pZaxWzNr31OCxkro1ysNI',$,'Qto_WallBaseQuantities',$,$,(#11964,#11965,#11966,#11967,#11968,#11969,#11970));
#11972= IFCRELDEFINESBYPROPERTIES('10kD$EcpLF4QUI3oZmzEef',$,$,$,(#1800),#11971);
#11973= IFCPROPERTYSINGLEVALUE('BarAllocationType',$,IFCLABEL('(\X2\043D04350442\X0\)'),$);
#11974= IFCPROPERTYSET('2Zs_55vNX7fPTSXyqaAjjn',$,'Pset_ReinforcementBarPitchOfWall',$,(#11973));
#11975= IFCRELDEFINESBYPROPERTIES('3gmdJ2nkrCPQEHjjJnvl5X',$,$,$,(#1820),#11974);
#11976= IFCPROPERTYSINGLEVALUE('Comment',$,$,$);
#11977= IFCPROPERTYSINGLEVALUE('Designation',$,$,$);
#11978= IFCPROPERTYSINGLEVALUE('FireRating',$,$,$);
#11979= IFCPROPERTYSINGLEVALUE('Reference',$,$,$);
#11980= IFCPROPERTYSINGLEVALUE('ThermalTransmittance',$,$,$);
#11981= IFCPROPERTYSET('3DCvprcjn5fAXSa3q1bLib',$,'Pset_WallCommon',$,(#11976,#11977,#11978,#11979,#11980));
#11982= IFCRELDEFINESBYPROPERTIES('2h9rrTNSz9$PUj0cWl69i_',$,$,$,(#1820),#11981);
#11983= IFCQUANTITYLENGTH('Height',$,$,310.,$);
#11984= IFCQUANTITYLENGTH('Length',$,$,287.746008346481176,$);
#11985= IFCQUANTITYAREA('NetFootprintArea',$,$,0.002877460083465,$);
#11986= IFCQUANTITYAREA('NetSideArea',$,$,0.089201262587409,$);
#11987= IFCQUANTITYVOLUME('NetVolume',$,$,0.000892012625874,$);
#11988= IFCQUANTITYWEIGHT('NetWeight',$,$,0.000624408838112,$);
#11989= IFCQUANTITYLENGTH('Width',$,$,10.,$);
#11990= IFCELEMENTQUANTITY('25IB9Ak3111Ba8GazFrRuy',$,'Qto_WallBaseQuantities',$,$,(#11983,#11984,#11985,#11986,#11987,#11988,#11989));
#11991= IFCRELDEFINESBYPROPERTIES('2xDY07T6XCvhSEzGCgtoVs',$,$,$,(#1820),#11990);
#11992= IFCPROPERTYSINGLEVALUE('BarAllocationType',$,IFCLABEL('(\X2\043D04350442\X0\)'),$);
#11993= IFCPROPERTYSET('3GWB_KHTb39fmnTdC6Q5uR',$,'Pset_ReinforcementBarPitchOfWall',$,(#11992));
#11994= IFCRELDEFINESBYPROPERTIES('2V9PslgCzBVuT5MWehF$pN',$,$,$,(#1840),#11993);
#11995= IFCPROPERTYSINGLEVALUE('Comment',$,$,$);
#11996= IFCPROPERTYSINGLEVALUE('Designation',$,$,$);
#11997= IFCPROPERTYSINGLEVALUE('FireRating',$,$,$);
#11998= IFCPROPERTYSINGLEVALUE('Reference',$,$,$);
#11999= IFCPROPERTYSINGLEVALUE('ThermalTransmittance',$,$,$);
#12000= IFCPROPERTYSET('2vs79KaXH6hejplR4FI_E8',$,'Pset_WallCommon',$,(#11995,#11996,#11997,#11998,#11999));
#12001= IFCRELDEFINESBYPROPERTIES('2fvgi4lX95HRoRtxmlSyOt',$,$,$,(#1840),#12000);
#12002= IFCQUANTITYLENGTH('Height',$,$,460.,$);
#12003= IFCQUANTITYLENGTH('Length',$,$,1182.746008345598966,$);
#12004= IFCQUANTITYAREA('NetFootprintArea',$,$,0.011827460083456,$);
#12005= IFCQUANTITYAREA('NetSideArea',$,$,0.544063163838975,$);
#12006= IFCQUANTITYVOLUME('NetVolume',$,$,0.00544063163839,$);
#12007= IFCQUANTITYWEIGHT('NetWeight',$,$,0.003808442146873,$);
#12008= IFCQUANTITYLENGTH('Width',$,$,10.,$);
#12009= IFCELEMENTQUANTITY('1dD87KyRX3C9VFqaMSmeij',$,'Qto_WallBaseQuantities',$,$,(#12002,#12003,#12004,#12005,#12006,#12007,#12008));
#12010= IFCRELDEFINESBYPROPERTIES('2EeWKf4V1Bfg7JFCmsaalj',$,$,$,(#1840),#12009);
#12011= IFCPROPERTYSINGLEVALUE('BarAllocationType',$,IFCLABEL('(\X2\043D04350442\X0\)'),$);
#12012= IFCPROPERTYSET('2JNIKzyYX3SvKDKpBSbE_o',$,'Pset_ReinforcementBarPitchOfWall',$,(#12011));
#12013= IFCRELDEFINESBYPROPERTIES('0fNeksB15BPvCWi5PQap9k',$,$,$,(#1860),#12012);
#12014= IFCPROPERTYSINGLEVALUE('Comment',$,$,$);
#12015= IFCPROPERTYSINGLEVALUE('Designation',$,$,$);
#12016= IFCPROPERTYSINGLEVALUE('FireRating',$,$,$);
#12017= IFCPROPERTYSINGLEVALUE('Reference',$,$,$);
#12018= IFCPROPERTYSINGLEVALUE('ThermalTransmittance',$,$,$);
#12019= IFCPROPERTYSET('2PMqh7H4rBtBFWkj9VgaAN',$,'Pset_WallCommon',$,(#12014,#12015,#12016,#12017,#12018));
#12020= IFCRELDEFINESBYPROPERTIES('0wMPL7sO919vLqNNk2l4IP',$,$,$,(#1860),#12019);
#12021= IFCQUANTITYLENGTH('Height',$,$,460.,$);
#12022= IFCQUANTITYLENGTH('Length',$,$,629.999999998133717,$);
#12023= IFCQUANTITYAREA('NetFootprintArea',$,$,0.006299999999981,$);
#12024= IFCQUANTITYAREA('NetSideArea',$,$,0.289799999999141,$);
#12025= IFCQUANTITYVOLUME('NetVolume',$,$,0.002897999999991,$);
#12026= IFCQUANTITYWEIGHT('NetWeight',$,$,0.002028599999994,$);
#12027= IFCQUANTITYLENGTH('Width',$,$,10.,$);
#12028= IFCELEMENTQUANTITY('1XM31AVpL21RdFAqnbTjxc',$,'Qto_WallBaseQuantities',$,$,(#12021,#12022,#12023,#12024,#12025,#12026,#12027));
#12029= IFCRELDEFINESBYPROPERTIES('1_QjwzR8f1YhRI2J$t5o9a',$,$,$,(#1860),#12028);
#12030= IFCPROPERTYSINGLEVALUE('BarAllocationType',$,IFCLABEL('(\X2\043D04350442\X0\)'),$);
#12031= IFCPROPERTYSET('30_8jANw16og7l_3CEoZXK',$,'Pset_ReinforcementBarPitchOfWall',$,(#12030));
#12032= IFCRELDEFINESBYPROPERTIES('224CaK4LL0LwulMZS8LDPn',$,$,$,(#1914),#12031);
#12033= IFCPROPERTYSINGLEVALUE('Comment',$,$,$);
#12034= IFCPROPERTYSINGLEVALUE('Designation',$,$,$);
#12035= IFCPROPERTYSINGLEVALUE('FireRating',$,$,$);
#12036= IFCPROPERTYSINGLEVALUE('Reference',$,$,$);
#12037= IFCPROPERTYSINGLEVALUE('ThermalTransmittance',$,$,$);
#12038= IFCPROPERTYSET('0ZMDKmltb4kxA31xJ6Msjv',$,'Pset_WallCommon',$,(#12033,#12034,#12035,#12036,#12037));
#12039= IFCRELDEFINESBYPROPERTIES('25amHBktj3S9XVAsgCyufd',$,$,$,(#1914),#12038);
#12040= IFCQUANTITYLENGTH('Height',$,$,460.,$);
#12041= IFCQUANTITYLENGTH('Length',$,$,10489.999999999979991,$);
#12042= IFCQUANTITYAREA('NetFootprintArea',$,$,0.1049,$);
#12043= IFCQUANTITYAREA('NetSideArea',$,$,4.825399999999988,$);
#12044= IFCQUANTITYVOLUME('NetVolume',$,$,0.048254,$);
#12045= IFCQUANTITYWEIGHT('NetWeight',$,$,0.0337778,$);
#12046= IFCQUANTITYLENGTH('Width',$,$,10.,$);
#12047= IFCELEMENTQUANTITY('0NqNsAvMv8F9G$KubmGPyc',$,'Qto_WallBaseQuantities',$,$,(#12040,#12041,#12042,#12043,#12044,#12045,#12046));
#12048= IFCRELDEFINESBYPROPERTIES('1Rmpkj3MTDGAMJy2NaA8tP',$,$,$,(#1914),#12047);
#12049= IFCPROPERTYSINGLEVALUE('BarAllocationType',$,IFCLABEL('(\X2\043D04350442\X0\)'),$);
#12050= IFCPROPERTYSET('0p7UNysbn7F826j9kuV6q_',$,'Pset_ReinforcementBarPitchOfWall',$,(#12049));
#12051= IFCRELDEFINESBYPROPERTIES('1g5NTdTSvBx9i2Avz6jUNV',$,$,$,(#1966),#12050);
#12052= IFCPROPERTYSINGLEVALUE('Comment',$,$,$);
#12053= IFCPROPERTYSINGLEVALUE('Designation',$,$,$);
#12054= IFCPROPERTYSINGLEVALUE('FireRating',$,$,$);
#12055= IFCPROPERTYSINGLEVALUE('Reference',$,$,$);
#12056= IFCPROPERTYSINGLEVALUE('ThermalTransmittance',$,$,$);
#12057= IFCPROPERTYSET('2$rcLxHzvCuu65yJXTDMGi',$,'Pset_WallCommon',$,(#12052,#12053,#12054,#12055,#12056));
#12058= IFCRELDEFINESBYPROPERTIES('2I$oc8oa5AkvmclPvOoKrO',$,$,$,(#1966),#12057);
#12059= IFCQUANTITYLENGTH('Height',$,$,460.,$);
#12060= IFCQUANTITYLENGTH('Length',$,$,3479.99999999811007,$);
#12061= IFCQUANTITYAREA('NetFootprintArea',$,$,0.034799999999981,$);
#12062= IFCQUANTITYAREA('NetSideArea',$,$,1.600799999999129,$);
#12063= IFCQUANTITYVOLUME('NetVolume',$,$,0.016007999999991,$);
#12064= IFCQUANTITYWEIGHT('NetWeight',$,$,0.011205599999994,$);
#12065= IFCQUANTITYLENGTH('Width',$,$,10.,$);
#12066= IFCELEMENTQUANTITY('27eex0reT50AmIRlor6dm0',$,'Qto_WallBaseQuantities',$,$,(#12059,#12060,#12061,#12062,#12063,#12064,#12065));
#12067= IFCRELDEFINESBYPROPERTIES('3KgV1_jzTARA5grSa1auhq',$,$,$,(#1966),#12066);
#12068= IFCPROPERTYSINGLEVALUE('BarAllocationType',$,IFCLABEL('(\X2\043D04350442\X0\)'),$);
#12069= IFCPROPERTYSET('3SJddThGLBe9E$T_SblSjx',$,'Pset_ReinforcementBarPitchOfWall',$,(#12068));
#12070= IFCRELDEFINESBYPROPERTIES('1Z$uXw8994QhbTfqvXceyp',$,$,$,(#2018),#12069);
#12071= IFCPROPERTYSINGLEVALUE('Comment',$,$,$);
#12072= IFCPROPERTYSINGLEVALUE('Designation',$,$,$);
#12073= IFCPROPERTYSINGLEVALUE('FireRating',$,$,$);
#12074= IFCPROPERTYSINGLEVALUE('Reference',$,$,$);
#12075= IFCPROPERTYSINGLEVALUE('ThermalTransmittance',$,$,$);
#12076= IFCPROPERTYSET('2bwLNC9Hv20g4lAFvEyvMm',$,'Pset_WallCommon',$,(#12071,#12072,#12073,#12074,#12075));
#12077= IFCRELDEFINESBYPROPERTIES('2VZkvVQRH8FvTdES9TXAK0',$,$,$,(#2018),#12076);
#12078= IFCQUANTITYLENGTH('Height',$,$,460.,$);
#12079= IFCQUANTITYLENGTH('Length',$,$,1732.746008345628979,$);
#12080= IFCQUANTITYAREA('NetFootprintArea',$,$,0.017327460083458,$);
#12081= IFCQUANTITYAREA('NetSideArea',$,$,0.79706316383899,$);
#12082= IFCQUANTITYVOLUME('NetVolume',$,$,0.007970631638391,$);
#12083= IFCQUANTITYWEIGHT('NetWeight',$,$,0.005579442146874,$);
#12084= IFCQUANTITYLENGTH('Width',$,$,10.,$);
#12085= IFCELEMENTQUANTITY('0g8QMYCxLA_x_CyqXpcrh8',$,'Qto_WallBaseQuantities',$,$,(#12078,#12079,#12080,#12081,#12082,#12083,#12084));
#12086= IFCRELDEFINESBYPROPERTIES('2PwWc6ppX8sxHj_AyNf4_Z',$,$,$,(#2018),#12085);
#12087= IFCPROPERTYSINGLEVALUE('BarAllocationType',$,IFCLABEL('(\X2\043D04350442\X0\)'),$);
#12088= IFCPROPERTYSET('3fGpVuEz51IhRYoCKx3xqj',$,'Pset_ReinforcementBarPitchOfWall',$,(#12087));
#12089= IFCRELDEFINESBYPROPERTIES('1ZAKHGJmP2vAGItisINURJ',$,$,$,(#2070),#12088);
#12090= IFCPROPERTYSINGLEVALUE('Comment',$,$,$);
#12091= IFCPROPERTYSINGLEVALUE('Designation',$,$,$);
#12092= IFCPROPERTYSINGLEVALUE('FireRating',$,$,$);
#12093= IFCPROPERTYSINGLEVALUE('Reference',$,$,$);
#12094= IFCPROPERTYSINGLEVALUE('ThermalTransmittance',$,$,$);
#12095= IFCPROPERTYSET('0rxVPoLibC58B1qRWI15MF',$,'Pset_WallCommon',$,(#12090,#12091,#12092,#12093,#12094));
#12096= IFCRELDEFINESBYPROPERTIES('3IK9Xtj7n3ruJvQYMCT7_I',$,$,$,(#2070),#12095);
#12097= IFCQUANTITYLENGTH('Height',$,$,310.,$);
#12098= IFCQUANTITYLENGTH('Length',$,$,287.746008346480721,$);
#12099= IFCQUANTITYAREA('NetFootprintArea',$,$,0.002877460083465,$);
#12100= IFCQUANTITYAREA('NetSideArea',$,$,0.089201262587409,$);
#12101= IFCQUANTITYVOLUME('NetVolume',$,$,0.000892012625874,$);
#12102= IFCQUANTITYWEIGHT('NetWeight',$,$,0.000624408838112,$);
#12103= IFCQUANTITYLENGTH('Width',$,$,10.,$);
#12104= IFCELEMENTQUANTITY('3ZIjNwT6L6rfmoFmu8lvNe',$,'Qto_WallBaseQuantities',$,$,(#12097,#12098,#12099,#12100,#12101,#12102,#12103));
#12105= IFCRELDEFINESBYPROPERTIES('0$zpq2l2b1_9YkHjpRhSiW',$,$,$,(#2070),#12104);
#12106= IFCPROPERTYSINGLEVALUE('BarAllocationType',$,IFCLABEL('(\X2\043D04350442\X0\)'),$);
#12107= IFCPROPERTYSET('0dqxKdCsHEKfek7VM3GwpQ',$,'Pset_ReinforcementBarPitchOfWall',$,(#12106));
#12108= IFCRELDEFINESBYPROPERTIES('0aNQD$Vmn8IPXlHjK$m_xu',$,$,$,(#2090),#12107);
#12109= IFCPROPERTYSINGLEVALUE('Comment',$,$,$);
#12110= IFCPROPERTYSINGLEVALUE('Designation',$,$,$);
#12111= IFCPROPERTYSINGLEVALUE('FireRating',$,$,$);
#12112= IFCPROPERTYSINGLEVALUE('Reference',$,$,$);
#12113= IFCPROPERTYSINGLEVALUE('ThermalTransmittance',$,$,$);
#12114= IFCPROPERTYSET('2a3X3C6AH37RTxfQMhsbVv',$,'Pset_WallCommon',$,(#12109,#12110,#12111,#12112,#12113));
#12115= IFCRELDEFINESBYPROPERTIES('2GAw8rzNLFVBw$H4Qk0S$1',$,$,$,(#2090),#12114);
#12116= IFCQUANTITYLENGTH('Height',$,$,160.,$);
#12117= IFCQUANTITYLENGTH('Length',$,$,287.746008346480721,$);
#12118= IFCQUANTITYAREA('NetFootprintArea',$,$,0.002877460083465,$);
#12119= IFCQUANTITYAREA('NetSideArea',$,$,0.046039361335437,$);
#12120= IFCQUANTITYVOLUME('NetVolume',$,$,0.000460393613354,$);
#12121= IFCQUANTITYWEIGHT('NetWeight',$,$,0.000322275529348,$);
#12122= IFCQUANTITYLENGTH('Width',$,$,10.,$);
#12123= IFCELEMENTQUANTITY('3JOFXVIkf0ngFefxWdjGqJ',$,'Qto_WallBaseQuantities',$,$,(#12116,#12117,#12118,#12119,#12120,#12121,#12122));
#12124= IFCRELDEFINESBYPROPERTIES('1di0DjoR51iQ55gAxXMMP1',$,$,$,(#2090),#12123);
#12125= IFCPROPERTYSINGLEVALUE('BarAllocationType',$,IFCLABEL('(\X2\043D04350442\X0\)'),$);
#12126= IFCPROPERTYSET('1Arqjdj6n0SRExIBxkj1ND',$,'Pset_ReinforcementBarPitchOfWall',$,(#12125));
#12127= IFCRELDEFINESBYPROPERTIES('3t8BoO6TT9uxGYB4KjOvoc',$,$,$,(#2144),#12126);
#12128= IFCPROPERTYSINGLEVALUE('Comment',$,$,$);
#12129= IFCPROPERTYSINGLEVALUE('Designation',$,$,$);
#12130= IFCPROPERTYSINGLEVALUE('FireRating',$,$,$);
#12131= IFCPROPERTYSINGLEVALUE('Reference',$,$,$);
#12132= IFCPROPERTYSINGLEVALUE('ThermalTransmittance',$,$,$);
#12133= IFCPROPERTYSET('1b6enSXwfCOhA4PFHDC0G_',$,'Pset_WallCommon',$,(#12128,#12129,#12130,#12131,#12132));
#12134= IFCRELDEFINESBYPROPERTIES('0tNz6eudz5jeV0Cpbnu$Ud',$,$,$,(#2144),#12133);
#12135= IFCQUANTITYLENGTH('Height',$,$,160.,$);
#12136= IFCQUANTITYLENGTH('Length',$,$,287.746008346480721,$);
#12137= IFCQUANTITYAREA('NetFootprintArea',$,$,0.002877460083465,$);
#12138= IFCQUANTITYAREA('NetSideArea',$,$,0.046039361335437,$);
#12139= IFCQUANTITYVOLUME('NetVolume',$,$,0.000460393613354,$);
#12140= IFCQUANTITYWEIGHT('NetWeight',$,$,0.000322275529348,$);
#12141= IFCQUANTITYLENGTH('Width',$,$,10.,$);
#12142= IFCELEMENTQUANTITY('0GIv2NJavA9vh4l$9XgHK3',$,'Qto_WallBaseQuantities',$,$,(#12135,#12136,#12137,#12138,#12139,#12140,#12141));
#12143= IFCRELDEFINESBYPROPERTIES('3qkwjrCqPEovaxa6Di2SRZ',$,$,$,(#2144),#12142);
#12144= IFCPROPERTYSINGLEVALUE('BarAllocationType',$,IFCLABEL('(\X2\043D04350442\X0\)'),$);
#12145= IFCPROPERTYSET('0nkW6d0S5AlRoU4$GeUHOx',$,'Pset_ReinforcementBarPitchOfWall',$,(#12144));
#12146= IFCRELDEFINESBYPROPERTIES('1Aum2DhIPCdQ5On0MHGuG9',$,$,$,(#2164),#12145);
#12147= IFCPROPERTYSINGLEVALUE('Comment',$,$,$);
#12148= IFCPROPERTYSINGLEVALUE('Designation',$,$,$);
#12149= IFCPROPERTYSINGLEVALUE('FireRating',$,$,$);
#12150= IFCPROPERTYSINGLEVALUE('Reference',$,$,$);
#12151= IFCPROPERTYSINGLEVALUE('ThermalTransmittance',$,$,$);
#12152= IFCPROPERTYSET('3j8mwLbN97C99JYG4_yyC6',$,'Pset_WallCommon',$,(#12147,#12148,#12149,#12150,#12151));
#12153= IFCRELDEFINESBYPROPERTIES('08IKNUwNn4vR5FchbvZzGV',$,$,$,(#2164),#12152);
#12154= IFCQUANTITYLENGTH('Height',$,$,310.,$);
#12155= IFCQUANTITYLENGTH('Length',$,$,287.746008346480721,$);
#12156= IFCQUANTITYAREA('NetFootprintArea',$,$,0.002877460083465,$);
#12157= IFCQUANTITYAREA('NetSideArea',$,$,0.089201262587409,$);
#12158= IFCQUANTITYVOLUME('NetVolume',$,$,0.000892012625874,$);
#12159= IFCQUANTITYWEIGHT('NetWeight',$,$,0.000624408838112,$);
#12160= IFCQUANTITYLENGTH('Width',$,$,10.,$);
#12161= IFCELEMENTQUANTITY('2UZwKEwnP1dPsR0MhnNlay',$,'Qto_WallBaseQuantities',$,$,(#12154,#12155,#12156,#12157,#12158,#12159,#12160));
#12162= IFCRELDEFINESBYPROPERTIES('29Z7ooGdfAW9jUDjwzJOLc',$,$,$,(#2164),#12161);
#12163= IFCPROPERTYSINGLEVALUE('BarAllocationType',$,IFCLABEL('(\X2\043D04350442\X0\)'),$);
#12164= IFCPROPERTYSET('3Q4lUbwRL0XwLWOU$3AVl$',$,'Pset_ReinforcementBarPitchOfWall',$,(#12163));
#12165= IFCRELDEFINESBYPROPERTIES('3FlCDK5uH8UxQHRYHtSE4P',$,$,$,(#2184),#12164);
#12166= IFCPROPERTYSINGLEVALUE('Comment',$,$,$);
#12167= IFCPROPERTYSINGLEVALUE('Designation',$,$,$);
#12168= IFCPROPERTYSINGLEVALUE('FireRating',$,$,$);
#12169= IFCPROPERTYSINGLEVALUE('Reference',$,$,$);
#12170= IFCPROPERTYSINGLEVALUE('ThermalTransmittance',$,$,$);
#12171= IFCPROPERTYSET('2LtDrhEcb0oelV_ifK7mWH',$,'Pset_WallCommon',$,(#12166,#12167,#12168,#12169,#12170));
#12172= IFCRELDEFINESBYPROPERTIES('2yld4aoGr3cvjKAKJ2j9fa',$,$,$,(#2184),#12171);
#12173= IFCQUANTITYLENGTH('Height',$,$,460.,$);
#12174= IFCQUANTITYLENGTH('Length',$,$,1727.746008346489816,$);
#12175= IFCQUANTITYAREA('NetFootprintArea',$,$,0.017277460083465,$);
#12176= IFCQUANTITYAREA('NetSideArea',$,$,0.794763163839385,$);
#12177= IFCQUANTITYVOLUME('NetVolume',$,$,0.007947631638394,$);
#12178= IFCQUANTITYWEIGHT('NetWeight',$,$,0.005563342146876,$);
#12179= IFCQUANTITYLENGTH('Width',$,$,10.,$);
#12180= IFCELEMENTQUANTITY('2Hy_fy26r1TxQ8sqZsJ25l',$,'Qto_WallBaseQuantities',$,$,(#12173,#12174,#12175,#12176,#12177,#12178,#12179));
#12181= IFCRELDEFINESBYPROPERTIES('0Z1SW4Fb13zhHeldQ0oYOi',$,$,$,(#2184),#12180);
#12182= IFCPROPERTYSINGLEVALUE('BarAllocationType',$,IFCLABEL('(\X2\043D04350442\X0\)'),$);
#12183= IFCPROPERTYSET('2ncfLeTPzCYPkWxyOAWt3C',$,'Pset_ReinforcementBarPitchOfWall',$,(#12182));
#12184= IFCRELDEFINESBYPROPERTIES('2rJjG7v_nAG9d9WnTSFpBk',$,$,$,(#2204),#12183);
#12185= IFCPROPERTYSINGLEVALUE('Comment',$,$,$);
#12186= IFCPROPERTYSINGLEVALUE('Designation',$,$,$);
#12187= IFCPROPERTYSINGLEVALUE('FireRating',$,$,$);
#12188= IFCPROPERTYSINGLEVALUE('Reference',$,$,$);
#12189= IFCPROPERTYSINGLEVALUE('ThermalTransmittance',$,$,$);
#12190= IFCPROPERTYSET('0O8KrL4hz7481r6$p1wiPH',$,'Pset_WallCommon',$,(#12185,#12186,#12187,#12188,#12189));
#12191= IFCRELDEFINESBYPROPERTIES('3plv6Ow_rCRR8RYp5dgykC',$,$,$,(#2204),#12190);
#12192= IFCQUANTITYLENGTH('Height',$,$,460.,$);
#12193= IFCQUANTITYLENGTH('Length',$,$,5910.00000000187265,$);
#12194= IFCQUANTITYAREA('NetFootprintArea',$,$,0.059100000000019,$);
#12195= IFCQUANTITYAREA('NetSideArea',$,$,2.718600000000862,$);
#12196= IFCQUANTITYVOLUME('NetVolume',$,$,0.027186000000009,$);
#12197= IFCQUANTITYWEIGHT('NetWeight',$,$,0.019030200000006,$);
#12198= IFCQUANTITYLENGTH('Width',$,$,10.,$);
#12199= IFCELEMENTQUANTITY('15AmHD4zXA_8QhNiE7m$_$',$,'Qto_WallBaseQuantities',$,$,(#12192,#12193,#12194,#12195,#12196,#12197,#12198));
#12200= IFCRELDEFINESBYPROPERTIES('2PTWW1Bnb8m8iUoh8c8i$v',$,$,$,(#2204),#12199);
#12201= IFCPROPERTYSINGLEVALUE('BarAllocationType',$,IFCLABEL('(\X2\043D04350442\X0\)'),$);
#12202= IFCPROPERTYSET('0NcEBoZXf9rOfm23MNFrDJ',$,'Pset_ReinforcementBarPitchOfWall',$,(#12201));
#12203= IFCRELDEFINESBYPROPERTIES('28LmkZ5IbE8e4lphzqYYsm',$,$,$,(#2258),#12202);
#12204= IFCPROPERTYSINGLEVALUE('Comment',$,$,$);
#12205= IFCPROPERTYSINGLEVALUE('Designation',$,$,$);
#12206= IFCPROPERTYSINGLEVALUE('FireRating',$,$,$);
#12207= IFCPROPERTYSINGLEVALUE('Reference',$,$,$);
#12208= IFCPROPERTYSINGLEVALUE('ThermalTransmittance',$,$,$);
#12209= IFCPROPERTYSET('0BN01WSNn2cu5q7U9frsw$',$,'Pset_WallCommon',$,(#12204,#12205,#12206,#12207,#12208));
#12210= IFCRELDEFINESBYPROPERTIES('0sMhUhc1n52PkvYSx0rQaH',$,$,$,(#2258),#12209);
#12211= IFCQUANTITYLENGTH('Height',$,$,3200.,$);
#12212= IFCQUANTITYLENGTH('Length',$,$,11289.999999999983629,$);
#12213= IFCQUANTITYAREA('NetFootprintArea',$,$,0.0929,$);
#12214= IFCQUANTITYAREA('NetSideArea',$,$,29.767999999999947,$);
#12215= IFCQUANTITYVOLUME('NetVolume',$,$,0.297679999999999,$);
#12216= IFCQUANTITYWEIGHT('NetWeight',$,$,386.983999999999298,$);
#12217= IFCQUANTITYLENGTH('Width',$,$,10.,$);
#12218= IFCELEMENTQUANTITY('0HUBHdnQX4CB12TiKJ20rq',$,'Qto_WallBaseQuantities',$,$,(#12211,#12212,#12213,#12214,#12215,#12216,#12217));
#12219= IFCRELDEFINESBYPROPERTIES('0WB3$UWuj7qPyheMFeIMJe',$,$,$,(#2258),#12218);
#12220= IFCPROPERTYSINGLEVALUE('MassDensity',$,IFCMASSDENSITYMEASURE(1300.),$);
#12221= IFCMATERIALPROPERTIES('Pset_MaterialCommon',$,(#12220),#2381);
#12222= IFCPROPERTYSINGLEVALUE('ThermalConductivity',$,IFCTHERMALCONDUCTIVITYMEASURE(0.57),$);
#12223= IFCMATERIALPROPERTIES('Pset_MaterialThermal',$,(#12222),#2381);
#12224= IFCPROPERTYSINGLEVALUE('BarAllocationType',$,IFCLABEL('(\X2\043D04350442\X0\)'),$);
#12225= IFCPROPERTYSET('0IiYdxqTHFI91K_esSKTNg',$,'Pset_ReinforcementBarPitchOfWall',$,(#12224));
#12226= IFCRELDEFINESBYPROPERTIES('2zbLHfWUbBZQ0cvWjaTX96',$,$,$,(#2391),#12225);
#12227= IFCPROPERTYSINGLEVALUE('Comment',$,$,$);
#12228= IFCPROPERTYSINGLEVALUE('Designation',$,$,$);
#12229= IFCPROPERTYSINGLEVALUE('FireRating',$,$,$);
#12230= IFCPROPERTYSINGLEVALUE('Reference',$,$,$);
#12231= IFCPROPERTYSINGLEVALUE('ThermalTransmittance',$,$,$);
#12232= IFCPROPERTYSET('0OAgaAxqP3efYlzxMZzHNC',$,'Pset_WallCommon',$,(#12227,#12228,#12229,#12230,#12231));
#12233= IFCRELDEFINESBYPROPERTIES('1723XRz1TB6eEvQvHaUUey',$,$,$,(#2391),#12232);
#12234= IFCQUANTITYLENGTH('Height',$,$,3200.,$);
#12235= IFCQUANTITYLENGTH('Length',$,$,10489.999999999994543,$);
#12236= IFCQUANTITYAREA('NetFootprintArea',$,$,0.10490000000001,$);
#12237= IFCQUANTITYAREA('NetSideArea',$,$,31.317999999999998,$);
#12238= IFCQUANTITYVOLUME('NetVolume',$,$,0.31318000000002,$);
#12239= IFCQUANTITYWEIGHT('NetWeight',$,$,407.13400000002548,$);
#12240= IFCQUANTITYLENGTH('Width',$,$,10.,$);
#12241= IFCELEMENTQUANTITY('0F3dyYXHb4Qwohh9nXD1kp',$,'Qto_WallBaseQuantities',$,$,(#12234,#12235,#12236,#12237,#12238,#12239,#12240));
#12242= IFCRELDEFINESBYPROPERTIES('33g76Hh4X8fA2CP6Lvu7DD',$,$,$,(#2391),#12241);
#12243= IFCPROPERTYSINGLEVALUE('BarAllocationType',$,IFCLABEL('(\X2\043D04350442\X0\)'),$);
#12244= IFCPROPERTYSET('31U$yoHAvEGhrU8rZXHAFu',$,'Pset_ReinforcementBarPitchOfWall',$,(#12243));
#12245= IFCRELDEFINESBYPROPERTIES('1QO8t_OKT5xfYCfXx$YAf4',$,$,$,(#2476),#12244);
#12246= IFCPROPERTYSINGLEVALUE('Comment',$,$,$);
#12247= IFCPROPERTYSINGLEVALUE('Designation',$,$,$);
#12248= IFCPROPERTYSINGLEVALUE('FireRating',$,$,$);
#12249= IFCPROPERTYSINGLEVALUE('Reference',$,$,$);
#12250= IFCPROPERTYSINGLEVALUE('ThermalTransmittance',$,$,$);
#12251= IFCPROPERTYSET('2BXn$TuKrDBw5S4HecMh6R',$,'Pset_WallCommon',$,(#12246,#12247,#12248,#12249,#12250));
#12252= IFCRELDEFINESBYPROPERTIES('0IlYH8O2v4nfkyYSCW571R',$,$,$,(#2476),#12251);
#12253= IFCQUANTITYLENGTH('Height',$,$,3200.,$);
#12254= IFCQUANTITYLENGTH('Length',$,$,12684.999999999970896,$);
#12255= IFCQUANTITYAREA('NetFootprintArea',$,$,0.117849999999999,$);
#12256= IFCQUANTITYAREA('NetSideArea',$,$,35.641999999999882,$);
#12257= IFCQUANTITYVOLUME('NetVolume',$,$,0.356419999999998,$);
#12258= IFCQUANTITYWEIGHT('NetWeight',$,$,463.345999999997559,$);
#12259= IFCQUANTITYLENGTH('Width',$,$,10.,$);
#12260= IFCELEMENTQUANTITY('2BANf_gu19gu_QNgFYOfzn',$,'Qto_WallBaseQuantities',$,$,(#12253,#12254,#12255,#12256,#12257,#12258,#12259));
#12261= IFCRELDEFINESBYPROPERTIES('0RoWW8BDX5uvwD2yaIRM6n',$,$,$,(#2476),#12260);
#12262= IFCPROPERTYSINGLEVALUE('BarAllocationType',$,IFCLABEL('(\X2\043D04350442\X0\)'),$);
#12263= IFCPROPERTYSET('3tagxFj0XDletq3X_JINyD',$,'Pset_ReinforcementBarPitchOfWall',$,(#12262));
#12264= IFCRELDEFINESBYPROPERTIES('1mpVlDL0TAIBhBMTkyuAlW',$,$,$,(#2581),#12263);
#12265= IFCPROPERTYSINGLEVALUE('Comment',$,$,$);
#12266= IFCPROPERTYSINGLEVALUE('Designation',$,$,$);
#12267= IFCPROPERTYSINGLEVALUE('FireRating',$,$,$);
#12268= IFCPROPERTYSINGLEVALUE('Reference',$,$,$);
#12269= IFCPROPERTYSINGLEVALUE('ThermalTransmittance',$,$,$);
#12270= IFCPROPERTYSET('3rx1mDZxLDIBcxKmbMj304',$,'Pset_WallCommon',$,(#12265,#12266,#12267,#12268,#12269));
#12271= IFCRELDEFINESBYPROPERTIES('15MWYF0eL1ffo7DxRIXP7b',$,$,$,(#2581),#12270);
#12272= IFCQUANTITYLENGTH('Height',$,$,3200.,$);
#12273= IFCQUANTITYLENGTH('Length',$,$,1394.999999999979991,$);
#12274= IFCQUANTITYAREA('NetFootprintArea',$,$,0.01395,$);
#12275= IFCQUANTITYAREA('NetSideArea',$,$,4.463999999999935,$);
#12276= IFCQUANTITYVOLUME('NetVolume',$,$,0.044639999999999,$);
#12277= IFCQUANTITYWEIGHT('NetWeight',$,$,58.031999999999151,$);
#12278= IFCQUANTITYLENGTH('Width',$,$,10.,$);
#12279= IFCELEMENTQUANTITY('0hBEy7EXn7sA3ZL5nz9V9R',$,'Qto_WallBaseQuantities',$,$,(#12272,#12273,#12274,#12275,#12276,#12277,#12278));
#12280= IFCRELDEFINESBYPROPERTIES('0lKyc1juH5yP_NLH7MHZ5Q',$,$,$,(#2581),#12279);
#12281= IFCPROPERTYSINGLEVALUE('BarAllocationType',$,IFCLABEL('(\X2\043D04350442\X0\)'),$);
#12282= IFCPROPERTYSET('2mqItN2SD7qgbrs3gkbste',$,'Pset_ReinforcementBarPitchOfWall',$,(#12281));
#12283= IFCRELDEFINESBYPROPERTIES('1ISGo7$dzE_B_rUCV$bic2',$,$,$,(#2631),#12282);
#12284= IFCPROPERTYSINGLEVALUE('Comment',$,$,$);
#12285= IFCPROPERTYSINGLEVALUE('Designation',$,$,$);
#12286= IFCPROPERTYSINGLEVALUE('FireRating',$,$,$);
#12287= IFCPROPERTYSINGLEVALUE('Reference',$,$,$);
#12288= IFCPROPERTYSINGLEVALUE('ThermalTransmittance',$,$,$);
#12289= IFCPROPERTYSET('21VkKi8LnBxhWjJMDq5hgU',$,'Pset_WallCommon',$,(#12284,#12285,#12286,#12287,#12288));
#12290= IFCRELDEFINESBYPROPERTIES('2$9KpM$qT7Og73LwZGxSXH',$,$,$,(#2631),#12289);
#12291= IFCQUANTITYLENGTH('Height',$,$,3200.,$);
#12292= IFCQUANTITYLENGTH('Length',$,$,4900.000000000012733,$);
#12293= IFCQUANTITYAREA('NetFootprintArea',$,$,0.049,$);
#12294= IFCQUANTITYAREA('NetSideArea',$,$,10.920000000000019,$);
#12295= IFCQUANTITYVOLUME('NetVolume',$,$,0.109199999999999,$);
#12296= IFCQUANTITYWEIGHT('NetWeight',$,$,141.959999999998075,$);
#12297= IFCQUANTITYLENGTH('Width',$,$,10.,$);
#12298= IFCELEMENTQUANTITY('2Y_$p37UD5Kg$ZCeivYYVP',$,'Qto_WallBaseQuantities',$,$,(#12291,#12292,#12293,#12294,#12295,#12296,#12297));
#12299= IFCRELDEFINESBYPROPERTIES('3rZrT4pDf22vwnBHGeQNd4',$,$,$,(#2631),#12298);
#12300= IFCPROPERTYSINGLEVALUE('BarAllocationType',$,IFCLABEL('(\X2\043D04350442\X0\)'),$);
#12301= IFCPROPERTYSET('1SO7KtqcrCc99j$2LjGJ0d',$,'Pset_ReinforcementBarPitchOfWall',$,(#12300));
#12302= IFCRELDEFINESBYPROPERTIES('1u3ydewVr1FudPMZZ6nPrV',$,$,$,(#2692),#12301);
#12303= IFCPROPERTYSINGLEVALUE('Comment',$,$,$);
#12304= IFCPROPERTYSINGLEVALUE('Designation',$,$,$);
#12305= IFCPROPERTYSINGLEVALUE('FireRating',$,$,$);
#12306= IFCPROPERTYSINGLEVALUE('Reference',$,$,$);
#12307= IFCPROPERTYSINGLEVALUE('ThermalTransmittance',$,$,$);
#12308= IFCPROPERTYSET('0sC7U2xj1BQ85ipUfMJ0Ko',$,'Pset_WallCommon',$,(#12303,#12304,#12305,#12306,#12307));
#12309= IFCRELDEFINESBYPROPERTIES('2h1ixOX2jCX8pxRND407AX',$,$,$,(#2692),#12308);
#12310= IFCQUANTITYLENGTH('Height',$,$,3200.,$);
#12311= IFCQUANTITYLENGTH('Length',$,$,3189.999999999996362,$);
#12312= IFCQUANTITYAREA('NetFootprintArea',$,$,0.0319,$);
#12313= IFCQUANTITYAREA('NetSideArea',$,$,7.816699999999994,$);
#12314= IFCQUANTITYVOLUME('NetVolume',$,$,0.078167,$);
#12315= IFCQUANTITYWEIGHT('NetWeight',$,$,101.617099999999638,$);
#12316= IFCQUANTITYLENGTH('Width',$,$,10.,$);
#12317= IFCELEMENTQUANTITY('2gdE5A_5b8bP2p6U3l1gEv',$,'Qto_WallBaseQuantities',$,$,(#12310,#12311,#12312,#12313,#12314,#12315,#12316));
#12318= IFCRELDEFINESBYPROPERTIES('24KckwV4XFhB9179WNNvr5',$,$,$,(#2692),#12317);
#12319= IFCPROPERTYSINGLEVALUE('MassDensity',$,IFCMASSDENSITYMEASURE(1300.),$);
#12320= IFCMATERIALPROPERTIES('Pset_MaterialCommon',$,(#12319),#2753);
#12321= IFCPROPERTYSINGLEVALUE('ThermalConductivity',$,IFCTHERMALCONDUCTIVITYMEASURE(0.57),$);
#12322= IFCMATERIALPROPERTIES('Pset_MaterialThermal',$,(#12321),#2753);
#12323= IFCPROPERTYSINGLEVALUE('BarAllocationType',$,IFCLABEL('(\X2\043D04350442\X0\)'),$);
#12324= IFCPROPERTYSET('12oVA2QoP1chGqlI0AZkw8',$,'Pset_ReinforcementBarPitchOfWall',$,(#12323));
#12325= IFCRELDEFINESBYPROPERTIES('0PSOymOzbF5AHmweVIVfHn',$,$,$,(#2760),#12324);
#12326= IFCPROPERTYSINGLEVALUE('Comment',$,$,$);
#12327= IFCPROPERTYSINGLEVALUE('Designation',$,$,$);
#12328= IFCPROPERTYSINGLEVALUE('FireRating',$,$,$);
#12329= IFCPROPERTYSINGLEVALUE('Reference',$,$,$);
#12330= IFCPROPERTYSINGLEVALUE('ThermalTransmittance',$,$,$);
#12331= IFCPROPERTYSET('1cHxqFctz7LeXQakWkoReK',$,'Pset_WallCommon',$,(#12326,#12327,#12328,#12329,#12330));
#12332= IFCRELDEFINESBYPROPERTIES('0oCyG$ghL9YQoQENFUMevn',$,$,$,(#2760),#12331);
#12333= IFCQUANTITYLENGTH('Height',$,$,3200.,$);
#12334= IFCQUANTITYLENGTH('Length',$,$,4559.999999999996362,$);
#12335= IFCQUANTITYAREA('NetFootprintArea',$,$,0.045600000000004,$);
#12336= IFCQUANTITYAREA('NetSideArea',$,$,11.8308,$);
#12337= IFCQUANTITYVOLUME('NetVolume',$,$,0.118308000000008,$);
#12338= IFCQUANTITYWEIGHT('NetWeight',$,$,153.800400000009859,$);
#12339= IFCQUANTITYLENGTH('Width',$,$,10.,$);
#12340= IFCELEMENTQUANTITY('1X_xCWtST24fvf2lemRT$2',$,'Qto_WallBaseQuantities',$,$,(#12333,#12334,#12335,#12336,#12337,#12338,#12339));
#12341= IFCRELDEFINESBYPROPERTIES('2jqV1JpJ9El8DbFGnOfk_M',$,$,$,(#2760),#12340);
#12342= IFCPROPERTYSINGLEVALUE('BarAllocationType',$,IFCLABEL('(\X2\043D04350442\X0\)'),$);
#12343= IFCPROPERTYSET('2RIeHLelfEPAnU36WGgCMk',$,'Pset_ReinforcementBarPitchOfWall',$,(#12342));
#12344= IFCRELDEFINESBYPROPERTIES('2DkLRbhwLDMfmle8PvmT32',$,$,$,(#2821),#12343);
#12345= IFCPROPERTYSINGLEVALUE('Comment',$,$,$);
#12346= IFCPROPERTYSINGLEVALUE('Designation',$,$,$);
#12347= IFCPROPERTYSINGLEVALUE('FireRating',$,$,$);
#12348= IFCPROPERTYSINGLEVALUE('Reference',$,$,$);
#12349= IFCPROPERTYSINGLEVALUE('ThermalTransmittance',$,$,$);
#12350= IFCPROPERTYSET('25k2XncTvFfgZ$_6SYcD_M',$,'Pset_WallCommon',$,(#12345,#12346,#12347,#12348,#12349));
#12351= IFCRELDEFINESBYPROPERTIES('18vSMJJzz2AelSo8srwzXe',$,$,$,(#2821),#12350);
#12352= IFCQUANTITYLENGTH('Height',$,$,3200.,$);
#12353= IFCQUANTITYLENGTH('Length',$,$,3189.999999999996362,$);
#12354= IFCQUANTITYAREA('NetFootprintArea',$,$,0.0319,$);
#12355= IFCQUANTITYAREA('NetSideArea',$,$,9.346699999999997,$);
#12356= IFCQUANTITYVOLUME('NetVolume',$,$,0.093467,$);
#12357= IFCQUANTITYWEIGHT('NetWeight',$,$,121.507099999999653,$);
#12358= IFCQUANTITYLENGTH('Width',$,$,10.,$);
#12359= IFCELEMENTQUANTITY('0GDv_yh8HF89PIY4OGrTfZ',$,'Qto_WallBaseQuantities',$,$,(#12352,#12353,#12354,#12355,#12356,#12357,#12358));
#12360= IFCRELDEFINESBYPROPERTIES('3ZGfBDoKr6m8TSCELZS$Zt',$,$,$,(#2821),#12359);
#12361= IFCPROPERTYSINGLEVALUE('BarAllocationType',$,IFCLABEL('(\X2\043D04350442\X0\)'),$);
#12362= IFCPROPERTYSET('2$aazjXIj5J98mPraeZc4U',$,'Pset_ReinforcementBarPitchOfWall',$,(#12361));
#12363= IFCRELDEFINESBYPROPERTIES('3H$pAQZU95$AzhnPGeqLY4',$,$,$,(#2875),#12362);
#12364= IFCPROPERTYSINGLEVALUE('Comment',$,$,$);
#12365= IFCPROPERTYSINGLEVALUE('Designation',$,$,$);
#12366= IFCPROPERTYSINGLEVALUE('FireRating',$,$,$);
#12367= IFCPROPERTYSINGLEVALUE('Reference',$,$,$);
#12368= IFCPROPERTYSINGLEVALUE('ThermalTransmittance',$,$,$);
#12369= IFCPROPERTYSET('1AXXqQvYz8zByp$yoZpSv7',$,'Pset_WallCommon',$,(#12364,#12365,#12366,#12367,#12368));
#12370= IFCRELDEFINESBYPROPERTIES('0uR0GVFBz1NxSSf18XcWw9',$,$,$,(#2875),#12369);
#12371= IFCQUANTITYLENGTH('Height',$,$,3200.,$);
#12372= IFCQUANTITYLENGTH('Length',$,$,4559.999999999996362,$);
#12373= IFCQUANTITYAREA('NetFootprintArea',$,$,0.036600000000004,$);
#12374= IFCQUANTITYAREA('NetSideArea',$,$,11.470800000000009,$);
#12375= IFCQUANTITYVOLUME('NetVolume',$,$,0.114708000000014,$);
#12376= IFCQUANTITYWEIGHT('NetWeight',$,$,149.120400000018634,$);
#12377= IFCQUANTITYLENGTH('Width',$,$,10.,$);
#12378= IFCELEMENTQUANTITY('3XZA8mt1HD$fraTGNGl0MQ',$,'Qto_WallBaseQuantities',$,$,(#12371,#12372,#12373,#12374,#12375,#12376,#12377));
#12379= IFCRELDEFINESBYPROPERTIES('3V0HrRXY92TBG4RCcU1nsy',$,$,$,(#2875),#12378);
#12380= IFCPROPERTYSINGLEVALUE('BarAllocationType',$,IFCLABEL('(\X2\043D04350442\X0\)'),$);
#12381= IFCPROPERTYSET('1anjHjiVD8Hvi7RKKpcAGB',$,'Pset_ReinforcementBarPitchOfWall',$,(#12380));
#12382= IFCRELDEFINESBYPROPERTIES('1RWVzpfJrE$fzSOTl178eC',$,$,$,(#2928),#12381);
#12383= IFCPROPERTYSINGLEVALUE('Comment',$,$,$);
#12384= IFCPROPERTYSINGLEVALUE('Designation',$,$,$);
#12385= IFCPROPERTYSINGLEVALUE('FireRating',$,$,$);
#12386= IFCPROPERTYSINGLEVALUE('Reference',$,$,$);
#12387= IFCPROPERTYSINGLEVALUE('ThermalTransmittance',$,$,$);
#12388= IFCPROPERTYSET('1zj82KTnjAgBV$znLabEzq',$,'Pset_WallCommon',$,(#12383,#12384,#12385,#12386,#12387));
#12389= IFCRELDEFINESBYPROPERTIES('1Me2mbUIDAyhiVDoSoV5YK',$,$,$,(#2928),#12388);
#12390= IFCQUANTITYLENGTH('Height',$,$,3200.,$);
#12391= IFCQUANTITYLENGTH('Length',$,$,2950.000000000001819,$);
#12392= IFCQUANTITYAREA('NetFootprintArea',$,$,0.,$);
#12393= IFCQUANTITYAREA('NetSideArea',$,$,8.64350000000001,$);
#12394= IFCQUANTITYVOLUME('NetVolume',$,$,0.086435,$);
#12395= IFCQUANTITYWEIGHT('NetWeight',$,$,$,$);
#12396= IFCQUANTITYLENGTH('Width',$,$,10.,$);
#12397= IFCELEMENTQUANTITY('3E76VU1CXDIeaXFQvyD6Rh',$,'Qto_WallBaseQuantities',$,$,(#12390,#12391,#12392,#12393,#12394,#12395,#12396));
#12398= IFCRELDEFINESBYPROPERTIES('3izzDAv89FhOuR268cWjRA',$,$,$,(#2928),#12397);
#12399= IFCPROPERTYSINGLEVALUE('BarAllocationType',$,IFCLABEL('(\X2\043D04350442\X0\)'),$);
#12400= IFCPROPERTYSET('03Zqft5HzBmu0VlKt0kBzI',$,'Pset_ReinforcementBarPitchOfWall',$,(#12399));
#12401= IFCRELDEFINESBYPROPERTIES('17nM71LXD348VJVIzuouBL',$,$,$,(#2985),#12400);
#12402= IFCPROPERTYSINGLEVALUE('Comment',$,$,$);
#12403= IFCPROPERTYSINGLEVALUE('Designation',$,$,$);
#12404= IFCPROPERTYSINGLEVALUE('FireRating',$,$,$);
#12405= IFCPROPERTYSINGLEVALUE('Reference',$,$,$);
#12406= IFCPROPERTYSINGLEVALUE('ThermalTransmittance',$,$,$);
#12407= IFCPROPERTYSET('0PEwCkY1f6K9oU3bdAGNqi',$,'Pset_WallCommon',$,(#12402,#12403,#12404,#12405,#12406));
#12408= IFCRELDEFINESBYPROPERTIES('19Gou3Ap1FQxWdKZry_J$M',$,$,$,(#2985),#12407);
#12409= IFCQUANTITYLENGTH('Height',$,$,3200.,$);
#12410= IFCQUANTITYLENGTH('Length',$,$,1930.016863358370756,$);
#12411= IFCQUANTITYAREA('NetFootprintArea',$,$,0.,$);
#12412= IFCQUANTITYAREA('NetSideArea',$,$,3.76494940964003,$);
#12413= IFCQUANTITYVOLUME('NetVolume',$,$,0.0376494940964,$);
#12414= IFCQUANTITYWEIGHT('NetWeight',$,$,$,$);
#12415= IFCQUANTITYLENGTH('Width',$,$,10.,$);
#12416= IFCELEMENTQUANTITY('3pIGp8xyLB_gVl2AeWsac$',$,'Qto_WallBaseQuantities',$,$,(#12409,#12410,#12411,#12412,#12413,#12414,#12415));
#12417= IFCRELDEFINESBYPROPERTIES('1fkppcqTr0vPhVHAshV6tc',$,$,$,(#2985),#12416);
#12418= IFCPROPERTYSINGLEVALUE('BarAllocationType',$,IFCLABEL('(\X2\043D04350442\X0\)'),$);
#12419= IFCPROPERTYSET('2iO392ecX5qxK16Dqn_A34',$,'Pset_ReinforcementBarPitchOfWall',$,(#12418));
#12420= IFCRELDEFINESBYPROPERTIES('1_mjZumpb2DgUcmyrN1BDy',$,$,$,(#3047),#12419);
#12421= IFCPROPERTYSINGLEVALUE('Comment',$,$,$);
#12422= IFCPROPERTYSINGLEVALUE('Designation',$,$,$);
#12423= IFCPROPERTYSINGLEVALUE('FireRating',$,$,$);
#12424= IFCPROPERTYSINGLEVALUE('Reference',$,$,$);
#12425= IFCPROPERTYSINGLEVALUE('ThermalTransmittance',$,$,$);
#12426= IFCPROPERTYSET('0jRqZT$pL3efBTHcJFn3ts',$,'Pset_WallCommon',$,(#12421,#12422,#12423,#12424,#12425));
#12427= IFCRELDEFINESBYPROPERTIES('1HlzhS$PX8d85PDtTw5hGU',$,$,$,(#3047),#12426);
#12428= IFCQUANTITYLENGTH('Height',$,$,3200.,$);
#12429= IFCQUANTITYLENGTH('Length',$,$,2950.016834776639371,$);
#12430= IFCQUANTITYAREA('NetFootprintArea',$,$,0.,$);
#12431= IFCQUANTITYAREA('NetSideArea',$,$,8.643549325895547,$);
#12432= IFCQUANTITYVOLUME('NetVolume',$,$,0.08643549325895,$);
#12433= IFCQUANTITYWEIGHT('NetWeight',$,$,$,$);
#12434= IFCQUANTITYLENGTH('Width',$,$,10.,$);
#12435= IFCELEMENTQUANTITY('0o_tlNdCb0JhyulwIbPd1y',$,'Qto_WallBaseQuantities',$,$,(#12428,#12429,#12430,#12431,#12432,#12433,#12434));
#12436= IFCRELDEFINESBYPROPERTIES('2CKN0WULT3HvxANZ0G0kXw',$,$,$,(#3047),#12435);
#12437= IFCPROPERTYSINGLEVALUE('BarAllocationType',$,IFCLABEL('(\X2\043D04350442\X0\)'),$);
#12438= IFCPROPERTYSET('11AoMjeSf7EQmssH3kynsm',$,'Pset_ReinforcementBarPitchOfWall',$,(#12437));
#12439= IFCRELDEFINESBYPROPERTIES('1H6Kziak51POBj0a_JBYXY',$,$,$,(#3101),#12438);
#12440= IFCPROPERTYSINGLEVALUE('Comment',$,$,$);
#12441= IFCPROPERTYSINGLEVALUE('Designation',$,$,$);
#12442= IFCPROPERTYSINGLEVALUE('FireRating',$,$,$);
#12443= IFCPROPERTYSINGLEVALUE('Reference',$,$,$);
#12444= IFCPROPERTYSINGLEVALUE('ThermalTransmittance',$,$,$);
#12445= IFCPROPERTYSET('0teTHxJo5CbBlY6nZb14EQ',$,'Pset_WallCommon',$,(#12440,#12441,#12442,#12443,#12444));
#12446= IFCRELDEFINESBYPROPERTIES('2jD7dTOIXEdQ8MNAvP_LP1',$,$,$,(#3101),#12445);
#12447= IFCQUANTITYLENGTH('Height',$,$,3200.,$);
#12448= IFCQUANTITYLENGTH('Length',$,$,1939.983079574586554,$);
#12449= IFCQUANTITYAREA('NetFootprintArea',$,$,0.,$);
#12450= IFCQUANTITYAREA('NetSideArea',$,$,4.964150423153535,$);
#12451= IFCQUANTITYVOLUME('NetVolume',$,$,0.049641504231535,$);
#12452= IFCQUANTITYWEIGHT('NetWeight',$,$,$,$);
#12453= IFCQUANTITYLENGTH('Width',$,$,10.,$);
#12454= IFCELEMENTQUANTITY('3uaWn5spnFbRipl9UWRmUP',$,'Qto_WallBaseQuantities',$,$,(#12447,#12448,#12449,#12450,#12451,#12452,#12453));
#12455= IFCRELDEFINESBYPROPERTIES('39UgKW6iH6fe8pHA3lR$uK',$,$,$,(#3101),#12454);
#12456= IFCPROPERTYSINGLEVALUE('BarAllocationType',$,IFCLABEL('(\X2\043D04350442\X0\)'),$);
#12457= IFCPROPERTYSET('3H_8vhm3zAlwMmS8v_gQpR',$,'Pset_ReinforcementBarPitchOfWall',$,(#12456));
#12458= IFCRELDEFINESBYPROPERTIES('3OLogF7dz8LvHoHcTWW9F2',$,$,$,(#3163),#12457);
#12459= IFCPROPERTYSINGLEVALUE('Comment',$,$,$);
#12460= IFCPROPERTYSINGLEVALUE('Designation',$,$,$);
#12461= IFCPROPERTYSINGLEVALUE('FireRating',$,$,$);
#12462= IFCPROPERTYSINGLEVALUE('Reference',$,$,$);
#12463= IFCPROPERTYSINGLEVALUE('ThermalTransmittance',$,$,$);
#12464= IFCPROPERTYSET('17aa9jK7b75g6CHolytKR9',$,'Pset_WallCommon',$,(#12459,#12460,#12461,#12462,#12463));
#12465= IFCRELDEFINESBYPROPERTIES('1JxpcYZdz1DuD9rKmgjiHL',$,$,$,(#3163),#12464);
#12466= IFCQUANTITYLENGTH('Height',$,$,3200.,$);
#12467= IFCQUANTITYLENGTH('Length',$,$,2274.999999999987267,$);
#12468= IFCQUANTITYAREA('NetFootprintArea',$,$,0.02275,$);
#12469= IFCQUANTITYAREA('NetSideArea',$,$,6.665749999999977,$);
#12470= IFCQUANTITYVOLUME('NetVolume',$,$,0.0666575,$);
#12471= IFCQUANTITYWEIGHT('NetWeight',$,$,86.654749999999751,$);
#12472= IFCQUANTITYLENGTH('Width',$,$,10.,$);
#12473= IFCELEMENTQUANTITY('2broVGEjnEzxcmxHd8fBPB',$,'Qto_WallBaseQuantities',$,$,(#12466,#12467,#12468,#12469,#12470,#12471,#12472));
#12474= IFCRELDEFINESBYPROPERTIES('19pHAE9TT4IQKMCqVtTQMW',$,$,$,(#3163),#12473);
#12475= IFCPROPERTYSINGLEVALUE('BarAllocationType',$,IFCLABEL('(\X2\043D04350442\X0\)'),$);
#12476= IFCPROPERTYSET('2CxHP$6YfFiQe0YYPBpR7B',$,'Pset_ReinforcementBarPitchOfWall',$,(#12475));
#12477= IFCRELDEFINESBYPROPERTIES('3oi3QMPfz69eKr7xnC51Iy',$,$,$,(#3217),#12476);
#12478= IFCPROPERTYSINGLEVALUE('Comment',$,$,$);
#12479= IFCPROPERTYSINGLEVALUE('Designation',$,$,$);
#12480= IFCPROPERTYSINGLEVALUE('FireRating',$,$,$);
#12481= IFCPROPERTYSINGLEVALUE('Reference',$,$,$);
#12482= IFCPROPERTYSINGLEVALUE('ThermalTransmittance',$,$,$);
#12483= IFCPROPERTYSET('351MNVlm95xPkYO0CqzzU6',$,'Pset_WallCommon',$,(#12478,#12479,#12480,#12481,#12482));
#12484= IFCRELDEFINESBYPROPERTIES('3$SBEqSv98cunsLUjFuvnn',$,$,$,(#3217),#12483);
#12485= IFCQUANTITYLENGTH('Height',$,$,3200.,$);
#12486= IFCQUANTITYLENGTH('Length',$,$,2960.,$);
#12487= IFCQUANTITYAREA('NetFootprintArea',$,$,0.0296,$);
#12488= IFCQUANTITYAREA('NetSideArea',$,$,8.672800000000006,$);
#12489= IFCQUANTITYVOLUME('NetVolume',$,$,0.086728,$);
#12490= IFCQUANTITYWEIGHT('NetWeight',$,$,112.746400000000065,$);
#12491= IFCQUANTITYLENGTH('Width',$,$,10.,$);
#12492= IFCELEMENTQUANTITY('3gjFkZbDPCaw1sx7Adf$c9',$,'Qto_WallBaseQuantities',$,$,(#12485,#12486,#12487,#12488,#12489,#12490,#12491));
#12493= IFCRELDEFINESBYPROPERTIES('1mk3_x03v3gO$nWP97hxYz',$,$,$,(#3217),#12492);
#12494= IFCPROPERTYSINGLEVALUE('BarAllocationType',$,IFCLABEL('(\X2\043D04350442\X0\)'),$);
#12495= IFCPROPERTYSET('0V$sMZGKzFkOETRvXddwK_',$,'Pset_ReinforcementBarPitchOfWall',$,(#12494));
#12496= IFCRELDEFINESBYPROPERTIES('3UIo7ODxb4txz671b3IRYb',$,$,$,(#3269),#12495);
#12497= IFCPROPERTYSINGLEVALUE('Comment',$,$,$);
#12498= IFCPROPERTYSINGLEVALUE('Designation',$,$,$);
#12499= IFCPROPERTYSINGLEVALUE('FireRating',$,$,$);
#12500= IFCPROPERTYSINGLEVALUE('Reference',$,$,$);
#12501= IFCPROPERTYSINGLEVALUE('ThermalTransmittance',$,$,$);
#12502= IFCPROPERTYSET('1SvZw2O357Gh7gfM9oUDMi',$,'Pset_WallCommon',$,(#12497,#12498,#12499,#12500,#12501));
#12503= IFCRELDEFINESBYPROPERTIES('3Gbh2VsvX7t9CocHNQaoat',$,$,$,(#3269),#12502);
#12504= IFCQUANTITYLENGTH('Height',$,$,3200.,$);
#12505= IFCQUANTITYLENGTH('Length',$,$,2274.999999999989086,$);
#12506= IFCQUANTITYAREA('NetFootprintArea',$,$,0.022749999999998,$);
#12507= IFCQUANTITYAREA('NetSideArea',$,$,6.665749999999968,$);
#12508= IFCQUANTITYVOLUME('NetVolume',$,$,0.066657499999996,$);
#12509= IFCQUANTITYWEIGHT('NetWeight',$,$,86.654749999994308,$);
#12510= IFCQUANTITYLENGTH('Width',$,$,10.,$);
#12511= IFCELEMENTQUANTITY('1Zojj77efCkQBluAQfS5na',$,'Qto_WallBaseQuantities',$,$,(#12504,#12505,#12506,#12507,#12508,#12509,#12510));
#12512= IFCRELDEFINESBYPROPERTIES('3c6UmGqmzEu92LZDnmkt$G',$,$,$,(#3269),#12511);
#12513= IFCPROPERTYSINGLEVALUE('BarAllocationType',$,IFCLABEL('(\X2\043D04350442\X0\)'),$);
#12514= IFCPROPERTYSET('3cnhPfhnL35wDzwTEi0ha8',$,'Pset_ReinforcementBarPitchOfWall',$,(#12513));
#12515= IFCRELDEFINESBYPROPERTIES('2y5Ileear9VRm4RvcYxekJ',$,$,$,(#3289),#12514);
#12516= IFCPROPERTYSINGLEVALUE('Comment',$,$,$);
#12517= IFCPROPERTYSINGLEVALUE('Designation',$,$,$);
#12518= IFCPROPERTYSINGLEVALUE('FireRating',$,$,$);
#12519= IFCPROPERTYSINGLEVALUE('Reference',$,$,$);
#12520= IFCPROPERTYSINGLEVALUE('ThermalTransmittance',$,$,$);
#12521= IFCPROPERTYSET('23gWO2rP96LhsGI3$II$xs',$,'Pset_WallCommon',$,(#12516,#12517,#12518,#12519,#12520));
#12522= IFCRELDEFINESBYPROPERTIES('27JSQ7TR53Oh2u3cRXQtc0',$,$,$,(#3289),#12521);
#12523= IFCQUANTITYLENGTH('Height',$,$,3200.,$);
#12524= IFCQUANTITYLENGTH('Length',$,$,2950.,$);
#12525= IFCQUANTITYAREA('NetFootprintArea',$,$,0.0195,$);
#12526= IFCQUANTITYAREA('NetSideArea',$,$,6.543500000000014,$);
#12527= IFCQUANTITYVOLUME('NetVolume',$,$,0.065435,$);
#12528= IFCQUANTITYWEIGHT('NetWeight',$,$,85.065499999999545,$);
#12529= IFCQUANTITYLENGTH('Width',$,$,10.,$);
#12530= IFCELEMENTQUANTITY('0H4T0UuoD4vRE_Y5Knjnw6',$,'Qto_WallBaseQuantities',$,$,(#12523,#12524,#12525,#12526,#12527,#12528,#12529));
#12531= IFCRELDEFINESBYPROPERTIES('2RCrunDTn13h5Clzzkjmur',$,$,$,(#3289),#12530);
#12532= IFCPROPERTYSINGLEVALUE('BarAllocationType',$,IFCLABEL('(\X2\043D04350442\X0\)'),$);
#12533= IFCPROPERTYSET('0qpwy$D$j9ivdikiVVF44t',$,'Pset_ReinforcementBarPitchOfWall',$,(#12532));
#12534= IFCRELDEFINESBYPROPERTIES('3gggKADTz9$8Jswu$BH2OJ',$,$,$,(#3346),#12533);
#12535= IFCPROPERTYSINGLEVALUE('Comment',$,$,$);
#12536= IFCPROPERTYSINGLEVALUE('Designation',$,$,$);
#12537= IFCPROPERTYSINGLEVALUE('FireRating',$,$,$);
#12538= IFCPROPERTYSINGLEVALUE('Reference',$,$,$);
#12539= IFCPROPERTYSINGLEVALUE('ThermalTransmittance',$,$,$);
#12540= IFCPROPERTYSET('1NRLe9sxvDgeMczoQgChwA',$,'Pset_WallCommon',$,(#12535,#12536,#12537,#12538,#12539));
#12541= IFCRELDEFINESBYPROPERTIES('2qeBjUBET46RzAyrmznXGz',$,$,$,(#3346),#12540);
#12542= IFCQUANTITYLENGTH('Height',$,$,3200.,$);
#12543= IFCQUANTITYLENGTH('Length',$,$,7684.999999999989086,$);
#12544= IFCQUANTITYAREA('NetFootprintArea',$,$,0.05885,$);
#12545= IFCQUANTITYAREA('NetSideArea',$,$,19.527199999999969,$);
#12546= IFCQUANTITYVOLUME('NetVolume',$,$,0.195272000000007,$);
#12547= IFCQUANTITYWEIGHT('NetWeight',$,$,253.853600000008953,$);
#12548= IFCQUANTITYLENGTH('Width',$,$,10.,$);
#12549= IFCELEMENTQUANTITY('2Df$zBtCD1UP9wiXBl_IdI',$,'Qto_WallBaseQuantities',$,$,(#12542,#12543,#12544,#12545,#12546,#12547,#12548));
#12550= IFCRELDEFINESBYPROPERTIES('1BTKWJNET6U80jCD6zT5o7',$,$,$,(#3346),#12549);
#12551= IFCPROPERTYSINGLEVALUE('BarAllocationType',$,IFCLABEL('(\X2\043D04350442\X0\)'),$);
#12552= IFCPROPERTYSET('0BCIhWfpPF5OdxEwC_5wF_',$,'Pset_ReinforcementBarPitchOfWall',$,(#12551));
#12553= IFCRELDEFINESBYPROPERTIES('0igkOyDdjBKeRCIGKPsQ2G',$,$,$,(#3423),#12552);
#12554= IFCPROPERTYSINGLEVALUE('Comment',$,$,$);
#12555= IFCPROPERTYSINGLEVALUE('Designation',$,$,$);
#12556= IFCPROPERTYSINGLEVALUE('FireRating',$,$,$);
#12557= IFCPROPERTYSINGLEVALUE('Reference',$,$,$);
#12558= IFCPROPERTYSINGLEVALUE('ThermalTransmittance',$,$,$);
#12559= IFCPROPERTYSET('247Nghq$vFpfxV5S0IcW8l',$,'Pset_WallCommon',$,(#12554,#12555,#12556,#12557,#12558));
#12560= IFCRELDEFINESBYPROPERTIES('0WAiIsLObEyA_b8oYbFUoY',$,$,$,(#3423),#12559);
#12561= IFCQUANTITYLENGTH('Height',$,$,3200.,$);
#12562= IFCQUANTITYLENGTH('Length',$,$,1990.000000000005457,$);
#12563= IFCQUANTITYAREA('NetFootprintArea',$,$,0.019899999999998,$);
#12564= IFCQUANTITYAREA('NetSideArea',$,$,5.539000000000011,$);
#12565= IFCQUANTITYVOLUME('NetVolume',$,$,0.055389999999993,$);
#12566= IFCQUANTITYWEIGHT('NetWeight',$,$,72.006999999991123,$);
#12567= IFCQUANTITYLENGTH('Width',$,$,10.,$);
#12568= IFCELEMENTQUANTITY('3SlyfF9Dn1fhdPcY9rNSk9',$,'Qto_WallBaseQuantities',$,$,(#12561,#12562,#12563,#12564,#12565,#12566,#12567));
#12569= IFCRELDEFINESBYPROPERTIES('3wF1nbVx59BfA7u52x999$',$,$,$,(#3423),#12568);
#12570= IFCPROPERTYSINGLEVALUE('BarAllocationType',$,IFCLABEL('(\X2\043D04350442\X0\)'),$);
#12571= IFCPROPERTYSET('0i$cuH69r5zOT6NTU4sl9u',$,'Pset_ReinforcementBarPitchOfWall',$,(#12570));
#12572= IFCRELDEFINESBYPROPERTIES('0CzJb5DvvFaRpJTtf0QSiM',$,$,$,(#3478),#12571);
#12573= IFCPROPERTYSINGLEVALUE('Comment',$,$,$);
#12574= IFCPROPERTYSINGLEVALUE('Designation',$,$,$);
#12575= IFCPROPERTYSINGLEVALUE('FireRating',$,$,$);
#12576= IFCPROPERTYSINGLEVALUE('Reference',$,$,$);
#12577= IFCPROPERTYSINGLEVALUE('ThermalTransmittance',$,$,$);
#12578= IFCPROPERTYSET('0jjAXzjPHEt9bQIaTZ6uKN',$,'Pset_WallCommon',$,(#12573,#12574,#12575,#12576,#12577));
#12579= IFCRELDEFINESBYPROPERTIES('2q60R_bAb67ACoAsTCKSas',$,$,$,(#3478),#12578);
#12580= IFCQUANTITYLENGTH('Height',$,$,3200.,$);
#12581= IFCQUANTITYLENGTH('Length',$,$,7679.999999999989086,$);
#12582= IFCQUANTITYAREA('NetFootprintArea',$,$,0.060400000000005,$);
#12583= IFCQUANTITYAREA('NetSideArea',$,$,19.848549999999953,$);
#12584= IFCQUANTITYVOLUME('NetVolume',$,$,0.198485500000006,$);
#12585= IFCQUANTITYWEIGHT('NetWeight',$,$,258.031150000007244,$);
#12586= IFCQUANTITYLENGTH('Width',$,$,10.,$);
#12587= IFCELEMENTQUANTITY('2VXldnJ8XE1Q_t8dPjks5p',$,'Qto_WallBaseQuantities',$,$,(#12580,#12581,#12582,#12583,#12584,#12585,#12586));
#12588= IFCRELDEFINESBYPROPERTIES('0TEhlCvOn9N8aaYhZX9enH',$,$,$,(#3478),#12587);
#12589= IFCPROPERTYSINGLEVALUE('BarAllocationType',$,IFCLABEL('(\X2\043D04350442\X0\)'),$);
#12590= IFCPROPERTYSET('1J5NJLr_zAoRWq44tvtX9i',$,'Pset_ReinforcementBarPitchOfWall',$,(#12589));
#12591= IFCRELDEFINESBYPROPERTIES('1RCyZHo1jC7xUbvDguMhn9',$,$,$,(#3531),#12590);
#12592= IFCPROPERTYSINGLEVALUE('Comment',$,$,$);
#12593= IFCPROPERTYSINGLEVALUE('Designation',$,$,$);
#12594= IFCPROPERTYSINGLEVALUE('FireRating',$,$,$);
#12595= IFCPROPERTYSINGLEVALUE('Reference',$,$,$);
#12596= IFCPROPERTYSINGLEVALUE('ThermalTransmittance',$,$,$);
#12597= IFCPROPERTYSET('3r6q0rtNbDqhL265_9krQI',$,'Pset_WallCommon',$,(#12592,#12593,#12594,#12595,#12596));
#12598= IFCRELDEFINESBYPROPERTIES('0sMBNALJ5BnfUopChSitYi',$,$,$,(#3531),#12597);
#12599= IFCQUANTITYLENGTH('Height',$,$,3200.,$);
#12600= IFCQUANTITYLENGTH('Length',$,$,1994.999999999983629,$);
#12601= IFCQUANTITYAREA('NetFootprintArea',$,$,0.01095,$);
#12602= IFCQUANTITYAREA('NetSideArea',$,$,3.955349999999943,$);
#12603= IFCQUANTITYVOLUME('NetVolume',$,$,0.039553499999999,$);
#12604= IFCQUANTITYWEIGHT('NetWeight',$,$,51.419549999998999,$);
#12605= IFCQUANTITYLENGTH('Width',$,$,10.,$);
#12606= IFCELEMENTQUANTITY('3ItXQXy5z1yBm5o7Ouu_1Z',$,'Qto_WallBaseQuantities',$,$,(#12599,#12600,#12601,#12602,#12603,#12604,#12605));
#12607= IFCRELDEFINESBYPROPERTIES('3jAGz4L4T7IfXYHme$IU4H',$,$,$,(#3531),#12606);
#12608= IFCPROPERTYSINGLEVALUE('BarAllocationType',$,IFCLABEL('(\X2\043D04350442\X0\)'),$);
#12609= IFCPROPERTYSET('09U6djgIPCo8BnJStSG$Js',$,'Pset_ReinforcementBarPitchOfWall',$,(#12608));
#12610= IFCRELDEFINESBYPROPERTIES('2G_eP3XnH2Z8_ejOyn_2$n',$,$,$,(#3584),#12609);
#12611= IFCPROPERTYSINGLEVALUE('Comment',$,$,$);
#12612= IFCPROPERTYSINGLEVALUE('Designation',$,$,$);
#12613= IFCPROPERTYSINGLEVALUE('FireRating',$,$,$);
#12614= IFCPROPERTYSINGLEVALUE('Reference',$,$,$);
#12615= IFCPROPERTYSINGLEVALUE('ThermalTransmittance',$,$,$);
#12616= IFCPROPERTYSET('2FF5ZfndX7sP1x0j85EF4a',$,'Pset_WallCommon',$,(#12611,#12612,#12613,#12614,#12615));
#12617= IFCRELDEFINESBYPROPERTIES('2OHQoVxbX2ZuqnmrO_ozCe',$,$,$,(#3584),#12616);
#12618= IFCQUANTITYLENGTH('Height',$,$,3200.,$);
#12619= IFCQUANTITYLENGTH('Length',$,$,1659.999999999996362,$);
#12620= IFCQUANTITYAREA('NetFootprintArea',$,$,0.016599999999999,$);
#12621= IFCQUANTITYAREA('NetSideArea',$,$,4.863799999999992,$);
#12622= IFCQUANTITYVOLUME('NetVolume',$,$,0.048637999999997,$);
#12623= IFCQUANTITYWEIGHT('NetWeight',$,$,63.229399999995969,$);
#12624= IFCQUANTITYLENGTH('Width',$,$,10.,$);
#12625= IFCELEMENTQUANTITY('3s01LhFJL9xvAhb5$NSgGG',$,'Qto_WallBaseQuantities',$,$,(#12618,#12619,#12620,#12621,#12622,#12623,#12624));
#12626= IFCRELDEFINESBYPROPERTIES('2Qj3KerovF5h9AqJXXMn_s',$,$,$,(#3584),#12625);
#12627= IFCPROPERTYSINGLEVALUE('BarAllocationType',$,IFCLABEL('(\X2\043D04350442\X0\)'),$);
#12628= IFCPROPERTYSET('39oHmuO9XAXB$C3dEqnlso',$,'Pset_ReinforcementBarPitchOfWall',$,(#12627));
#12629= IFCRELDEFINESBYPROPERTIES('0DkIG68tLBOu77GDIIi6sd',$,$,$,(#3638),#12628);
#12630= IFCPROPERTYSINGLEVALUE('Comment',$,$,$);
#12631= IFCPROPERTYSINGLEVALUE('Designation',$,$,$);
#12632= IFCPROPERTYSINGLEVALUE('FireRating',$,$,$);
#12633= IFCPROPERTYSINGLEVALUE('Reference',$,$,$);
#12634= IFCPROPERTYSINGLEVALUE('ThermalTransmittance',$,$,$);
#12635= IFCPROPERTYSET('3Q8S56TvLFKwO0ZUKT4osA',$,'Pset_WallCommon',$,(#12630,#12631,#12632,#12633,#12634));
#12636= IFCRELDEFINESBYPROPERTIES('0459t_gMf9ZwYW6M7OFmZ9',$,$,$,(#3638),#12635);
#12637= IFCQUANTITYLENGTH('Height',$,$,3200.,$);
#12638= IFCQUANTITYLENGTH('Length',$,$,1995.000000000005457,$);
#12639= IFCQUANTITYAREA('NetFootprintArea',$,$,0.01095,$);
#12640= IFCQUANTITYAREA('NetSideArea',$,$,3.955349999999946,$);
#12641= IFCQUANTITYVOLUME('NetVolume',$,$,0.0395535,$);
#12642= IFCQUANTITYWEIGHT('NetWeight',$,$,51.419549999999482,$);
#12643= IFCQUANTITYLENGTH('Width',$,$,10.,$);
#12644= IFCELEMENTQUANTITY('01Xy$um71Fz8OC7g9Hmwf1',$,'Qto_WallBaseQuantities',$,$,(#12637,#12638,#12639,#12640,#12641,#12642,#12643));
#12645= IFCRELDEFINESBYPROPERTIES('31o9CSD6r8phHCuQiBa7Kj',$,$,$,(#3638),#12644);
#12646= IFCPROPERTYSINGLEVALUE('BarAllocationType',$,IFCLABEL('(\X2\043D04350442\X0\)'),$);
#12647= IFCPROPERTYSET('0R1JcBeuX0MgEFlZ7Wq7Me',$,'Pset_ReinforcementBarPitchOfWall',$,(#12646));
#12648= IFCRELDEFINESBYPROPERTIES('1vvIr27oz4vO2UachXfKHX',$,$,$,(#3691),#12647);
#12649= IFCPROPERTYSINGLEVALUE('Comment',$,$,$);
#12650= IFCPROPERTYSINGLEVALUE('Designation',$,$,$);
#12651= IFCPROPERTYSINGLEVALUE('FireRating',$,$,$);
#12652= IFCPROPERTYSINGLEVALUE('Reference',$,$,$);
#12653= IFCPROPERTYSINGLEVALUE('ThermalTransmittance',$,$,$);
#12654= IFCPROPERTYSET('12paf5yzrCwxvo9hnkXCDa',$,'Pset_WallCommon',$,(#12649,#12650,#12651,#12652,#12653));
#12655= IFCRELDEFINESBYPROPERTIES('2PArqBamv22e9qGZKMMZqp',$,$,$,(#3691),#12654);
#12656= IFCQUANTITYLENGTH('Height',$,$,3200.,$);
#12657= IFCQUANTITYLENGTH('Length',$,$,1669.999999999994543,$);
#12658= IFCQUANTITYAREA('NetFootprintArea',$,$,0.0167,$);
#12659= IFCQUANTITYAREA('NetSideArea',$,$,4.893099999999984,$);
#12660= IFCQUANTITYVOLUME('NetVolume',$,$,0.048931,$);
#12661= IFCQUANTITYWEIGHT('NetWeight',$,$,63.610299999999789,$);
#12662= IFCQUANTITYLENGTH('Width',$,$,10.,$);
#12663= IFCELEMENTQUANTITY('1qq0SXq_f7pgAOwLz2dbEi',$,'Qto_WallBaseQuantities',$,$,(#12656,#12657,#12658,#12659,#12660,#12661,#12662));
#12664= IFCRELDEFINESBYPROPERTIES('3G3X1VDtv8yvmvO$586ATV',$,$,$,(#3691),#12663);
#12665= IFCPROPERTYSINGLEVALUE('BarAllocationType',$,IFCLABEL('(\X2\043D04350442\X0\)'),$);
#12666= IFCPROPERTYSET('2fIaB9a81BgQmrmzIPf44Q',$,'Pset_ReinforcementBarPitchOfWall',$,(#12665));
#12667= IFCRELDEFINESBYPROPERTIES('2_dKdnrGDDnfbj9dSKr5Wi',$,$,$,(#3711),#12666);
#12668= IFCPROPERTYSINGLEVALUE('Comment',$,$,$);
#12669= IFCPROPERTYSINGLEVALUE('Designation',$,$,$);
#12670= IFCPROPERTYSINGLEVALUE('FireRating',$,$,$);
#12671= IFCPROPERTYSINGLEVALUE('Reference',$,$,$);
#12672= IFCPROPERTYSINGLEVALUE('ThermalTransmittance',$,$,$);
#12673= IFCPROPERTYSET('1wfwAAwUPDfuZcvxHIwiRO',$,'Pset_WallCommon',$,(#12668,#12669,#12670,#12671,#12672));
#12674= IFCRELDEFINESBYPROPERTIES('3y$tIZ$lT8mu1VphnDhIdh',$,$,$,(#3711),#12673);
#12675= IFCQUANTITYLENGTH('Height',$,$,3200.,$);
#12676= IFCQUANTITYLENGTH('Length',$,$,1994.999999999983629,$);
#12677= IFCQUANTITYAREA('NetFootprintArea',$,$,0.01095,$);
#12678= IFCQUANTITYAREA('NetSideArea',$,$,3.955349999999985,$);
#12679= IFCQUANTITYVOLUME('NetVolume',$,$,0.0395535,$);
#12680= IFCQUANTITYWEIGHT('NetWeight',$,$,51.419550000000356,$);
#12681= IFCQUANTITYLENGTH('Width',$,$,10.,$);
#12682= IFCELEMENTQUANTITY('00UV4phpDFqvL7Dnt5G_6_',$,'Qto_WallBaseQuantities',$,$,(#12675,#12676,#12677,#12678,#12679,#12680,#12681));
#12683= IFCRELDEFINESBYPROPERTIES('1jbLORHWPDFfXTBvbep41m',$,$,$,(#3711),#12682);
#12684= IFCPROPERTYSINGLEVALUE('BarAllocationType',$,IFCLABEL('(\X2\043D04350442\X0\)'),$);
#12685= IFCPROPERTYSET('0BIv6mfgzA$8nyhKyEm_ZM',$,'Pset_ReinforcementBarPitchOfWall',$,(#12684));
#12686= IFCRELDEFINESBYPROPERTIES('2LUpF1w5D38ARF7Gw_bQWe',$,$,$,(#3764),#12685);
#12687= IFCPROPERTYSINGLEVALUE('Comment',$,$,$);
#12688= IFCPROPERTYSINGLEVALUE('Designation',$,$,$);
#12689= IFCPROPERTYSINGLEVALUE('FireRating',$,$,$);
#12690= IFCPROPERTYSINGLEVALUE('Reference',$,$,$);
#12691= IFCPROPERTYSINGLEVALUE('ThermalTransmittance',$,$,$);
#12692= IFCPROPERTYSET('0wMYDIWAbEm8h1uuYEIIt7',$,'Pset_WallCommon',$,(#12687,#12688,#12689,#12690,#12691));
#12693= IFCRELDEFINESBYPROPERTIES('27AxpDMzL4jP$YwiPZ7Whu',$,$,$,(#3764),#12692);
#12694= IFCQUANTITYLENGTH('Height',$,$,3200.,$);
#12695= IFCQUANTITYLENGTH('Length',$,$,5940.010810798125021,$);
#12696= IFCQUANTITYAREA('NetFootprintArea',$,$,0.059400108107981,$);
#12697= IFCQUANTITYAREA('NetSideArea',$,$,13.263631783746495,$);
#12698= IFCQUANTITYVOLUME('NetVolume',$,$,0.132636317837466,$);
#12699= IFCQUANTITYWEIGHT('NetWeight',$,$,172.427213188705196,$);
#12700= IFCQUANTITYLENGTH('Width',$,$,10.,$);
#12701= IFCELEMENTQUANTITY('2u0BA$JijFv8SA5$UBgPfS',$,'Qto_WallBaseQuantities',$,$,(#12694,#12695,#12696,#12697,#12698,#12699,#12700));
#12702= IFCRELDEFINESBYPROPERTIES('3pThjRdXv9XfZ6haxZAgMp',$,$,$,(#3764),#12701);
#12703= IFCPROPERTYSINGLEVALUE('BarAllocationType',$,IFCLABEL('(\X2\043D04350442\X0\)'),$);
#12704= IFCPROPERTYSET('3m75SZ8MfEoeCdwuoPo$dp',$,'Pset_ReinforcementBarPitchOfWall',$,(#12703));
#12705= IFCRELDEFINESBYPROPERTIES('0_hKedZsD7qxZe3dQKz0TF',$,$,$,(#3825),#12704);
#12706= IFCPROPERTYSINGLEVALUE('Comment',$,$,$);
#12707= IFCPROPERTYSINGLEVALUE('Designation',$,$,$);
#12708= IFCPROPERTYSINGLEVALUE('FireRating',$,$,$);
#12709= IFCPROPERTYSINGLEVALUE('Reference',$,$,$);
#12710= IFCPROPERTYSINGLEVALUE('ThermalTransmittance',$,$,$);
#12711= IFCPROPERTYSET('0SKUD7ZCn1lRsBZV4i3JPK',$,'Pset_WallCommon',$,(#12706,#12707,#12708,#12709,#12710));
#12712= IFCRELDEFINESBYPROPERTIES('3j$dW5Rs5CIx0RjS6mFurt',$,$,$,(#3825),#12711);
#12713= IFCQUANTITYLENGTH('Height',$,$,3200.,$);
#12714= IFCQUANTITYLENGTH('Length',$,$,4609.999999999983629,$);
#12715= IFCQUANTITYAREA('NetFootprintArea',$,$,0.0461,$);
#12716= IFCQUANTITYAREA('NetSideArea',$,$,8.793399999999957,$);
#12717= IFCQUANTITYVOLUME('NetVolume',$,$,0.087934,$);
#12718= IFCQUANTITYWEIGHT('NetWeight',$,$,114.31419999999946,$);
#12719= IFCQUANTITYLENGTH('Width',$,$,10.,$);
#12720= IFCELEMENTQUANTITY('2Fsz3Co6X7QvsOE18gnU0y',$,'Qto_WallBaseQuantities',$,$,(#12713,#12714,#12715,#12716,#12717,#12718,#12719));
#12721= IFCRELDEFINESBYPROPERTIES('1iJBuJLU9CVvDQr4T18_et',$,$,$,(#3825),#12720);
#12722= IFCPROPERTYSINGLEVALUE('BarAllocationType',$,IFCLABEL('(\X2\043D04350442\X0\)'),$);
#12723= IFCPROPERTYSET('16s2rl4ibAdAc2xetwFfuX',$,'Pset_ReinforcementBarPitchOfWall',$,(#12722));
#12724= IFCRELDEFINESBYPROPERTIES('2JichURSbFsQLIiLoK$B5b',$,$,$,(#3886),#12723);
#12725= IFCPROPERTYSINGLEVALUE('Comment',$,$,$);
#12726= IFCPROPERTYSINGLEVALUE('Designation',$,$,$);
#12727= IFCPROPERTYSINGLEVALUE('FireRating',$,$,$);
#12728= IFCPROPERTYSINGLEVALUE('Reference',$,$,$);
#12729= IFCPROPERTYSINGLEVALUE('ThermalTransmittance',$,$,$);
#12730= IFCPROPERTYSET('0LUB3dZoH1281OQ4h3jzp0',$,'Pset_WallCommon',$,(#12725,#12726,#12727,#12728,#12729));
#12731= IFCRELDEFINESBYPROPERTIES('2OGANXNCPBAAAsq_SmcdRy',$,$,$,(#3886),#12730);
#12732= IFCQUANTITYLENGTH('Height',$,$,3200.,$);
#12733= IFCQUANTITYLENGTH('Length',$,$,5949.989165776492882,$);
#12734= IFCQUANTITYAREA('NetFootprintArea',$,$,0.059499891657765,$);
#12735= IFCQUANTITYAREA('NetSideArea',$,$,17.492968147382921,$);
#12736= IFCQUANTITYVOLUME('NetVolume',$,$,0.174929681473829,$);
#12737= IFCQUANTITYWEIGHT('NetWeight',$,$,227.408585915977966,$);
#12738= IFCQUANTITYLENGTH('Width',$,$,10.,$);
#12739= IFCELEMENTQUANTITY('2orkZk$YXCWRJzB5yEzL4W',$,'Qto_WallBaseQuantities',$,$,(#12732,#12733,#12734,#12735,#12736,#12737,#12738));
#12740= IFCRELDEFINESBYPROPERTIES('0qEj9YNJvDFxB_L7DAYwNq',$,$,$,(#3886),#12739);
#12741= IFCPROPERTYSINGLEVALUE('BarAllocationType',$,IFCLABEL('(\X2\043D04350442\X0\)'),$);
#12742= IFCPROPERTYSET('0S1uJXwiPAouUk_BAqxRws',$,'Pset_ReinforcementBarPitchOfWall',$,(#12741));
#12743= IFCRELDEFINESBYPROPERTIES('3Fm4PISJz1$9X4XvUsbMX6',$,$,$,(#3940),#12742);
#12744= IFCPROPERTYSINGLEVALUE('Comment',$,$,$);
#12745= IFCPROPERTYSINGLEVALUE('Designation',$,$,$);
#12746= IFCPROPERTYSINGLEVALUE('FireRating',$,$,$);
#12747= IFCPROPERTYSINGLEVALUE('Reference',$,$,$);
#12748= IFCPROPERTYSINGLEVALUE('ThermalTransmittance',$,$,$);
#12749= IFCPROPERTYSET('1uLqu14KLCIhM$ja9Bi2kI',$,'Pset_WallCommon',$,(#12744,#12745,#12746,#12747,#12748));
#12750= IFCRELDEFINESBYPROPERTIES('1ioHlacJvF4hht4kLuoEr_',$,$,$,(#3940),#12749);
#12751= IFCQUANTITYLENGTH('Height',$,$,3200.,$);
#12752= IFCQUANTITYLENGTH('Length',$,$,4489.999999999998181,$);
#12753= IFCQUANTITYAREA('NetFootprintArea',$,$,0.044900000000004,$);
#12754= IFCQUANTITYAREA('NetSideArea',$,$,13.200600000000007,$);
#12755= IFCQUANTITYVOLUME('NetVolume',$,$,0.132006000000008,$);
#12756= IFCQUANTITYWEIGHT('NetWeight',$,$,171.607800000010457,$);
#12757= IFCQUANTITYLENGTH('Width',$,$,10.,$);
#12758= IFCELEMENTQUANTITY('0uOJq4mpX7Kh_mkeVPYtWl',$,'Qto_WallBaseQuantities',$,$,(#12751,#12752,#12753,#12754,#12755,#12756,#12757));
#12759= IFCRELDEFINESBYPROPERTIES('33VdCJdU51FwnOPa7Vvm1p',$,$,$,(#3940),#12758);
#12760= IFCPROPERTYSINGLEVALUE('BarAllocationType',$,IFCLABEL('(\X2\043D04350442\X0\)'),$);
#12761= IFCPROPERTYSET('1qcbS7VZv3exv_nogE4YX$',$,'Pset_ReinforcementBarPitchOfWall',$,(#12760));
#12762= IFCRELDEFINESBYPROPERTIES('0bPcKUIyL0t9Zo90VbrpBM',$,$,$,(#3994),#12761);
#12763= IFCPROPERTYSINGLEVALUE('Comment',$,$,$);
#12764= IFCPROPERTYSINGLEVALUE('Designation',$,$,$);
#12765= IFCPROPERTYSINGLEVALUE('FireRating',$,$,$);
#12766= IFCPROPERTYSINGLEVALUE('Reference',$,$,$);
#12767= IFCPROPERTYSINGLEVALUE('ThermalTransmittance',$,$,$);
#12768= IFCPROPERTYSET('0nJO7hVBH8tuabSnRqNgJU',$,'Pset_WallCommon',$,(#12763,#12764,#12765,#12766,#12767));
#12769= IFCRELDEFINESBYPROPERTIES('2dOyIYHwfDbOdJfmvrf6Sm',$,$,$,(#3994),#12768);
#12770= IFCQUANTITYLENGTH('Height',$,$,3200.,$);
#12771= IFCQUANTITYLENGTH('Length',$,$,4549.99999999998272,$);
#12772= IFCQUANTITYAREA('NetFootprintArea',$,$,0.0455,$);
#12773= IFCQUANTITYAREA('NetSideArea',$,$,11.276999999999935,$);
#12774= IFCQUANTITYVOLUME('NetVolume',$,$,0.112769999999999,$);
#12775= IFCQUANTITYWEIGHT('NetWeight',$,$,146.600999999999175,$);
#12776= IFCQUANTITYLENGTH('Width',$,$,10.,$);
#12777= IFCELEMENTQUANTITY('1iU_rSZE92xPO5SMcz2wGd',$,'Qto_WallBaseQuantities',$,$,(#12770,#12771,#12772,#12773,#12774,#12775,#12776));
#12778= IFCRELDEFINESBYPROPERTIES('10DZ_LidfFh9kSGPKp6_Iu',$,$,$,(#3994),#12777);
#12779= IFCPROPERTYSINGLEVALUE('BarAllocationType',$,IFCLABEL('(\X2\043D04350442\X0\)'),$);
#12780= IFCPROPERTYSET('2XQnZUXt1Dt922vTT67MtR',$,'Pset_ReinforcementBarPitchOfWall',$,(#12779));
#12781= IFCRELDEFINESBYPROPERTIES('1LL4XR3dP5KvXthWykO8VS',$,$,$,(#4055),#12780);
#12782= IFCPROPERTYSINGLEVALUE('Comment',$,$,$);
#12783= IFCPROPERTYSINGLEVALUE('Designation',$,$,$);
#12784= IFCPROPERTYSINGLEVALUE('FireRating',$,$,$);
#12785= IFCPROPERTYSINGLEVALUE('Reference',$,$,$);
#12786= IFCPROPERTYSINGLEVALUE('ThermalTransmittance',$,$,$);
#12787= IFCPROPERTYSET('3T_RUlS899jRCFvBYfnpq1',$,'Pset_WallCommon',$,(#12782,#12783,#12784,#12785,#12786));
#12788= IFCRELDEFINESBYPROPERTIES('1c7RFXaZj1TR0Mi75S7GL7',$,$,$,(#4055),#12787);
#12789= IFCQUANTITYLENGTH('Height',$,$,3200.,$);
#12790= IFCQUANTITYLENGTH('Length',$,$,4489.999999999996362,$);
#12791= IFCQUANTITYAREA('NetFootprintArea',$,$,0.044900000000004,$);
#12792= IFCQUANTITYAREA('NetSideArea',$,$,8.440599999999996,$);
#12793= IFCQUANTITYVOLUME('NetVolume',$,$,0.084406000000009,$);
#12794= IFCQUANTITYWEIGHT('NetWeight',$,$,109.727800000011882,$);
#12795= IFCQUANTITYLENGTH('Width',$,$,10.,$);
#12796= IFCELEMENTQUANTITY('3t35Xd8b17rOuFJk8b1Gfp',$,'Qto_WallBaseQuantities',$,$,(#12789,#12790,#12791,#12792,#12793,#12794,#12795));
#12797= IFCRELDEFINESBYPROPERTIES('3LUQ$vrxL5xvJ6O0Lf95KK',$,$,$,(#4055),#12796);
#12798= IFCPROPERTYSINGLEVALUE('BarAllocationType',$,IFCLABEL('(\X2\043D04350442\X0\)'),$);
#12799= IFCPROPERTYSET('2r5QLX1v95qPSXe7liQ3ik',$,'Pset_ReinforcementBarPitchOfWall',$,(#12798));
#12800= IFCRELDEFINESBYPROPERTIES('3EoWsLg6P5LQgiECesg8CO',$,$,$,(#4116),#12799);
#12801= IFCPROPERTYSINGLEVALUE('Comment',$,$,$);
#12802= IFCPROPERTYSINGLEVALUE('Designation',$,$,$);
#12803= IFCPROPERTYSINGLEVALUE('FireRating',$,$,$);
#12804= IFCPROPERTYSINGLEVALUE('Reference',$,$,$);
#12805= IFCPROPERTYSINGLEVALUE('ThermalTransmittance',$,$,$);
#12806= IFCPROPERTYSET('2GzoFhS2n6lggfG9hSCCIH',$,'Pset_WallCommon',$,(#12801,#12802,#12803,#12804,#12805));
#12807= IFCRELDEFINESBYPROPERTIES('0Xpxqa1E5B_RseoAnVjJpr',$,$,$,(#4116),#12806);
#12808= IFCQUANTITYLENGTH('Height',$,$,3200.,$);
#12809= IFCQUANTITYLENGTH('Length',$,$,4549.99999999998181,$);
#12810= IFCQUANTITYAREA('NetFootprintArea',$,$,0.0455,$);
#12811= IFCQUANTITYAREA('NetSideArea',$,$,9.176999999999937,$);
#12812= IFCQUANTITYVOLUME('NetVolume',$,$,0.091769999999999,$);
#12813= IFCQUANTITYWEIGHT('NetWeight',$,$,119.300999999999263,$);
#12814= IFCQUANTITYLENGTH('Width',$,$,10.,$);
#12815= IFCELEMENTQUANTITY('1pxRUcwZjALQFbB3d6jBkW',$,'Qto_WallBaseQuantities',$,$,(#12808,#12809,#12810,#12811,#12812,#12813,#12814));
#12816= IFCRELDEFINESBYPROPERTIES('16ZQdqSZT7i9vP1NH1tsaU',$,$,$,(#4116),#12815);
#12817= IFCPROPERTYSINGLEVALUE('BarAllocationType',$,IFCLABEL('(\X2\043D04350442\X0\)'),$);
#12818= IFCPROPERTYSET('1UQd_QxZr51fOnVTzRpBxH',$,'Pset_ReinforcementBarPitchOfWall',$,(#12817));
#12819= IFCRELDEFINESBYPROPERTIES('0flEQtXY1D1BzvUNhHULoQ',$,$,$,(#4173),#12818);
#12820= IFCPROPERTYSINGLEVALUE('Comment',$,$,$);
#12821= IFCPROPERTYSINGLEVALUE('Designation',$,$,$);
#12822= IFCPROPERTYSINGLEVALUE('FireRating',$,$,$);
#12823= IFCPROPERTYSINGLEVALUE('Reference',$,$,$);
#12824= IFCPROPERTYSINGLEVALUE('ThermalTransmittance',$,$,$);
#12825= IFCPROPERTYSET('2jFzDSXcv0UPxzAbhVCvzm',$,'Pset_WallCommon',$,(#12820,#12821,#12822,#12823,#12824));
#12826= IFCRELDEFINESBYPROPERTIES('1vv6WBopn8IRbecSHpIFp7',$,$,$,(#4173),#12825);
#12827= IFCQUANTITYLENGTH('Height',$,$,3200.,$);
#12828= IFCQUANTITYLENGTH('Length',$,$,4610.010799072815644,$);
#12829= IFCQUANTITYAREA('NetFootprintArea',$,$,0.046100107990734,$);
#12830= IFCQUANTITYAREA('NetSideArea',$,$,10.109431749274089,$);
#12831= IFCQUANTITYVOLUME('NetVolume',$,$,0.10109431749276,$);
#12832= IFCQUANTITYWEIGHT('NetWeight',$,$,131.422612740588249,$);
#12833= IFCQUANTITYLENGTH('Width',$,$,10.,$);
#12834= IFCELEMENTQUANTITY('2Mr8GL8zHAqAwZQSlwA2P6',$,'Qto_WallBaseQuantities',$,$,(#12827,#12828,#12829,#12830,#12831,#12832,#12833));
#12835= IFCRELDEFINESBYPROPERTIES('1K4A9wUZrDwxaGR24OR39n',$,$,$,(#4173),#12834);
#12836= IFCPROPERTYSINGLEVALUE('BarAllocationType',$,IFCLABEL('(\X2\043D04350442\X0\)'),$);
#12837= IFCPROPERTYSET('3nZlecRnnEivbHSCGkI65E',$,'Pset_ReinforcementBarPitchOfWall',$,(#12836));
#12838= IFCRELDEFINESBYPROPERTIES('1zXdPAwh99_hNko87Y6HrD',$,$,$,(#4236),#12837);
#12839= IFCPROPERTYSINGLEVALUE('Comment',$,$,$);
#12840= IFCPROPERTYSINGLEVALUE('Designation',$,$,$);
#12841= IFCPROPERTYSINGLEVALUE('FireRating',$,$,$);
#12842= IFCPROPERTYSINGLEVALUE('Reference',$,$,$);
#12843= IFCPROPERTYSINGLEVALUE('ThermalTransmittance',$,$,$);
#12844= IFCPROPERTYSET('3tRs0Be5zAfRe9KcyZ3FFc',$,'Pset_WallCommon',$,(#12839,#12840,#12841,#12842,#12843));
#12845= IFCRELDEFINESBYPROPERTIES('3BT4qRxN1AmRixizrr2tul',$,$,$,(#4236),#12844);
#12846= IFCQUANTITYLENGTH('Height',$,$,3200.,$);
#12847= IFCQUANTITYLENGTH('Length',$,$,11021.494600326099317,$);
#12848= IFCQUANTITYAREA('NetFootprintArea',$,$,2.20429892006522,$);
#12849= IFCQUANTITYAREA('NetSideArea',$,$,35.268782721043515,$);
#12850= IFCQUANTITYVOLUME('NetVolume',$,$,7.053756544208704,$);
#12851= IFCQUANTITYWEIGHT('NetWeight',$,$,16223.640051680018587,$);
#12852= IFCQUANTITYLENGTH('Width',$,$,200.,$);
#12853= IFCELEMENTQUANTITY('1YVkdAdRb1P9ilAYejFGXx',$,'Qto_WallBaseQuantities',$,$,(#12846,#12847,#12848,#12849,#12850,#12851,#12852));
#12854= IFCRELDEFINESBYPROPERTIES('3bKAZUrvPAiQj4ppm_orVH',$,$,$,(#4236),#12853);
#12855= IFCPROPERTYSINGLEVALUE('MassDensity',$,IFCMASSDENSITYMEASURE(2300.),$);
#12856= IFCMATERIALPROPERTIES('Pset_MaterialCommon',$,(#12855),#4293);
#12857= IFCPROPERTYSINGLEVALUE('ThermalConductivity',$,IFCTHERMALCONDUCTIVITYMEASURE(2.3),$);
#12858= IFCMATERIALPROPERTIES('Pset_MaterialThermal',$,(#12857),#4293);
#12859= IFCPROPERTYSINGLEVALUE('BarAllocationType',$,IFCLABEL('(\X2\043D04350442\X0\)'),$);
#12860= IFCPROPERTYSET('1OIfJ04e1EHgges$$aza31',$,'Pset_ReinforcementBarPitchOfWall',$,(#12859));
#12861= IFCRELDEFINESBYPROPERTIES('0vHRWFByr2M8_Pa1dsSR3v',$,$,$,(#4300),#12860);
#12862= IFCPROPERTYSINGLEVALUE('Comment',$,$,$);
#12863= IFCPROPERTYSINGLEVALUE('Designation',$,$,$);
#12864= IFCPROPERTYSINGLEVALUE('FireRating',$,$,$);
#12865= IFCPROPERTYSINGLEVALUE('Reference',$,$,$);
#12866= IFCPROPERTYSINGLEVALUE('ThermalTransmittance',$,$,$);
#12867= IFCPROPERTYSET('1Nc8n2tA51suGhBFhCSyfB',$,'Pset_WallCommon',$,(#12862,#12863,#12864,#12865,#12866));
#12868= IFCRELDEFINESBYPROPERTIES('0F3D2vwY56KvqMUV8T0Fs7',$,$,$,(#4300),#12867);
#12869= IFCQUANTITYLENGTH('Height',$,$,3200.,$);
#12870= IFCQUANTITYLENGTH('Length',$,$,5452.843934887197975,$);
#12871= IFCQUANTITYAREA('NetFootprintArea',$,$,1.09056878697744,$);
#12872= IFCQUANTITYAREA('NetSideArea',$,$,17.449100591639034,$);
#12873= IFCQUANTITYVOLUME('NetVolume',$,$,3.489820118327807,$);
#12874= IFCQUANTITYWEIGHT('NetWeight',$,$,8026.586272153956997,$);
#12875= IFCQUANTITYLENGTH('Width',$,$,200.,$);
#12876= IFCELEMENTQUANTITY('2t$IIgKdLFIBQvpbNVptuN',$,'Qto_WallBaseQuantities',$,$,(#12869,#12870,#12871,#12872,#12873,#12874,#12875));
#12877= IFCRELDEFINESBYPROPERTIES('081Ab_1B1DwgIf7WEfEY0M',$,$,$,(#4300),#12876);
#12878= IFCPROPERTYSINGLEVALUE('BarAllocationType',$,IFCLABEL('(\X2\043D04350442\X0\)'),$);
#12879= IFCPROPERTYSET('3VxV1kojjDQ9gJ6DPrznB9',$,'Pset_ReinforcementBarPitchOfWall',$,(#12878));
#12880= IFCRELDEFINESBYPROPERTIES('29ySFnROH77BwHp6X6CBtD',$,$,$,(#4354),#12879);
#12881= IFCPROPERTYSINGLEVALUE('Comment',$,$,$);
#12882= IFCPROPERTYSINGLEVALUE('Designation',$,$,$);
#12883= IFCPROPERTYSINGLEVALUE('FireRating',$,$,$);
#12884= IFCPROPERTYSINGLEVALUE('Reference',$,$,$);
#12885= IFCPROPERTYSINGLEVALUE('ThermalTransmittance',$,$,$);
#12886= IFCPROPERTYSET('1uX6S4p2fC4wT$O2l6RBXJ',$,'Pset_WallCommon',$,(#12881,#12882,#12883,#12884,#12885));
#12887= IFCRELDEFINESBYPROPERTIES('2do088PX93nvxyar5wJuiA',$,$,$,(#4354),#12886);
#12888= IFCQUANTITYLENGTH('Height',$,$,3200.,$);
#12889= IFCQUANTITYLENGTH('Length',$,$,11055.79501466664442,$);
#12890= IFCQUANTITYAREA('NetFootprintArea',$,$,2.031159002933329,$);
#12891= IFCQUANTITYAREA('NetSideArea',$,$,33.488544046933264,$);
#12892= IFCQUANTITYVOLUME('NetVolume',$,$,6.697708809386651,$);
#12893= IFCQUANTITYWEIGHT('NetWeight',$,$,15404.730261589296788,$);
#12894= IFCQUANTITYLENGTH('Width',$,$,200.,$);
#12895= IFCELEMENTQUANTITY('03_mjmmsDAmROpCu7Kl0Hj',$,'Qto_WallBaseQuantities',$,$,(#12888,#12889,#12890,#12891,#12892,#12893,#12894));
#12896= IFCRELDEFINESBYPROPERTIES('2tI4owoQD1ZAIcjjpqbRtS',$,$,$,(#4354),#12895);
#12897= IFCPRESENTATIONLAYERASSIGNMENT('A-M-Opening',$,(#4515,#4721,#4915,#5109,#5165,#5359,#5415,#5658,#5681,#5701,#5721,#5741,#5761,#5781,#5801,#5821,#5841,#5861,#5881,#5901,#5921,#5941,#5961,#5981,#6001,#6021,#6225,#6504,#6555,#6606,#6963,#7320,#7371,#7422,#7442,#7462,#7482,#7533,#7553,#7573,#7593,#7629,#7649,#7669,#7689,#7709,#7729,#7749,#7769,#7789,#7819),$);
#12898= IFCPROPERTYSINGLEVALUE('Reference',$,$,$);
#12899= IFCPROPERTYSET('2RgJtXo7DAZR6PAel8vQbB',$,'Pset_OpeningElementCommon',$,(#12898));
#12900= IFCRELDEFINESBYPROPERTIES('2S2SM2Qqj6X8Uq1r$Zgbr3',$,$,$,(#4523),#12899);
#12901= IFCQUANTITYAREA('Area',$,$,1.89,$);
#12902= IFCQUANTITYLENGTH('Height',$,$,2100.,$);
#12903= IFCQUANTITYLENGTH('Width',$,$,900.,$);
#12904= IFCELEMENTQUANTITY('3XrdjY_OX4V9H_wf6lNljM',$,'Qto_OpeningElementBaseQuantities',$,$,(#12901,#12902,#12903));
#12905= IFCRELDEFINESBYPROPERTIES('2hhwWiy9HBkPELex_WMAwl',$,$,$,(#4523),#12904);
#12906= IFCPRESENTATIONLAYERASSIGNMENT('A-M-Door',$,(#4680,#4687,#4886,#4893,#5080,#5087,#5140,#5147,#5330,#5337,#5390,#5397,#5616,#5623),$);
#12907= IFCPROPERTYSINGLEVALUE('Reference',$,$,$);
#12908= IFCPROPERTYSINGLEVALUE('ThermalTransmittance',$,$,$);
#12909= IFCPROPERTYSET('0XBuRGmUPCsfyu73I1Vvpj',$,'Pset_DoorCommon',$,(#12907,#12908));
#12910= IFCRELDEFINESBYPROPERTIES('0Qk9ZAWgb8IxtSNmcpw$jx',$,$,$,(#4524),#12909);
#12911= IFCQUANTITYAREA('Area',$,$,1.89,$);
#12912= IFCQUANTITYLENGTH('Height',$,$,2100.,$);
#12913= IFCQUANTITYLENGTH('Perimeter',$,$,6000.,$);
#12914= IFCQUANTITYLENGTH('Width',$,$,900.,$);
#12915= IFCELEMENTQUANTITY('0Qvw6_3P17DxlrS84pvKXG',$,'Qto_DoorBaseQuantities',$,$,(#12911,#12912,#12913,#12914));
#12916= IFCRELDEFINESBYPROPERTIES('1g8Or1gfL8Yf1OQ_cEUfkM',$,$,$,(#4524),#12915);
#12917= IFCPROPERTYSINGLEVALUE('FireRating',$,$,$);
#12918= IFCPROPERTYSET('0imnUd5D16mfPqpHI4UFU6',$,'Pset_DoorCommon',$,(#12917));
#12919= IFCPROPERTYSINGLEVALUE('MassDensity',$,IFCMASSDENSITYMEASURE(600.),$);
#12920= IFCMATERIALPROPERTIES('Pset_MaterialCommon',$,(#12919),#4699);
#12921= IFCPROPERTYSINGLEVALUE('ThermalConductivity',$,IFCTHERMALCONDUCTIVITYMEASURE(0.12),$);
#12922= IFCMATERIALPROPERTIES('Pset_MaterialThermal',$,(#12921),#4699);
#12923= IFCPROPERTYSINGLEVALUE('Reference',$,$,$);
#12924= IFCPROPERTYSET('1DY2QfcU50rxUyh138XEDC',$,'Pset_OpeningElementCommon',$,(#12923));
#12925= IFCRELDEFINESBYPROPERTIES('2FLoWYABb6kxWLYXCEl8s4',$,$,$,(#4729),#12924);
#12926= IFCQUANTITYAREA('Area',$,$,1.89,$);
#12927= IFCQUANTITYLENGTH('Height',$,$,2100.,$);
#12928= IFCQUANTITYLENGTH('Width',$,$,900.,$);
#12929= IFCELEMENTQUANTITY('1$sOFKJx5D4Oou2_3h$OCF',$,'Qto_OpeningElementBaseQuantities',$,$,(#12926,#12927,#12928));
#12930= IFCRELDEFINESBYPROPERTIES('1mI_K6HFnDz8Q00lb6QQqu',$,$,$,(#4729),#12929);
#12931= IFCPROPERTYSINGLEVALUE('Reference',$,$,$);
#12932= IFCPROPERTYSINGLEVALUE('ThermalTransmittance',$,$,$);
#12933= IFCPROPERTYSET('0R_Z2QnnjEmR1Ikgq07_Ut',$,'Pset_DoorCommon',$,(#12931,#12932));
#12934= IFCRELDEFINESBYPROPERTIES('1AJMrxJHj4oA7ZlgOvn2sx',$,$,$,(#4730),#12933);
#12935= IFCQUANTITYAREA('Area',$,$,1.89,$);
#12936= IFCQUANTITYLENGTH('Height',$,$,2100.,$);
#12937= IFCQUANTITYLENGTH('Perimeter',$,$,6000.,$);
#12938= IFCQUANTITYLENGTH('Width',$,$,900.,$);
#12939= IFCELEMENTQUANTITY('3L7ycaeZvBNOrOjr6QBNPk',$,'Qto_DoorBaseQuantities',$,$,(#12935,#12936,#12937,#12938));
#12940= IFCRELDEFINESBYPROPERTIES('1FJBieQJL2RwOH6$eOtiGA',$,$,$,(#4730),#12939);
#12941= IFCPROPERTYSINGLEVALUE('FireRating',$,$,$);
#12942= IFCPROPERTYSET('2BQSrefM93rh3WpXwIUJln',$,'Pset_DoorCommon',$,(#12941));
#12943= IFCPROPERTYSINGLEVALUE('Reference',$,$,$);
#12944= IFCPROPERTYSET('0L4TdM$_115vqFxBn7G2Ax',$,'Pset_OpeningElementCommon',$,(#12943));
#12945= IFCRELDEFINESBYPROPERTIES('1CVYZyzZbD89W3qngKNeng',$,$,$,(#4923),#12944);
#12946= IFCQUANTITYAREA('Area',$,$,1.89,$);
#12947= IFCQUANTITYLENGTH('Height',$,$,2100.,$);
#12948= IFCQUANTITYLENGTH('Width',$,$,900.,$);
#12949= IFCELEMENTQUANTITY('3QRPhynFz94fG_FnVyQ_u_',$,'Qto_OpeningElementBaseQuantities',$,$,(#12946,#12947,#12948));
#12950= IFCRELDEFINESBYPROPERTIES('3kW7SSFFj5CgoMs84BX_n0',$,$,$,(#4923),#12949);
#12951= IFCPROPERTYSINGLEVALUE('Reference',$,$,$);
#12952= IFCPROPERTYSINGLEVALUE('ThermalTransmittance',$,$,$);
#12953= IFCPROPERTYSET('1KgCSOK0L58wiRNMf$2S8A',$,'Pset_DoorCommon',$,(#12951,#12952));
#12954= IFCRELDEFINESBYPROPERTIES('24mbrLYgj9nOIcl5ndS$9W',$,$,$,(#4924),#12953);
#12955= IFCQUANTITYAREA('Area',$,$,1.89,$);
#12956= IFCQUANTITYLENGTH('Height',$,$,2100.,$);
#12957= IFCQUANTITYLENGTH('Perimeter',$,$,6000.,$);
#12958= IFCQUANTITYLENGTH('Width',$,$,900.,$);
#12959= IFCELEMENTQUANTITY('0uMcqWN3j6MwOonoiA28$2',$,'Qto_DoorBaseQuantities',$,$,(#12955,#12956,#12957,#12958));
#12960= IFCRELDEFINESBYPROPERTIES('0vaWO7RiTAV8jmiMN7xNOU',$,$,$,(#4924),#12959);
#12961= IFCPROPERTYSINGLEVALUE('FireRating',$,$,$);
#12962= IFCPROPERTYSET('0ksZZnqYf9_uD3H9W4fQOE',$,'Pset_DoorCommon',$,(#12961));
#12963= IFCPROPERTYSINGLEVALUE('Reference',$,$,$);
#12964= IFCPROPERTYSET('3OODbJ6kf7fxizo9jyzSQe',$,'Pset_OpeningElementCommon',$,(#12963));
#12965= IFCRELDEFINESBYPROPERTIES('3Rl6LZAuH1Bx7ArhL0lEIR',$,$,$,(#5117),#12964);
#12966= IFCQUANTITYAREA('Area',$,$,1.89,$);
#12967= IFCQUANTITYLENGTH('Height',$,$,2100.,$);
#12968= IFCQUANTITYLENGTH('Width',$,$,900.,$);
#12969= IFCELEMENTQUANTITY('10XmBcYfzB$x3sMKaSdMY2',$,'Qto_OpeningElementBaseQuantities',$,$,(#12966,#12967,#12968));
#12970= IFCRELDEFINESBYPROPERTIES('2dxAeRDfrEQBL2IxXZ6DHw',$,$,$,(#5117),#12969);
#12971= IFCPROPERTYSINGLEVALUE('Reference',$,$,$);
#12972= IFCPROPERTYSINGLEVALUE('ThermalTransmittance',$,$,$);
#12973= IFCPROPERTYSET('0aoXTFEc15Du9cxnbPqrJX',$,'Pset_DoorCommon',$,(#12971,#12972));
#12974= IFCRELDEFINESBYPROPERTIES('1auRGgYvT4dxhaXtndy9Aj',$,$,$,(#5118),#12973);
#12975= IFCQUANTITYAREA('Area',$,$,1.89,$);
#12976= IFCQUANTITYLENGTH('Height',$,$,2100.,$);
#12977= IFCQUANTITYLENGTH('Perimeter',$,$,6000.,$);
#12978= IFCQUANTITYLENGTH('Width',$,$,900.,$);
#12979= IFCELEMENTQUANTITY('3k7RRsfkj3W9JTrgqxGIUB',$,'Qto_DoorBaseQuantities',$,$,(#12975,#12976,#12977,#12978));
#12980= IFCRELDEFINESBYPROPERTIES('2vE$AVu0n7V9Q2AP7J9ZNs',$,$,$,(#5118),#12979);
#12981= IFCPROPERTYSINGLEVALUE('Reference',$,$,$);
#12982= IFCPROPERTYSET('1Qr9eK0u9AFwCobZDLLCNh',$,'Pset_OpeningElementCommon',$,(#12981));
#12983= IFCRELDEFINESBYPROPERTIES('2ItJzXiyv80BJpe1tfmqNH',$,$,$,(#5173),#12982);
#12984= IFCQUANTITYAREA('Area',$,$,2.1,$);
#12985= IFCQUANTITYLENGTH('Height',$,$,2100.,$);
#12986= IFCQUANTITYLENGTH('Width',$,$,1000.,$);
#12987= IFCELEMENTQUANTITY('0uQGev3g1CmezZTf3khekK',$,'Qto_OpeningElementBaseQuantities',$,$,(#12984,#12985,#12986));
#12988= IFCRELDEFINESBYPROPERTIES('3VJKMEPpj338BvzVxmklkp',$,$,$,(#5173),#12987);
#12989= IFCPROPERTYSINGLEVALUE('Reference',$,$,$);
#12990= IFCPROPERTYSINGLEVALUE('ThermalTransmittance',$,$,$);
#12991= IFCPROPERTYSET('1kbL$3R799Wfw3WC2Xmyfp',$,'Pset_DoorCommon',$,(#12989,#12990));
#12992= IFCRELDEFINESBYPROPERTIES('2cOLmYuNLBZw6Tw2WpFUwW',$,$,$,(#5174),#12991);
#12993= IFCQUANTITYAREA('Area',$,$,2.1,$);
#12994= IFCQUANTITYLENGTH('Height',$,$,2100.,$);
#12995= IFCQUANTITYLENGTH('Perimeter',$,$,6200.,$);
#12996= IFCQUANTITYLENGTH('Width',$,$,1000.,$);
#12997= IFCELEMENTQUANTITY('3UR7FXY3z3rh_oH4NlGQF2',$,'Qto_DoorBaseQuantities',$,$,(#12993,#12994,#12995,#12996));
#12998= IFCRELDEFINESBYPROPERTIES('1SMoLikpb1HPJbE40V52Eh',$,$,$,(#5174),#12997);
#12999= IFCPROPERTYSINGLEVALUE('FireRating',$,$,$);
#13000= IFCPROPERTYSET('2ROWhxJXX2XuAARxs9$mv4',$,'Pset_DoorCommon',$,(#12999));
#13001= IFCPROPERTYSINGLEVALUE('Reference',$,$,$);
#13002= IFCPROPERTYSET('0A9ng9I59D39IB962YA5li',$,'Pset_OpeningElementCommon',$,(#13001));
#13003= IFCRELDEFINESBYPROPERTIES('2NsR9P2Yv6dPYtDjTB9Aag',$,$,$,(#5367),#13002);
#13004= IFCQUANTITYAREA('Area',$,$,2.1,$);
#13005= IFCQUANTITYLENGTH('Height',$,$,2100.,$);
#13006= IFCQUANTITYLENGTH('Width',$,$,1000.,$);
#13007= IFCELEMENTQUANTITY('1H1e_1Wo92ngHTgxSX$MPk',$,'Qto_OpeningElementBaseQuantities',$,$,(#13004,#13005,#13006));
#13008= IFCRELDEFINESBYPROPERTIES('0erCqk1x50vw31_uMb2Y9i',$,$,$,(#5367),#13007);
#13009= IFCPROPERTYSINGLEVALUE('Reference',$,$,$);
#13010= IFCPROPERTYSINGLEVALUE('ThermalTransmittance',$,$,$);
#13011= IFCPROPERTYSET('0$25KQs4P6FPQPRl$$l7uZ',$,'Pset_DoorCommon',$,(#13009,#13010));
#13012= IFCRELDEFINESBYPROPERTIES('14xzCh0dLAKQsOu83BOAoM',$,$,$,(#5368),#13011);
#13013= IFCQUANTITYAREA('Area',$,$,2.1,$);
#13014= IFCQUANTITYLENGTH('Height',$,$,2100.,$);
#13015= IFCQUANTITYLENGTH('Perimeter',$,$,6200.,$);
#13016= IFCQUANTITYLENGTH('Width',$,$,1000.,$);
#13017= IFCELEMENTQUANTITY('3SXRDXeTL1J885B5AVZZc4',$,'Qto_DoorBaseQuantities',$,$,(#13013,#13014,#13015,#13016));
#13018= IFCRELDEFINESBYPROPERTIES('0lZRW3lJL7$Rm2r_Iaw2vE',$,$,$,(#5368),#13017);
#13019= IFCPROPERTYSINGLEVALUE('Reference',$,$,$);
#13020= IFCPROPERTYSET('0Af7Kru6z3FBbPMRp674lf',$,'Pset_OpeningElementCommon',$,(#13019));
#13021= IFCRELDEFINESBYPROPERTIES('2t51ZauOPE7ecxXRL3mWyT',$,$,$,(#5423),#13020);
#13022= IFCQUANTITYAREA('Area',$,$,3.444,$);
#13023= IFCQUANTITYLENGTH('Height',$,$,2100.,$);
#13024= IFCQUANTITYLENGTH('Width',$,$,1640.,$);
#13025= IFCELEMENTQUANTITY('1Z$eGJvKLF0P$QcwE9_mee',$,'Qto_OpeningElementBaseQuantities',$,$,(#13022,#13023,#13024));
#13026= IFCRELDEFINESBYPROPERTIES('1hD7jewLP3a9_I4zsK4KfB',$,$,$,(#5423),#13025);
#13027= IFCPROPERTYSINGLEVALUE('Reference',$,$,$);
#13028= IFCPROPERTYSINGLEVALUE('ThermalTransmittance',$,$,$);
#13029= IFCPROPERTYSET('1hRI3dHubDBhCx8chJCpBc',$,'Pset_DoorCommon',$,(#13027,#13028));
#13030= IFCRELDEFINESBYPROPERTIES('3KPOjuRBL3DR9sVZydK$1K',$,$,$,(#5424),#13029);
#13031= IFCQUANTITYAREA('Area',$,$,3.444,$);
#13032= IFCQUANTITYLENGTH('Height',$,$,2100.,$);
#13033= IFCQUANTITYLENGTH('Perimeter',$,$,7480.,$);
#13034= IFCQUANTITYLENGTH('Width',$,$,1640.,$);
#13035= IFCELEMENTQUANTITY('1nrisnWcD2RxibfDdIxonU',$,'Qto_DoorBaseQuantities',$,$,(#13031,#13032,#13033,#13034));
#13036= IFCRELDEFINESBYPROPERTIES('100KbDAfXEdxMuhzL1jV7W',$,$,$,(#5424),#13035);
#13037= IFCPROPERTYSINGLEVALUE('FireRating',$,$,$);
#13038= IFCPROPERTYSET('3zMo_R0Gb1B87gWY88Yfts',$,'Pset_DoorCommon',$,(#13037));
#13039= IFCPROPERTYSINGLEVALUE('MassDensity',$,IFCMASSDENSITYMEASURE(600.),$);
#13040= IFCMATERIALPROPERTIES('Pset_MaterialCommon',$,(#13039),#5636);
#13041= IFCPROPERTYSINGLEVALUE('ThermalConductivity',$,IFCTHERMALCONDUCTIVITYMEASURE(0.12),$);
#13042= IFCMATERIALPROPERTIES('Pset_MaterialThermal',$,(#13041),#5636);
#13043= IFCPROPERTYSINGLEVALUE('Reference',$,$,$);
#13044= IFCPROPERTYSET('2OH0Ak3c95MxaF6FexyKUE',$,'Pset_OpeningElementCommon',$,(#13043));
#13045= IFCRELDEFINESBYPROPERTIES('0qi1bggjL8Ih2MLbHqLdSM',$,$,$,(#5670),#13044);
#13046= IFCQUANTITYAREA('Area',$,$,4.2,$);
#13047= IFCQUANTITYLENGTH('Height',$,$,2100.,$);
#13048= IFCQUANTITYLENGTH('Width',$,$,2000.,$);
#13049= IFCELEMENTQUANTITY('0ZV_TligTCqvXeBcb_9533',$,'Qto_OpeningElementBaseQuantities',$,$,(#13046,#13047,#13048));
#13050= IFCRELDEFINESBYPROPERTIES('3yycBseRj9ahUbbdU8lZ77',$,$,$,(#5670),#13049);
#13051= IFCPROPERTYSINGLEVALUE('Reference',$,$,$);
#13052= IFCPROPERTYSET('3nckHl3PvFCRDJ1pcOM$1l',$,'Pset_OpeningElementCommon',$,(#13051));
#13053= IFCRELDEFINESBYPROPERTIES('1Y3hq$vv99uBE2OKCL1uYP',$,$,$,(#5690),#13052);
#13054= IFCQUANTITYAREA('Area',$,$,2.1,$);
#13055= IFCQUANTITYLENGTH('Height',$,$,2100.,$);
#13056= IFCQUANTITYLENGTH('Width',$,$,1000.,$);
#13057= IFCELEMENTQUANTITY('3XAD8P5aL8whyKu6oKSgcx',$,'Qto_OpeningElementBaseQuantities',$,$,(#13054,#13055,#13056));
#13058= IFCRELDEFINESBYPROPERTIES('1DK6x7sQbCMgQMIFxlQa1d',$,$,$,(#5690),#13057);
#13059= IFCPROPERTYSINGLEVALUE('Reference',$,$,$);
#13060= IFCPROPERTYSET('1KC1P_H$PD8Q3ukJxxrA0U',$,'Pset_OpeningElementCommon',$,(#13059));
#13061= IFCRELDEFINESBYPROPERTIES('0EAb7gPEnBZB8mZXxQfBv6',$,$,$,(#5710),#13060);
#13062= IFCQUANTITYAREA('Area',$,$,2.1,$);
#13063= IFCQUANTITYLENGTH('Height',$,$,2100.,$);
#13064= IFCQUANTITYLENGTH('Width',$,$,1000.,$);
#13065= IFCELEMENTQUANTITY('2QOGOcuMLC0gsONfDFbp0M',$,'Qto_OpeningElementBaseQuantities',$,$,(#13062,#13063,#13064));
#13066= IFCRELDEFINESBYPROPERTIES('3ppmmz8qTA_fxcQSwNAO6g',$,$,$,(#5710),#13065);
#13067= IFCPROPERTYSINGLEVALUE('Reference',$,$,$);
#13068= IFCPROPERTYSET('1hIgFLPObCpOQfH3dUX0Lu',$,'Pset_OpeningElementCommon',$,(#13067));
#13069= IFCRELDEFINESBYPROPERTIES('0WiRJMEjT869h7z$KPqmWO',$,$,$,(#5730),#13068);
#13070= IFCQUANTITYAREA('Area',$,$,1.89,$);
#13071= IFCQUANTITYLENGTH('Height',$,$,2100.,$);
#13072= IFCQUANTITYLENGTH('Width',$,$,900.,$);
#13073= IFCELEMENTQUANTITY('1E_Qb9R4nA7AH2owvS$Pb2',$,'Qto_OpeningElementBaseQuantities',$,$,(#13070,#13071,#13072));
#13074= IFCRELDEFINESBYPROPERTIES('3qUN92$ovEhQ7BLmoWrPgJ',$,$,$,(#5730),#13073);
#13075= IFCPROPERTYSINGLEVALUE('Reference',$,$,$);
#13076= IFCPROPERTYSET('1fcV689Az8guAmubOMBO81',$,'Pset_OpeningElementCommon',$,(#13075));
#13077= IFCRELDEFINESBYPROPERTIES('1g2Oy__5n76wYr9h_mQ8Io',$,$,$,(#5750),#13076);
#13078= IFCQUANTITYAREA('Area',$,$,2.1,$);
#13079= IFCQUANTITYLENGTH('Height',$,$,2100.,$);
#13080= IFCQUANTITYLENGTH('Width',$,$,1000.,$);
#13081= IFCELEMENTQUANTITY('0t_P$0cOr0Rv4pcAWNy46I',$,'Qto_OpeningElementBaseQuantities',$,$,(#13078,#13079,#13080));
#13082= IFCRELDEFINESBYPROPERTIES('3CJF7QX454dRH4w_r1SEmq',$,$,$,(#5750),#13081);
#13083= IFCPROPERTYSINGLEVALUE('Reference',$,$,$);
#13084= IFCPROPERTYSET('1eppoibwP2$hILn49L4h36',$,'Pset_OpeningElementCommon',$,(#13083));
#13085= IFCRELDEFINESBYPROPERTIES('3cvLXeeR9F7xcfOufeO_Yz',$,$,$,(#5770),#13084);
#13086= IFCQUANTITYAREA('Area',$,$,1.89,$);
#13087= IFCQUANTITYLENGTH('Height',$,$,2100.,$);
#13088= IFCQUANTITYLENGTH('Width',$,$,900.,$);
#13089= IFCELEMENTQUANTITY('35JAqdSI10f9$UiNDFy2f2',$,'Qto_OpeningElementBaseQuantities',$,$,(#13086,#13087,#13088));
#13090= IFCRELDEFINESBYPROPERTIES('3CNJhzuZb83g19$WdFakH5',$,$,$,(#5770),#13089);
#13091= IFCPROPERTYSINGLEVALUE('Reference',$,$,$);
#13092= IFCPROPERTYSET('1A4zhSsdTD7vBRLhQ3AeXO',$,'Pset_OpeningElementCommon',$,(#13091));
#13093= IFCRELDEFINESBYPROPERTIES('3hfofiXMz2vBXDimzHF2O8',$,$,$,(#5790),#13092);
#13094= IFCQUANTITYAREA('Area',$,$,1.89,$);
#13095= IFCQUANTITYLENGTH('Height',$,$,2100.,$);
#13096= IFCQUANTITYLENGTH('Width',$,$,900.,$);
#13097= IFCELEMENTQUANTITY('1IGm5nFc1BRePHWCQI0Iyf',$,'Qto_OpeningElementBaseQuantities',$,$,(#13094,#13095,#13096));
#13098= IFCRELDEFINESBYPROPERTIES('3cPjm72_f07wW3UrFt_WAK',$,$,$,(#5790),#13097);
#13099= IFCPROPERTYSINGLEVALUE('Reference',$,$,$);
#13100= IFCPROPERTYSET('2NTuoMI_92K95AQBoN8dUJ',$,'Pset_OpeningElementCommon',$,(#13099));
#13101= IFCRELDEFINESBYPROPERTIES('3nUuNzr5f9XxhQJ5A0jVg5',$,$,$,(#5810),#13100);
#13102= IFCQUANTITYAREA('Area',$,$,1.89,$);
#13103= IFCQUANTITYLENGTH('Height',$,$,2100.,$);
#13104= IFCQUANTITYLENGTH('Width',$,$,900.,$);
#13105= IFCELEMENTQUANTITY('3DAUrmSAj6KhzXhHspcFzz',$,'Qto_OpeningElementBaseQuantities',$,$,(#13102,#13103,#13104));
#13106= IFCRELDEFINESBYPROPERTIES('1hdIQff8X9Gxes3TTU2xmf',$,$,$,(#5810),#13105);
#13107= IFCPROPERTYSINGLEVALUE('Reference',$,$,$);
#13108= IFCPROPERTYSET('0zW_Gn8YH30xvDB6IBZusz',$,'Pset_OpeningElementCommon',$,(#13107));
#13109= IFCRELDEFINESBYPROPERTIES('3XuweLxEf9yBV2SqNEO5Od',$,$,$,(#5830),#13108);
#13110= IFCQUANTITYAREA('Area',$,$,4.2,$);
#13111= IFCQUANTITYLENGTH('Height',$,$,2100.,$);
#13112= IFCQUANTITYLENGTH('Width',$,$,2000.,$);
#13113= IFCELEMENTQUANTITY('3N_2UFXMf64hLczeyuK2dr',$,'Qto_OpeningElementBaseQuantities',$,$,(#13110,#13111,#13112));
#13114= IFCRELDEFINESBYPROPERTIES('38q79F0_XFyQkkPvcuWb6u',$,$,$,(#5830),#13113);
#13115= IFCPROPERTYSINGLEVALUE('Reference',$,$,$);
#13116= IFCPROPERTYSET('1eyOGXzxzEXwjQw14RSmz2',$,'Pset_OpeningElementCommon',$,(#13115));
#13117= IFCRELDEFINESBYPROPERTIES('2Kcq3nCLb4txYbkz$FnCFh',$,$,$,(#5850),#13116);
#13118= IFCQUANTITYAREA('Area',$,$,2.1,$);
#13119= IFCQUANTITYLENGTH('Height',$,$,2100.,$);
#13120= IFCQUANTITYLENGTH('Width',$,$,1000.,$);
#13121= IFCELEMENTQUANTITY('3AjErdlJH1LxeblXEJ9ODw',$,'Qto_OpeningElementBaseQuantities',$,$,(#13118,#13119,#13120));
#13122= IFCRELDEFINESBYPROPERTIES('3G9PYB8Yb7ZxZuuMil5czB',$,$,$,(#5850),#13121);
#13123= IFCPROPERTYSINGLEVALUE('Reference',$,$,$);
#13124= IFCPROPERTYSET('3xOFZEiJbET8rnfsmuxDp8',$,'Pset_OpeningElementCommon',$,(#13123));
#13125= IFCRELDEFINESBYPROPERTIES('0uLvHtHij94BKgUUpnmOlA',$,$,$,(#5870),#13124);
#13126= IFCQUANTITYAREA('Area',$,$,1.89,$);
#13127= IFCQUANTITYLENGTH('Height',$,$,2100.,$);
#13128= IFCQUANTITYLENGTH('Width',$,$,900.,$);
#13129= IFCELEMENTQUANTITY('1yX_AjncT96xUw6fLZy6wg',$,'Qto_OpeningElementBaseQuantities',$,$,(#13126,#13127,#13128));
#13130= IFCRELDEFINESBYPROPERTIES('2J3N5dNMP7KOeqI5nU6$n7',$,$,$,(#5870),#13129);
#13131= IFCPROPERTYSINGLEVALUE('Reference',$,$,$);
#13132= IFCPROPERTYSET('0ckEurX796reOOW739jgG5',$,'Pset_OpeningElementCommon',$,(#13131));
#13133= IFCRELDEFINESBYPROPERTIES('114Z64h6nCnwfJM_TivWXs',$,$,$,(#5890),#13132);
#13134= IFCQUANTITYAREA('Area',$,$,3.444,$);
#13135= IFCQUANTITYLENGTH('Height',$,$,2100.,$);
#13136= IFCQUANTITYLENGTH('Width',$,$,1640.,$);
#13137= IFCELEMENTQUANTITY('1UW9CAeSD6KwC0enXnVdFu',$,'Qto_OpeningElementBaseQuantities',$,$,(#13134,#13135,#13136));
#13138= IFCRELDEFINESBYPROPERTIES('3mAAu3yW98_uxerSdKBpJj',$,$,$,(#5890),#13137);
#13139= IFCPROPERTYSINGLEVALUE('Reference',$,$,$);
#13140= IFCPROPERTYSET('0gDvuwUPT5EfXyPU9WwbVJ',$,'Pset_OpeningElementCommon',$,(#13139));
#13141= IFCRELDEFINESBYPROPERTIES('2EiRxvDA5F3PDXaB2r$wIT',$,$,$,(#5910),#13140);
#13142= IFCQUANTITYAREA('Area',$,$,4.2,$);
#13143= IFCQUANTITYLENGTH('Height',$,$,2100.,$);
#13144= IFCQUANTITYLENGTH('Width',$,$,2000.,$);
#13145= IFCELEMENTQUANTITY('04pJlH59j41AlA0MgWd3_B',$,'Qto_OpeningElementBaseQuantities',$,$,(#13142,#13143,#13144));
#13146= IFCRELDEFINESBYPROPERTIES('2KxEjaud94y8M4pRLee3Fo',$,$,$,(#5910),#13145);
#13147= IFCPROPERTYSINGLEVALUE('Reference',$,$,$);
#13148= IFCPROPERTYSET('0vX_zNPA14MufMF8iI8cR_',$,'Pset_OpeningElementCommon',$,(#13147));
#13149= IFCRELDEFINESBYPROPERTIES('1q3VHkdRL1XBZjPeUL5Qn7',$,$,$,(#5930),#13148);
#13150= IFCQUANTITYAREA('Area',$,$,1.89,$);
#13151= IFCQUANTITYLENGTH('Height',$,$,2100.,$);
#13152= IFCQUANTITYLENGTH('Width',$,$,900.,$);
#13153= IFCELEMENTQUANTITY('3APv1SEyD22vsfMyUwE7U0',$,'Qto_OpeningElementBaseQuantities',$,$,(#13150,#13151,#13152));
#13154= IFCRELDEFINESBYPROPERTIES('31cSanrsX8KBqMb5Ucy7QC',$,$,$,(#5930),#13153);
#13155= IFCPROPERTYSINGLEVALUE('Reference',$,$,$);
#13156= IFCPROPERTYSET('1Pqjss0n1FL9fJxN2SE72I',$,'Pset_OpeningElementCommon',$,(#13155));
#13157= IFCRELDEFINESBYPROPERTIES('0nE5cSR4H078fzc6rWxkl0',$,$,$,(#5950),#13156);
#13158= IFCQUANTITYAREA('Area',$,$,3.444,$);
#13159= IFCQUANTITYLENGTH('Height',$,$,2100.,$);
#13160= IFCQUANTITYLENGTH('Width',$,$,1640.,$);
#13161= IFCELEMENTQUANTITY('1NO4ICqM54h9T46TbeF$Bp',$,'Qto_OpeningElementBaseQuantities',$,$,(#13158,#13159,#13160));
#13162= IFCRELDEFINESBYPROPERTIES('10IZsyatXF8RbpgUQpGDL0',$,$,$,(#5950),#13161);
#13163= IFCPROPERTYSINGLEVALUE('Reference',$,$,$);
#13164= IFCPROPERTYSET('2nEGEAEhL8CAliw$CPD9G$',$,'Pset_OpeningElementCommon',$,(#13163));
#13165= IFCRELDEFINESBYPROPERTIES('1DQ04xd2T9UhhHMSE6cCOO',$,$,$,(#5970),#13164);
#13166= IFCQUANTITYAREA('Area',$,$,1.89,$);
#13167= IFCQUANTITYLENGTH('Height',$,$,2100.,$);
#13168= IFCQUANTITYLENGTH('Width',$,$,900.,$);
#13169= IFCELEMENTQUANTITY('35LC6aMr9Apu0dxgPGjDJV',$,'Qto_OpeningElementBaseQuantities',$,$,(#13166,#13167,#13168));
#13170= IFCRELDEFINESBYPROPERTIES('0b8jugV7XEJwk1habbPbzX',$,$,$,(#5970),#13169);
#13171= IFCPROPERTYSINGLEVALUE('Reference',$,$,$);
#13172= IFCPROPERTYSET('08zSqlCsD3ewn2HNlQBFrN',$,'Pset_OpeningElementCommon',$,(#13171));
#13173= IFCRELDEFINESBYPROPERTIES('2wVkwRPhDBs8u21NdtmRD7',$,$,$,(#5990),#13172);
#13174= IFCQUANTITYAREA('Area',$,$,1.89,$);
#13175= IFCQUANTITYLENGTH('Height',$,$,2100.,$);
#13176= IFCQUANTITYLENGTH('Width',$,$,900.,$);
#13177= IFCELEMENTQUANTITY('0mxq$rYYvFEeGBUj7td3pn',$,'Qto_OpeningElementBaseQuantities',$,$,(#13174,#13175,#13176));
#13178= IFCRELDEFINESBYPROPERTIES('18oLIGNPf1yxnHj2sVQlQd',$,$,$,(#5990),#13177);
#13179= IFCPROPERTYSINGLEVALUE('Reference',$,$,$);
#13180= IFCPROPERTYSET('3CFlsxGyXEwgtqTaKMBdgh',$,'Pset_OpeningElementCommon',$,(#13179));
#13181= IFCRELDEFINESBYPROPERTIES('0tjnv4WhH7lgwj6h_T59m7',$,$,$,(#6010),#13180);
#13182= IFCQUANTITYAREA('Area',$,$,1.89,$);
#13183= IFCQUANTITYLENGTH('Height',$,$,2100.,$);
#13184= IFCQUANTITYLENGTH('Width',$,$,900.,$);
#13185= IFCELEMENTQUANTITY('2qG13P0Rz2WB8Rb9Js5tRQ',$,'Qto_OpeningElementBaseQuantities',$,$,(#13182,#13183,#13184));
#13186= IFCRELDEFINESBYPROPERTIES('2kZkWZ_Sf25h8ZArr2q8Au',$,$,$,(#6010),#13185);
#13187= IFCPROPERTYSINGLEVALUE('Reference',$,$,$);
#13188= IFCPROPERTYSET('3O45bTNqDA6wLs6lYVLCpy',$,'Pset_OpeningElementCommon',$,(#13187));
#13189= IFCRELDEFINESBYPROPERTIES('1a9JYQedP2KQAEPcFhn94H',$,$,$,(#6030),#13188);
#13190= IFCQUANTITYAREA('Area',$,$,0.72,$);
#13191= IFCQUANTITYLENGTH('Height',$,$,600.,$);
#13192= IFCQUANTITYLENGTH('Width',$,$,1200.,$);
#13193= IFCELEMENTQUANTITY('3SAEqtHEH3RwDnoW4yhkoY',$,'Qto_OpeningElementBaseQuantities',$,$,(#13190,#13191,#13192));
#13194= IFCRELDEFINESBYPROPERTIES('1yuuFbqjP7YPSNaltWxdMA',$,$,$,(#6030),#13193);
#13195= IFCPRESENTATIONLAYERASSIGNMENT('A-M-Window',$,(#6192,#6198,#6473,#6479,#6529,#6535,#6580,#6586,#6931,#6937,#7288,#7294,#7345,#7351,#7396,#7402,#7507,#7513),$);
#13196= IFCPROPERTYSINGLEVALUE('HasSillExternal',$,IFCBOOLEAN(.F.),$);
#13197= IFCPROPERTYSINGLEVALUE('HasSillInternal',$,IFCBOOLEAN(.F.),$);
#13198= IFCPROPERTYSINGLEVALUE('Reference',$,$,$);
#13199= IFCPROPERTYSINGLEVALUE('ThermalTransmittance',$,$,$);
#13200= IFCPROPERTYSET('0NCMwyT2PCdxuLKt5JOAJw',$,'Pset_WindowCommon',$,(#13196,#13197,#13198,#13199));
#13201= IFCRELDEFINESBYPROPERTIES('35FCBTpGb5qeNqV2Kp8cxj',$,$,$,(#6031),#13200);
#13202= IFCQUANTITYAREA('Area',$,$,0.72,$);
#13203= IFCQUANTITYLENGTH('Height',$,$,600.,$);
#13204= IFCQUANTITYLENGTH('Perimeter',$,$,3600.,$);
#13205= IFCQUANTITYLENGTH('Width',$,$,1200.,$);
#13206= IFCELEMENTQUANTITY('1pnQKke8TFQx6dXiTIINaI',$,'Qto_WindowBaseQuantities',$,$,(#13202,#13203,#13204,#13205));
#13207= IFCRELDEFINESBYPROPERTIES('27FyP5TQD3BQ8xzvgC92K6',$,$,$,(#6031),#13206);
#13208= IFCPROPERTYSINGLEVALUE('FireRating',$,$,$);
#13209= IFCPROPERTYSET('1jLC81p4TFS8zxKTpmKhj$',$,'Pset_WindowCommon',$,(#13208));
#13210= IFCPROPERTYSINGLEVALUE('Reference',$,$,$);
#13211= IFCPROPERTYSET('1$X$rRJ3nA28o$sqqhIjJ8',$,'Pset_OpeningElementCommon',$,(#13210));
#13212= IFCRELDEFINESBYPROPERTIES('2KQJ6wsN539QDzddDxZ$sh',$,$,$,(#6234),#13211);
#13213= IFCQUANTITYAREA('Area',$,$,1.53,$);
#13214= IFCQUANTITYLENGTH('Height',$,$,1700.,$);
#13215= IFCQUANTITYLENGTH('Width',$,$,900.,$);
#13216= IFCELEMENTQUANTITY('1QMBOPlm964gLzUkOy_GbR',$,'Qto_OpeningElementBaseQuantities',$,$,(#13213,#13214,#13215));
#13217= IFCRELDEFINESBYPROPERTIES('3qo6DJO3zDhwGxblSOuEbl',$,$,$,(#6234),#13216);
#13218= IFCPROPERTYSINGLEVALUE('HasSillExternal',$,IFCBOOLEAN(.F.),$);
#13219= IFCPROPERTYSINGLEVALUE('HasSillInternal',$,IFCBOOLEAN(.F.),$);
#13220= IFCPROPERTYSINGLEVALUE('Reference',$,$,$);
#13221= IFCPROPERTYSINGLEVALUE('ThermalTransmittance',$,$,$);
#13222= IFCPROPERTYSET('1SilyNmUHEoBiQNzRrCryr',$,'Pset_WindowCommon',$,(#13218,#13219,#13220,#13221));
#13223= IFCRELDEFINESBYPROPERTIES('2xt3zJburABBlK3JDqM37$',$,$,$,(#6235),#13222);
#13224= IFCQUANTITYAREA('Area',$,$,1.53,$);
#13225= IFCQUANTITYLENGTH('Height',$,$,1700.,$);
#13226= IFCQUANTITYLENGTH('Perimeter',$,$,5200.,$);
#13227= IFCQUANTITYLENGTH('Width',$,$,900.,$);
#13228= IFCELEMENTQUANTITY('2XU1Aosy13KQ1v1a$gZQRK',$,'Qto_WindowBaseQuantities',$,$,(#13224,#13225,#13226,#13227));
#13229= IFCRELDEFINESBYPROPERTIES('2STfRhqwvDLPpX$k1eyvV9',$,$,$,(#6235),#13228);
#13230= IFCPROPERTYSINGLEVALUE('FireRating',$,$,$);
#13231= IFCPROPERTYSET('3hbzV2br9Dngr9uJ6llYoY',$,'Pset_WindowCommon',$,(#13230));
#13232= IFCPROPERTYSINGLEVALUE('Reference',$,$,$);
#13233= IFCPROPERTYSET('1QBIHcNQL7X845Vj4Gr7fJ',$,'Pset_OpeningElementCommon',$,(#13232));
#13234= IFCRELDEFINESBYPROPERTIES('3C5KuvIUf8Af_EXagiLeTW',$,$,$,(#6513),#13233);
#13235= IFCQUANTITYAREA('Area',$,$,1.53,$);
#13236= IFCQUANTITYLENGTH('Height',$,$,1700.,$);
#13237= IFCQUANTITYLENGTH('Width',$,$,900.,$);
#13238= IFCELEMENTQUANTITY('1jyhsSNcr8c9auYGyD6bMY',$,'Qto_OpeningElementBaseQuantities',$,$,(#13235,#13236,#13237));
#13239= IFCRELDEFINESBYPROPERTIES('3jQCyq5X94gRYT4RCka029',$,$,$,(#6513),#13238);
#13240= IFCPROPERTYSINGLEVALUE('HasSillExternal',$,IFCBOOLEAN(.F.),$);
#13241= IFCPROPERTYSINGLEVALUE('HasSillInternal',$,IFCBOOLEAN(.F.),$);
#13242= IFCPROPERTYSINGLEVALUE('Reference',$,$,$);
#13243= IFCPROPERTYSINGLEVALUE('ThermalTransmittance',$,$,$);
#13244= IFCPROPERTYSET('1cV0s8LhrFIOBLi1YsCpLf',$,'Pset_WindowCommon',$,(#13240,#13241,#13242,#13243));
#13245= IFCRELDEFINESBYPROPERTIES('0jv6SoLR14G8yG8cGfjzoV',$,$,$,(#6514),#13244);
#13246= IFCQUANTITYAREA('Area',$,$,1.53,$);
#13247= IFCQUANTITYLENGTH('Height',$,$,1700.,$);
#13248= IFCQUANTITYLENGTH('Perimeter',$,$,5200.,$);
#13249= IFCQUANTITYLENGTH('Width',$,$,900.,$);
#13250= IFCELEMENTQUANTITY('3dvvOfWCP9KO0s3HlBl7lL',$,'Qto_WindowBaseQuantities',$,$,(#13246,#13247,#13248,#13249));
#13251= IFCRELDEFINESBYPROPERTIES('3fvRnysMf9KB09SHGt0lZ$',$,$,$,(#6514),#13250);
#13252= IFCPROPERTYSINGLEVALUE('Reference',$,$,$);
#13253= IFCPROPERTYSET('0ehbihsEj74v1OyW9Utz0T',$,'Pset_OpeningElementCommon',$,(#13252));
#13254= IFCRELDEFINESBYPROPERTIES('3vZ2UC4b90G88Z1VIB3u2O',$,$,$,(#6564),#13253);
#13255= IFCQUANTITYAREA('Area',$,$,1.53,$);
#13256= IFCQUANTITYLENGTH('Height',$,$,1700.,$);
#13257= IFCQUANTITYLENGTH('Width',$,$,900.,$);
#13258= IFCELEMENTQUANTITY('2zVpfPxoPAlukOXEyJDpHF',$,'Qto_OpeningElementBaseQuantities',$,$,(#13255,#13256,#13257));
#13259= IFCRELDEFINESBYPROPERTIES('2gsz3K5wfC4vMUxDl2S4_o',$,$,$,(#6564),#13258);
#13260= IFCPROPERTYSINGLEVALUE('HasSillExternal',$,IFCBOOLEAN(.F.),$);
#13261= IFCPROPERTYSINGLEVALUE('HasSillInternal',$,IFCBOOLEAN(.F.),$);
#13262= IFCPROPERTYSINGLEVALUE('Reference',$,$,$);
#13263= IFCPROPERTYSINGLEVALUE('ThermalTransmittance',$,$,$);
#13264= IFCPROPERTYSET('2LTCToGXjB2h0$VqZJ$mo$',$,'Pset_WindowCommon',$,(#13260,#13261,#13262,#13263));
#13265= IFCRELDEFINESBYPROPERTIES('2sNdRFMrr1MgRtvHq2QEg7',$,$,$,(#6565),#13264);
#13266= IFCQUANTITYAREA('Area',$,$,1.53,$);
#13267= IFCQUANTITYLENGTH('Height',$,$,1700.,$);
#13268= IFCQUANTITYLENGTH('Perimeter',$,$,5200.,$);
#13269= IFCQUANTITYLENGTH('Width',$,$,900.,$);
#13270= IFCELEMENTQUANTITY('2JuRQk8hT5pRhgXWje3TFb',$,'Qto_WindowBaseQuantities',$,$,(#13266,#13267,#13268,#13269));
#13271= IFCRELDEFINESBYPROPERTIES('2QvheH9PjACQFfYG3Sgw05',$,$,$,(#6565),#13270);
#13272= IFCPROPERTYSINGLEVALUE('Reference',$,$,$);
#13273= IFCPROPERTYSET('2nXGgJElT8ZReVSkbk6WYd',$,'Pset_OpeningElementCommon',$,(#13272));
#13274= IFCRELDEFINESBYPROPERTIES('14wqcVCV5CDhusKQD8PW7y',$,$,$,(#6615),#13273);
#13275= IFCQUANTITYAREA('Area',$,$,4.76,$);
#13276= IFCQUANTITYLENGTH('Height',$,$,1700.,$);
#13277= IFCQUANTITYLENGTH('Width',$,$,2800.,$);
#13278= IFCELEMENTQUANTITY('0KSSHMP6TFKhva3W5zLqfo',$,'Qto_OpeningElementBaseQuantities',$,$,(#13275,#13276,#13277));
#13279= IFCRELDEFINESBYPROPERTIES('243elGMND9wAYI5pEe4bQm',$,$,$,(#6615),#13278);
#13280= IFCPROPERTYSINGLEVALUE('HasSillExternal',$,IFCBOOLEAN(.F.),$);
#13281= IFCPROPERTYSINGLEVALUE('HasSillInternal',$,IFCBOOLEAN(.F.),$);
#13282= IFCPROPERTYSINGLEVALUE('Reference',$,$,$);
#13283= IFCPROPERTYSINGLEVALUE('ThermalTransmittance',$,$,$);
#13284= IFCPROPERTYSET('3vDSWuQgXF2P33Gbs3hqOb',$,'Pset_WindowCommon',$,(#13280,#13281,#13282,#13283));
#13285= IFCRELDEFINESBYPROPERTIES('1Q8_Q5SoXE3h1X1xAiOgN0',$,$,$,(#6616),#13284);
#13286= IFCQUANTITYAREA('Area',$,$,4.76,$);
#13287= IFCQUANTITYLENGTH('Height',$,$,1700.,$);
#13288= IFCQUANTITYLENGTH('Perimeter',$,$,9000.,$);
#13289= IFCQUANTITYLENGTH('Width',$,$,2800.,$);
#13290= IFCELEMENTQUANTITY('26nEt5UPL0k9KSt4uSHhYC',$,'Qto_WindowBaseQuantities',$,$,(#13286,#13287,#13288,#13289));
#13291= IFCRELDEFINESBYPROPERTIES('38mD5g1vf01vgS6eoyWBOA',$,$,$,(#6616),#13290);
#13292= IFCPROPERTYSINGLEVALUE('FireRating',$,$,$);
#13293= IFCPROPERTYSET('2xvnOnsR14ZxGL4s68yN8J',$,'Pset_WindowCommon',$,(#13292));
#13294= IFCPROPERTYSINGLEVALUE('Reference',$,$,$);
#13295= IFCPROPERTYSET('2hBUHkiEX1YOkfNYXW8z_S',$,'Pset_OpeningElementCommon',$,(#13294));
#13296= IFCRELDEFINESBYPROPERTIES('3_G5dE1RH3rvTwmXR7AyRL',$,$,$,(#6972),#13295);
#13297= IFCQUANTITYAREA('Area',$,$,4.76,$);
#13298= IFCQUANTITYLENGTH('Height',$,$,1700.,$);
#13299= IFCQUANTITYLENGTH('Width',$,$,2800.,$);
#13300= IFCELEMENTQUANTITY('27z8cfCAjEevxBV3Rb1vXi',$,'Qto_OpeningElementBaseQuantities',$,$,(#13297,#13298,#13299));
#13301= IFCRELDEFINESBYPROPERTIES('1QWT8TBj1BAhPX$vAJvlwW',$,$,$,(#6972),#13300);
#13302= IFCPROPERTYSINGLEVALUE('HasSillExternal',$,IFCBOOLEAN(.F.),$);
#13303= IFCPROPERTYSINGLEVALUE('HasSillInternal',$,IFCBOOLEAN(.F.),$);
#13304= IFCPROPERTYSINGLEVALUE('Reference',$,$,$);
#13305= IFCPROPERTYSINGLEVALUE('ThermalTransmittance',$,$,$);
#13306= IFCPROPERTYSET('1bWtAMbRfAbvHVVo7k4KF1',$,'Pset_WindowCommon',$,(#13302,#13303,#13304,#13305));
#13307= IFCRELDEFINESBYPROPERTIES('2nHlAboeH1iR$dM1PV4vQx',$,$,$,(#6973),#13306);
#13308= IFCQUANTITYAREA('Area',$,$,4.76,$);
#13309= IFCQUANTITYLENGTH('Height',$,$,1700.,$);
#13310= IFCQUANTITYLENGTH('Perimeter',$,$,9000.,$);
#13311= IFCQUANTITYLENGTH('Width',$,$,2800.,$);
#13312= IFCELEMENTQUANTITY('2zi2pF4$HEe8$YsMmwmhZ4',$,'Qto_WindowBaseQuantities',$,$,(#13308,#13309,#13310,#13311));
#13313= IFCRELDEFINESBYPROPERTIES('34yEAAMVXCWx4MH0LD2bkO',$,$,$,(#6973),#13312);
#13314= IFCPROPERTYSINGLEVALUE('FireRating',$,$,$);
#13315= IFCPROPERTYSET('0yWeshmCPDUwIqYnfFQffn',$,'Pset_WindowCommon',$,(#13314));
#13316= IFCPROPERTYSINGLEVALUE('Reference',$,$,$);
#13317= IFCPROPERTYSET('2EFZZqIH93iRKB3AQMhwP5',$,'Pset_OpeningElementCommon',$,(#13316));
#13318= IFCRELDEFINESBYPROPERTIES('172HVB3V5ELP$JPz6k36Rk',$,$,$,(#7329),#13317);
#13319= IFCQUANTITYAREA('Area',$,$,1.53,$);
#13320= IFCQUANTITYLENGTH('Height',$,$,1700.,$);
#13321= IFCQUANTITYLENGTH('Width',$,$,900.,$);
#13322= IFCELEMENTQUANTITY('2xNTstHoD1CgqR4WAgzdX$',$,'Qto_OpeningElementBaseQuantities',$,$,(#13319,#13320,#13321));
#13323= IFCRELDEFINESBYPROPERTIES('3NO_noO3DBPup_mb1JQQbQ',$,$,$,(#7329),#13322);
#13324= IFCPROPERTYSINGLEVALUE('HasSillExternal',$,IFCBOOLEAN(.F.),$);
#13325= IFCPROPERTYSINGLEVALUE('HasSillInternal',$,IFCBOOLEAN(.F.),$);
#13326= IFCPROPERTYSINGLEVALUE('Reference',$,$,$);
#13327= IFCPROPERTYSINGLEVALUE('ThermalTransmittance',$,$,$);
#13328= IFCPROPERTYSET('0$6syNwQP5JB4e2iMsyYJZ',$,'Pset_WindowCommon',$,(#13324,#13325,#13326,#13327));
#13329= IFCRELDEFINESBYPROPERTIES('1WShHzce93yBm4QgvgnRzZ',$,$,$,(#7330),#13328);
#13330= IFCQUANTITYAREA('Area',$,$,1.53,$);
#13331= IFCQUANTITYLENGTH('Height',$,$,1700.,$);
#13332= IFCQUANTITYLENGTH('Perimeter',$,$,5200.,$);
#13333= IFCQUANTITYLENGTH('Width',$,$,900.,$);
#13334= IFCELEMENTQUANTITY('0yQ7uNPcP1He8hdOZ2Inyn',$,'Qto_WindowBaseQuantities',$,$,(#13330,#13331,#13332,#13333));
#13335= IFCRELDEFINESBYPROPERTIES('2cs4sCHPv3DArOGiuiE1LU',$,$,$,(#7330),#13334);
#13336= IFCPROPERTYSINGLEVALUE('Reference',$,$,$);
#13337= IFCPROPERTYSET('3fKLqxuUj2Tvziwz82$wFb',$,'Pset_OpeningElementCommon',$,(#13336));
#13338= IFCRELDEFINESBYPROPERTIES('1ZvgpcOM52rwXaHCbu8tm$',$,$,$,(#7380),#13337);
#13339= IFCQUANTITYAREA('Area',$,$,1.53,$);
#13340= IFCQUANTITYLENGTH('Height',$,$,1700.,$);
#13341= IFCQUANTITYLENGTH('Width',$,$,900.,$);
#13342= IFCELEMENTQUANTITY('3weItqP_55$wxifORODG4w',$,'Qto_OpeningElementBaseQuantities',$,$,(#13339,#13340,#13341));
#13343= IFCRELDEFINESBYPROPERTIES('2_Sd4sq7HEugCHEOnVgvFB',$,$,$,(#7380),#13342);
#13344= IFCPROPERTYSINGLEVALUE('HasSillExternal',$,IFCBOOLEAN(.F.),$);
#13345= IFCPROPERTYSINGLEVALUE('HasSillInternal',$,IFCBOOLEAN(.F.),$);
#13346= IFCPROPERTYSINGLEVALUE('Reference',$,$,$);
#13347= IFCPROPERTYSINGLEVALUE('ThermalTransmittance',$,$,$);
#13348= IFCPROPERTYSET('1eP8M1CxDD0fiLxu3lP9Sb',$,'Pset_WindowCommon',$,(#13344,#13345,#13346,#13347));
#13349= IFCRELDEFINESBYPROPERTIES('3FXD9hpeHCruX1Z0JPALyo',$,$,$,(#7381),#13348);
#13350= IFCQUANTITYAREA('Area',$,$,1.53,$);
#13351= IFCQUANTITYLENGTH('Height',$,$,1700.,$);
#13352= IFCQUANTITYLENGTH('Perimeter',$,$,5200.,$);
#13353= IFCQUANTITYLENGTH('Width',$,$,900.,$);
#13354= IFCELEMENTQUANTITY('0WSgrhuEn5yPV8c4Ma$56U',$,'Qto_WindowBaseQuantities',$,$,(#13350,#13351,#13352,#13353));
#13355= IFCRELDEFINESBYPROPERTIES('34x8FB9YH4BgZjKX5iBtJ2',$,$,$,(#7381),#13354);
#13356= IFCPROPERTYSINGLEVALUE('Reference',$,$,$);
#13357= IFCPROPERTYSET('05WtfbNC547QWW6aVmM3bh',$,'Pset_OpeningElementCommon',$,(#13356));
#13358= IFCRELDEFINESBYPROPERTIES('3Q9sDONN96yve795LpkICb',$,$,$,(#7431),#13357);
#13359= IFCQUANTITYAREA('Area',$,$,4.76,$);
#13360= IFCQUANTITYLENGTH('Height',$,$,1700.,$);
#13361= IFCQUANTITYLENGTH('Width',$,$,2800.,$);
#13362= IFCELEMENTQUANTITY('2DjQw9IkH1lB_A4524oXIn',$,'Qto_OpeningElementBaseQuantities',$,$,(#13359,#13360,#13361));
#13363= IFCRELDEFINESBYPROPERTIES('1PS6FHPpT1aw1nu_t46mf9',$,$,$,(#7431),#13362);
#13364= IFCPROPERTYSINGLEVALUE('Reference',$,$,$);
#13365= IFCPROPERTYSET('0sWcWeX3L98OyFXDRMzCva',$,'Pset_OpeningElementCommon',$,(#13364));
#13366= IFCRELDEFINESBYPROPERTIES('1q2BmAiXvCBetuOqBELuqb',$,$,$,(#7451),#13365);
#13367= IFCQUANTITYAREA('Area',$,$,0.9,$);
#13368= IFCQUANTITYLENGTH('Height',$,$,1000.,$);
#13369= IFCQUANTITYLENGTH('Width',$,$,900.,$);
#13370= IFCELEMENTQUANTITY('1AV2Cj5mv9XQ1h6n$958qs',$,'Qto_OpeningElementBaseQuantities',$,$,(#13367,#13368,#13369));
#13371= IFCRELDEFINESBYPROPERTIES('3ZYgfEP$f2C8VUh8owbA_5',$,$,$,(#7451),#13370);
#13372= IFCPROPERTYSINGLEVALUE('Reference',$,$,$);
#13373= IFCPROPERTYSET('3lmOkY_kbCDxAj5ulPYk5U',$,'Pset_OpeningElementCommon',$,(#13372));
#13374= IFCRELDEFINESBYPROPERTIES('0xIrT_90TE7wD3iVc5KnD3',$,$,$,(#7471),#13373);
#13375= IFCQUANTITYAREA('Area',$,$,0.9,$);
#13376= IFCQUANTITYLENGTH('Height',$,$,1000.,$);
#13377= IFCQUANTITYLENGTH('Width',$,$,900.,$);
#13378= IFCELEMENTQUANTITY('0Cws6ZQQL0jBcZpV8IvkFj',$,'Qto_OpeningElementBaseQuantities',$,$,(#13375,#13376,#13377));
#13379= IFCRELDEFINESBYPROPERTIES('3EQMVytqT1X9zuQZ2xeUSP',$,$,$,(#7471),#13378);
#13380= IFCPROPERTYSINGLEVALUE('Reference',$,$,$);
#13381= IFCPROPERTYSET('3u_qXvd$5E_uvGKONyuAFT',$,'Pset_OpeningElementCommon',$,(#13380));
#13382= IFCRELDEFINESBYPROPERTIES('3nhsahVyb2fBopE70pLPpv',$,$,$,(#7491),#13381);
#13383= IFCQUANTITYAREA('Area',$,$,1.53,$);
#13384= IFCQUANTITYLENGTH('Height',$,$,1700.,$);
#13385= IFCQUANTITYLENGTH('Width',$,$,900.,$);
#13386= IFCELEMENTQUANTITY('2LcymK6g95leXxvvctuMoV',$,'Qto_OpeningElementBaseQuantities',$,$,(#13383,#13384,#13385));
#13387= IFCRELDEFINESBYPROPERTIES('2GToBGKez2$vq1YiOOaka5',$,$,$,(#7491),#13386);
#13388= IFCPROPERTYSINGLEVALUE('HasSillExternal',$,IFCBOOLEAN(.F.),$);
#13389= IFCPROPERTYSINGLEVALUE('HasSillInternal',$,IFCBOOLEAN(.F.),$);
#13390= IFCPROPERTYSINGLEVALUE('Reference',$,$,$);
#13391= IFCPROPERTYSINGLEVALUE('ThermalTransmittance',$,$,$);
#13392= IFCPROPERTYSET('0fsbyofeL3VPA5$CKaBvnD',$,'Pset_WindowCommon',$,(#13388,#13389,#13390,#13391));
#13393= IFCRELDEFINESBYPROPERTIES('2MbsUbJtL09g9x2j$i2XWJ',$,$,$,(#7492),#13392);
#13394= IFCQUANTITYAREA('Area',$,$,1.53,$);
#13395= IFCQUANTITYLENGTH('Height',$,$,1700.,$);
#13396= IFCQUANTITYLENGTH('Perimeter',$,$,5200.,$);
#13397= IFCQUANTITYLENGTH('Width',$,$,900.,$);
#13398= IFCELEMENTQUANTITY('16sGr6n7H26PAAM3wRScHu',$,'Qto_WindowBaseQuantities',$,$,(#13394,#13395,#13396,#13397));
#13399= IFCRELDEFINESBYPROPERTIES('2ULM2iK31FSu6GNgL_8Kwn',$,$,$,(#7492),#13398);
#13400= IFCPROPERTYSINGLEVALUE('Reference',$,$,$);
#13401= IFCPROPERTYSET('3PNajsh6j1jx_4otHV61Yj',$,'Pset_OpeningElementCommon',$,(#13400));
#13402= IFCRELDEFINESBYPROPERTIES('0prUlzQ9j7tRRjAhtWTC14',$,$,$,(#7542),#13401);
#13403= IFCQUANTITYAREA('Area',$,$,0.72,$);
#13404= IFCQUANTITYLENGTH('Height',$,$,599.999999999999773,$);
#13405= IFCQUANTITYLENGTH('Width',$,$,1200.,$);
#13406= IFCELEMENTQUANTITY('3L$ha9s6z9SxvPoTI3Kc4s',$,'Qto_OpeningElementBaseQuantities',$,$,(#13403,#13404,#13405));
#13407= IFCRELDEFINESBYPROPERTIES('0Yd8Epc6LBuh2ZtVdg10Zd',$,$,$,(#7542),#13406);
#13408= IFCPROPERTYSINGLEVALUE('Reference',$,$,$);
#13409= IFCPROPERTYSET('0dzC6I7YL1BghSf_v3lGCT',$,'Pset_OpeningElementCommon',$,(#13408));
#13410= IFCRELDEFINESBYPROPERTIES('0$33DaCx9DWhALh$ndewF2',$,$,$,(#7562),#13409);
#13411= IFCQUANTITYAREA('Area',$,$,1.53,$);
#13412= IFCQUANTITYLENGTH('Height',$,$,1700.,$);
#13413= IFCQUANTITYLENGTH('Width',$,$,900.,$);
#13414= IFCELEMENTQUANTITY('3snt118cL7QP752dUwhxPp',$,'Qto_OpeningElementBaseQuantities',$,$,(#13411,#13412,#13413));
#13415= IFCRELDEFINESBYPROPERTIES('0fGdhy0rbDlBP_ZaqU8T2x',$,$,$,(#7562),#13414);
#13416= IFCPROPERTYSINGLEVALUE('Reference',$,$,$);
#13417= IFCPROPERTYSET('1bER3yAG95VgjDTYCG2yQs',$,'Pset_OpeningElementCommon',$,(#13416));
#13418= IFCRELDEFINESBYPROPERTIES('2E7zlJ3Xz1oAPGm4fno_5v',$,$,$,(#7582),#13417);
#13419= IFCQUANTITYAREA('Area',$,$,1.53,$);
#13420= IFCQUANTITYLENGTH('Height',$,$,1700.,$);
#13421= IFCQUANTITYLENGTH('Width',$,$,900.,$);
#13422= IFCELEMENTQUANTITY('0P0MfzpOTFEv3YzyTWW_1r',$,'Qto_OpeningElementBaseQuantities',$,$,(#13419,#13420,#13421));
#13423= IFCRELDEFINESBYPROPERTIES('3tVUmFw5zE0ufd6DjgUufv',$,$,$,(#7582),#13422);
#13424= IFCPROPERTYSINGLEVALUE('Reference',$,$,$);
#13425= IFCPROPERTYSET('34pTDnaWr4KQPor26D7HKo',$,'Pset_OpeningElementCommon',$,(#13424));
#13426= IFCRELDEFINESBYPROPERTIES('1VCAcoD5z2HeVqDQTkfmT9',$,$,$,(#7602),#13425);
#13427= IFCQUANTITYAREA('Area',$,$,1.53,$);
#13428= IFCQUANTITYLENGTH('Height',$,$,1700.,$);
#13429= IFCQUANTITYLENGTH('Width',$,$,900.,$);
#13430= IFCELEMENTQUANTITY('0egruk_w58ERcyAY0cKe3X',$,'Qto_OpeningElementBaseQuantities',$,$,(#13427,#13428,#13429));
#13431= IFCRELDEFINESBYPROPERTIES('3Iz2VXYrrFpxlvkXveLp$S',$,$,$,(#7602),#13430);
#13432= IFCPROPERTYSINGLEVALUE('Reference',$,$,$);
#13433= IFCPROPERTYSET('29PU2MOhb3t89uVRSlqqPT',$,'Pset_OpeningElementCommon',$,(#13432));
#13434= IFCRELDEFINESBYPROPERTIES('1r9AmEFVv1FR7nzH4wEmjN',$,$,$,(#7638),#13433);
#13435= IFCQUANTITYAREA('Area',$,$,1.53,$);
#13436= IFCQUANTITYLENGTH('Height',$,$,1700.,$);
#13437= IFCQUANTITYLENGTH('Width',$,$,900.,$);
#13438= IFCELEMENTQUANTITY('08rg$b7sr8TOGZ9xb1Efcj',$,'Qto_OpeningElementBaseQuantities',$,$,(#13435,#13436,#13437));
#13439= IFCRELDEFINESBYPROPERTIES('1KufECCk58ouHRsFtc2XYz',$,$,$,(#7638),#13438);
#13440= IFCPROPERTYSINGLEVALUE('Reference',$,$,$);
#13441= IFCPROPERTYSET('1GFD034WD6yAZQrjlzXxUW',$,'Pset_OpeningElementCommon',$,(#13440));
#13442= IFCRELDEFINESBYPROPERTIES('2fKk6tt_f0Mvfp2f8SGKkP',$,$,$,(#7658),#13441);
#13443= IFCQUANTITYAREA('Area',$,$,1.53,$);
#13444= IFCQUANTITYLENGTH('Height',$,$,1700.,$);
#13445= IFCQUANTITYLENGTH('Width',$,$,900.,$);
#13446= IFCELEMENTQUANTITY('2I4NWIfYHDQBk82bU38ykz',$,'Qto_OpeningElementBaseQuantities',$,$,(#13443,#13444,#13445));
#13447= IFCRELDEFINESBYPROPERTIES('1h$$Uj0hHAwhv2BxwW7Ywy',$,$,$,(#7658),#13446);
#13448= IFCPROPERTYSINGLEVALUE('Reference',$,$,$);
#13449= IFCPROPERTYSET('09lm3Yj6T5vxkxLAl3AWbM',$,'Pset_OpeningElementCommon',$,(#13448));
#13450= IFCRELDEFINESBYPROPERTIES('08Ga_YVKHAo8$Y9swp7EEB',$,$,$,(#7678),#13449);
#13451= IFCQUANTITYAREA('Area',$,$,1.53,$);
#13452= IFCQUANTITYLENGTH('Height',$,$,1700.,$);
#13453= IFCQUANTITYLENGTH('Width',$,$,900.,$);
#13454= IFCELEMENTQUANTITY('3pDtdESZDF3goDCz9OhrHI',$,'Qto_OpeningElementBaseQuantities',$,$,(#13451,#13452,#13453));
#13455= IFCRELDEFINESBYPROPERTIES('3mJTX9x_L7YhhcYkYNCxCV',$,$,$,(#7678),#13454);
#13456= IFCPROPERTYSINGLEVALUE('Reference',$,$,$);
#13457= IFCPROPERTYSET('3v3zQroYDBaR$BR3SY0A$P',$,'Pset_OpeningElementCommon',$,(#13456));
#13458= IFCRELDEFINESBYPROPERTIES('2qp8SVumr7dOaspY9epeev',$,$,$,(#7698),#13457);
#13459= IFCQUANTITYAREA('Area',$,$,1.53,$);
#13460= IFCQUANTITYLENGTH('Height',$,$,1700.,$);
#13461= IFCQUANTITYLENGTH('Width',$,$,900.,$);
#13462= IFCELEMENTQUANTITY('2wM845PJH7qAhv5xhCt1KY',$,'Qto_OpeningElementBaseQuantities',$,$,(#13459,#13460,#13461));
#13463= IFCRELDEFINESBYPROPERTIES('279zLLiYzBEAQ9dLwUZnwq',$,$,$,(#7698),#13462);
#13464= IFCPROPERTYSINGLEVALUE('Reference',$,$,$);
#13465= IFCPROPERTYSET('24TU3c1DHF0vvwhQ7IarsA',$,'Pset_OpeningElementCommon',$,(#13464));
#13466= IFCRELDEFINESBYPROPERTIES('2agzGPtoT8LBMZvFoMAIaW',$,$,$,(#7718),#13465);
#13467= IFCQUANTITYAREA('Area',$,$,1.53,$);
#13468= IFCQUANTITYLENGTH('Height',$,$,1700.,$);
#13469= IFCQUANTITYLENGTH('Width',$,$,900.,$);
#13470= IFCELEMENTQUANTITY('3teIro4aLFXP151uN7Kyyk',$,'Qto_OpeningElementBaseQuantities',$,$,(#13467,#13468,#13469));
#13471= IFCRELDEFINESBYPROPERTIES('2Fu5myb918Ke8vAqj1JBh_',$,$,$,(#7718),#13470);
#13472= IFCPROPERTYSINGLEVALUE('Reference',$,$,$);
#13473= IFCPROPERTYSET('1vCSosHtf75hZadYLRo41H',$,'Pset_OpeningElementCommon',$,(#13472));
#13474= IFCRELDEFINESBYPROPERTIES('0VvnASUyH0VwuMaiT3Nu$F',$,$,$,(#7738),#13473);
#13475= IFCQUANTITYAREA('Area',$,$,1.53,$);
#13476= IFCQUANTITYLENGTH('Height',$,$,1700.,$);
#13477= IFCQUANTITYLENGTH('Width',$,$,900.,$);
#13478= IFCELEMENTQUANTITY('3yygwDEpn4yQwYQ49o63g6',$,'Qto_OpeningElementBaseQuantities',$,$,(#13475,#13476,#13477));
#13479= IFCRELDEFINESBYPROPERTIES('2uRHngRGf11gLgfFP2$8s9',$,$,$,(#7738),#13478);
#13480= IFCPROPERTYSINGLEVALUE('Reference',$,$,$);
#13481= IFCPROPERTYSET('2WBw2$Nf5AEfTKOfiWXMPx',$,'Pset_OpeningElementCommon',$,(#13480));
#13482= IFCRELDEFINESBYPROPERTIES('0aW1JUb0fAXR7GXyVnxdVM',$,$,$,(#7758),#13481);
#13483= IFCQUANTITYAREA('Area',$,$,0.72,$);
#13484= IFCQUANTITYLENGTH('Height',$,$,600.,$);
#13485= IFCQUANTITYLENGTH('Width',$,$,1200.,$);
#13486= IFCELEMENTQUANTITY('0xpHUG$4z7ABcoZs$t$f93',$,'Qto_OpeningElementBaseQuantities',$,$,(#13483,#13484,#13485));
#13487= IFCRELDEFINESBYPROPERTIES('2tZuvVD2D2C9Xv8h0nNIF_',$,$,$,(#7758),#13486);
#13488= IFCPROPERTYSINGLEVALUE('Reference',$,$,$);
#13489= IFCPROPERTYSET('0XhFJOOEH0Sf9K2$jBLLMA',$,'Pset_OpeningElementCommon',$,(#13488));
#13490= IFCRELDEFINESBYPROPERTIES('1tG5k5l71FBAyH3WPdonXl',$,$,$,(#7778),#13489);
#13491= IFCQUANTITYAREA('Area',$,$,4.76,$);
#13492= IFCQUANTITYLENGTH('Height',$,$,1700.,$);
#13493= IFCQUANTITYLENGTH('Width',$,$,2800.,$);
#13494= IFCELEMENTQUANTITY('0u9zHtcdn7Fuyc9gPz33Le',$,'Qto_OpeningElementBaseQuantities',$,$,(#13491,#13492,#13493));
#13495= IFCRELDEFINESBYPROPERTIES('3L0LhPE$jFfxwAnM8x8M_W',$,$,$,(#7778),#13494);
#13496= IFCPROPERTYSINGLEVALUE('Reference',$,$,$);
#13497= IFCPROPERTYSET('221dShJUD8oeQ6sIL93LVk',$,'Pset_OpeningElementCommon',$,(#13496));
#13498= IFCRELDEFINESBYPROPERTIES('2Wo7vDVXn35fQ0$fhem6KE',$,$,$,(#7798),#13497);
#13499= IFCQUANTITYAREA('Area',$,$,4.76,$);
#13500= IFCQUANTITYLENGTH('Height',$,$,1700.,$);
#13501= IFCQUANTITYLENGTH('Width',$,$,2800.,$);
#13502= IFCELEMENTQUANTITY('0O9dkLhO529u3YaiDI0sg6',$,'Qto_OpeningElementBaseQuantities',$,$,(#13499,#13500,#13501));
#13503= IFCRELDEFINESBYPROPERTIES('2UUAPgYjLAL806Xg4NFhn_',$,$,$,(#7798),#13502);
#13504= IFCPROPERTYSINGLEVALUE('Reference',$,$,$);
#13505= IFCPROPERTYSET('2xnQsb5Fz60QO_0sZG8Cfe',$,'Pset_OpeningElementCommon',$,(#13504));
#13506= IFCRELDEFINESBYPROPERTIES('03rRGsYNHBQRqpkqyD22k_',$,$,$,(#7828),#13505);
#13507= IFCQUANTITYAREA('Area',$,$,1.53,$);
#13508= IFCQUANTITYLENGTH('Height',$,$,1700.,$);
#13509= IFCQUANTITYLENGTH('Width',$,$,900.,$);
#13510= IFCELEMENTQUANTITY('1Qesx7Pwv7FAq1KMiflc5k',$,'Qto_OpeningElementBaseQuantities',$,$,(#13507,#13508,#13509));
#13511= IFCRELDEFINESBYPROPERTIES('2W1f_$8l90dgmsKl4uj7xh',$,$,$,(#7828),#13510);
#13512= IFCPRESENTATIONLAYERASSIGNMENT('A-M-Column',$,(#7857,#7877,#7908,#7925,#7940,#7955),$);
#13513= IFCPROPERTYSINGLEVALUE('FireRating',$,$,$);
#13514= IFCPROPERTYSINGLEVALUE('Reference',$,$,$);
#13515= IFCPROPERTYSINGLEVALUE('Roll',$,IFCPLANEANGLEMEASURE(0.),#16);
#13516= IFCPROPERTYSET('0qfnUH4UjF0fHlQoxvMhuf',$,'Pset_ColumnCommon',$,(#13513,#13514,#13515));
#13517= IFCRELDEFINESBYPROPERTIES('1Fgpt$Dov8KhMdfBTrjvet',$,$,$,(#7829),#13516);
#13518= IFCPROPERTYSINGLEVALUE('ReinforcementBarType',$,IFCLABEL('(\X2\043D04350442\X0\)'),$);
#13519= IFCPROPERTYSET('2yPOkVqSvDJw8MPFpjd5ic',$,'Pset_ReinforcementBarPitchOfColumn',$,(#13518));
#13520= IFCRELDEFINESBYPROPERTIES('3qrUkwJMv1QgpV9dmkjImY',$,$,$,(#7829),#13519);
#13521= IFCQUANTITYAREA('CrossSectionArea',$,$,0.01,$);
#13522= IFCQUANTITYLENGTH('Length',$,$,4000.,$);
#13523= IFCQUANTITYVOLUME('NetVolume',$,$,0.033562924631636,$);
#13524= IFCQUANTITYWEIGHT('NetWeight',$,$,$,$);
#13525= IFCQUANTITYAREA('OuterSurfaceArea',$,$,1.342516985265422,$);
#13526= IFCELEMENTQUANTITY('2zDO1O2KD8JhtbCNbv0gkz',$,'Qto_ColumnBaseQuantities',$,$,(#13521,#13522,#13523,#13524,#13525));
#13527= IFCRELDEFINESBYPROPERTIES('2Q3eljJwL3EerTuJ7BJINi',$,$,$,(#7829),#13526);
#13528= IFCPROPERTYSINGLEVALUE('FireRating',$,$,$);
#13529= IFCPROPERTYSINGLEVALUE('Reference',$,$,$);
#13530= IFCPROPERTYSINGLEVALUE('Roll',$,IFCPLANEANGLEMEASURE(0.),#16);
#13531= IFCPROPERTYSET('3G7sDdX0L3i9tlcOcrBkRr',$,'Pset_ColumnCommon',$,(#13528,#13529,#13530));
#13532= IFCRELDEFINESBYPROPERTIES('2IjYGr17v5uuG_57GD_ntB',$,$,$,(#7865),#13531);
#13533= IFCPROPERTYSINGLEVALUE('ReinforcementBarType',$,IFCLABEL('(\X2\043D04350442\X0\)'),$);
#13534= IFCPROPERTYSET('2ZLC3l88f7hxS8liT8zuiv',$,'Pset_ReinforcementBarPitchOfColumn',$,(#13533));
#13535= IFCRELDEFINESBYPROPERTIES('2sjiqkWeH1gg1SNavfXgtb',$,$,$,(#7865),#13534);
#13536= IFCQUANTITYAREA('CrossSectionArea',$,$,0.01,$);
#13537= IFCQUANTITYLENGTH('Length',$,$,4000.,$);
#13538= IFCQUANTITYVOLUME('NetVolume',$,$,0.033562924631636,$);
#13539= IFCQUANTITYWEIGHT('NetWeight',$,$,$,$);
#13540= IFCQUANTITYAREA('OuterSurfaceArea',$,$,1.342516985265422,$);
#13541= IFCELEMENTQUANTITY('1Y1smDzqH0RRGUzQfxiPDc',$,'Qto_ColumnBaseQuantities',$,$,(#13536,#13537,#13538,#13539,#13540));
#13542= IFCRELDEFINESBYPROPERTIES('3SccaROynCpenqmqNU417F',$,$,$,(#7865),#13541);
#13543= IFCPROPERTYSINGLEVALUE('FireRating',$,$,$);
#13544= IFCPROPERTYSINGLEVALUE('Reference',$,$,$);
#13545= IFCPROPERTYSINGLEVALUE('Roll',$,IFCPLANEANGLEMEASURE(0.),#16);
#13546= IFCPROPERTYSET('0sM7Od_tjFL873jXnw4pvL',$,'Pset_ColumnCommon',$,(#13543,#13544,#13545));
#13547= IFCRELDEFINESBYPROPERTIES('0BaQH6FOH4m8AjAgckbYzR',$,$,$,(#7880),#13546);
#13548= IFCPROPERTYSINGLEVALUE('ReinforcementBarType',$,IFCLABEL('(\X2\043D04350442\X0\)'),$);
#13549= IFCPROPERTYSET('2lf8RHgVb2NOSwtjixpMdh',$,'Pset_ReinforcementBarPitchOfColumn',$,(#13548));
#13550= IFCRELDEFINESBYPROPERTIES('1WlbkyfOH6Sgmzx7WoM6Ek',$,$,$,(#7880),#13549);
#13551= IFCQUANTITYAREA('CrossSectionArea',$,$,0.0025,$);
#13552= IFCQUANTITYLENGTH('Length',$,$,4000.,$);
#13553= IFCQUANTITYVOLUME('NetVolume',$,$,0.006231864800608,$);
#13554= IFCQUANTITYWEIGHT('NetWeight',$,$,$,$);
#13555= IFCQUANTITYAREA('OuterSurfaceArea',$,$,0.498549184048643,$);
#13556= IFCELEMENTQUANTITY('1EiyAQTNn5uxrKq0r2pgq5',$,'Qto_ColumnBaseQuantities',$,$,(#13551,#13552,#13553,#13554,#13555));
#13557= IFCRELDEFINESBYPROPERTIES('3I$cgdUSTEGfb91MNYRYcg',$,$,$,(#7880),#13556);
#13558= IFCPROPERTYSINGLEVALUE('FireRating',$,$,$);
#13559= IFCPROPERTYSINGLEVALUE('Reference',$,$,$);
#13560= IFCPROPERTYSINGLEVALUE('Roll',$,IFCPLANEANGLEMEASURE(0.),#16);
#13561= IFCPROPERTYSET('1UG$ayKtH3BhYN2Id9fPU_',$,'Pset_ColumnCommon',$,(#13558,#13559,#13560));
#13562= IFCRELDEFINESBYPROPERTIES('1VUhkSVfH5xPfYjL_JjQG7',$,$,$,(#7913),#13561);
#13563= IFCPROPERTYSINGLEVALUE('ReinforcementBarType',$,IFCLABEL('(\X2\043D04350442\X0\)'),$);
#13564= IFCPROPERTYSET('1tEz5PFBD0bhfWtfLDbFr7',$,'Pset_ReinforcementBarPitchOfColumn',$,(#13563));
#13565= IFCRELDEFINESBYPROPERTIES('0fD8r4whz3CupQxAVqpNw5',$,$,$,(#7913),#13564);
#13566= IFCQUANTITYAREA('CrossSectionArea',$,$,0.0025,$);
#13567= IFCQUANTITYLENGTH('Length',$,$,4000.,$);
#13568= IFCQUANTITYVOLUME('NetVolume',$,$,0.00623186480057,$);
#13569= IFCQUANTITYWEIGHT('NetWeight',$,$,$,$);
#13570= IFCQUANTITYAREA('OuterSurfaceArea',$,$,0.498549184048644,$);
#13571= IFCELEMENTQUANTITY('0Fj8iUKOvCO8XljY4p1P$0',$,'Qto_ColumnBaseQuantities',$,$,(#13566,#13567,#13568,#13569,#13570));
#13572= IFCRELDEFINESBYPROPERTIES('2mg2Dme$D3ZhApha3p0pD9',$,$,$,(#7913),#13571);
#13573= IFCPROPERTYSINGLEVALUE('FireRating',$,$,$);
#13574= IFCPROPERTYSINGLEVALUE('Reference',$,$,$);
#13575= IFCPROPERTYSINGLEVALUE('Roll',$,IFCPLANEANGLEMEASURE(0.),#16);
#13576= IFCPROPERTYSET('1mY2mpCp11q96V5475cd39',$,'Pset_ColumnCommon',$,(#13573,#13574,#13575));
#13577= IFCRELDEFINESBYPROPERTIES('0maqZLypb1t94hGKXVo6Yt',$,$,$,(#7928),#13576);
#13578= IFCPROPERTYSINGLEVALUE('ReinforcementBarType',$,IFCLABEL('(\X2\043D04350442\X0\)'),$);
#13579= IFCPROPERTYSET('0Z4nUrt61BkB5kuqP_0Qgy',$,'Pset_ReinforcementBarPitchOfColumn',$,(#13578));
#13580= IFCRELDEFINESBYPROPERTIES('05UN59Z0DAlA5xl0ItrlLI',$,$,$,(#7928),#13579);
#13581= IFCQUANTITYAREA('CrossSectionArea',$,$,0.01,$);
#13582= IFCQUANTITYLENGTH('Length',$,$,4000.,$);
#13583= IFCQUANTITYVOLUME('NetVolume',$,$,0.024896370289182,$);
#13584= IFCQUANTITYWEIGHT('NetWeight',$,$,$,$);
#13585= IFCQUANTITYAREA('OuterSurfaceArea',$,$,0.995854811567262,$);
#13586= IFCELEMENTQUANTITY('3AU4v1Td90OeCahhSZcIX6',$,'Qto_ColumnBaseQuantities',$,$,(#13581,#13582,#13583,#13584,#13585));
#13587= IFCRELDEFINESBYPROPERTIES('32sdB2J7j0mB6aoll8pISC',$,$,$,(#7928),#13586);
#13588= IFCPROPERTYSINGLEVALUE('FireRating',$,$,$);
#13589= IFCPROPERTYSINGLEVALUE('Reference',$,$,$);
#13590= IFCPROPERTYSINGLEVALUE('Roll',$,IFCPLANEANGLEMEASURE(0.),#16);
#13591= IFCPROPERTYSET('26LUX$4Qb8MQ4BaGKeiKBi',$,'Pset_ColumnCommon',$,(#13588,#13589,#13590));
#13592= IFCRELDEFINESBYPROPERTIES('0bTyEbIP12m8BHOHYMJWAU',$,$,$,(#7943),#13591);
#13593= IFCPROPERTYSINGLEVALUE('ReinforcementBarType',$,IFCLABEL('(\X2\043D04350442\X0\)'),$);
#13594= IFCPROPERTYSET('0f5pt5tqL2qgkQdTQHUzH$',$,'Pset_ReinforcementBarPitchOfColumn',$,(#13593));
#13595= IFCRELDEFINESBYPROPERTIES('0$RSGCzQz6Su$lVRPPe7az',$,$,$,(#7943),#13594);
#13596= IFCQUANTITYAREA('CrossSectionArea',$,$,0.01,$);
#13597= IFCQUANTITYLENGTH('Length',$,$,4000.,$);
#13598= IFCQUANTITYVOLUME('NetVolume',$,$,0.024896370289182,$);
#13599= IFCQUANTITYWEIGHT('NetWeight',$,$,$,$);
#13600= IFCQUANTITYAREA('OuterSurfaceArea',$,$,0.995854811567264,$);
#13601= IFCELEMENTQUANTITY('0h_hM53SvELQST7yVW4jkL',$,'Qto_ColumnBaseQuantities',$,$,(#13596,#13597,#13598,#13599,#13600));
#13602= IFCRELDEFINESBYPROPERTIES('1EwmDJamT1IgapwNq0IX8O',$,$,$,(#7943),#13601);
#13603= IFCPRESENTATIONLAYERASSIGNMENT('A-M-Slab',$,(#8009,#8078,#8153,#8293,#8363,#8426,#8545,#8618,#8681,#8728,#8780,#8829),$);
#13604= IFCPROPERTYSINGLEVALUE('Description',$,IFCLABEL('(\X2\043D04350442\X0\)'),$);
#13605= IFCPROPERTYSET('08ke34o_H4GwWIYJX6FGHL',$,'Pset_ReinforcementBarPitchOfSlab',$,(#13604));
#13606= IFCRELDEFINESBYPROPERTIES('2GXs85q0X4xh4810fNgHI9',$,$,$,(#7958),#13605);
#13607= IFCPROPERTYSINGLEVALUE('FireRating',$,$,$);
#13608= IFCPROPERTYSINGLEVALUE('Reference',$,$,$);
#13609= IFCPROPERTYSINGLEVALUE('ThermalTransmittance',$,$,$);
#13610= IFCPROPERTYSET('2kLNwF$uX4o82II2iPUMUF',$,'Pset_SlabCommon',$,(#13607,#13608,#13609));
#13611= IFCRELDEFINESBYPROPERTIES('0y4krkeuL7bQLl_Kb18MvW',$,$,$,(#7958),#13610);
#13612= IFCQUANTITYAREA('NetArea',$,$,126.026399999999668,$);
#13613= IFCQUANTITYVOLUME('NetVolume',$,$,34.027127999999905,$);
#13614= IFCQUANTITYWEIGHT('NetWeight',$,$,78262.394399999786401,$);
#13615= IFCQUANTITYLENGTH('Perimeter',$,$,46319.999999999912689,$);
#13616= IFCQUANTITYLENGTH('Width',$,$,270.,$);
#13617= IFCELEMENTQUANTITY('3zrMyrWVP2S9GzXDSARQj5',$,'Qto_SlabBaseQuantities',$,$,(#13612,#13613,#13614,#13615,#13616));
#13618= IFCRELDEFINESBYPROPERTIES('3GuxYeBDP7mwuhfGvtHw$e',$,$,$,(#7958),#13617);
#13619= IFCPROPERTYSINGLEVALUE('Description',$,IFCLABEL('(\X2\043D04350442\X0\)'),$);
#13620= IFCPROPERTYSET('2hqUC4LILBoAJSu1UwxYAt',$,'Pset_ReinforcementBarPitchOfSlab',$,(#13619));
#13621= IFCRELDEFINESBYPROPERTIES('1xeinr0TL7ExKM1n8kt7_8',$,$,$,(#8016),#13620);
#13622= IFCPROPERTYSINGLEVALUE('FireRating',$,$,$);
#13623= IFCPROPERTYSINGLEVALUE('Reference',$,$,$);
#13624= IFCPROPERTYSINGLEVALUE('ThermalTransmittance',$,$,$);
#13625= IFCPROPERTYSET('1l2DsVSPHEYfON8nMfXwRO',$,'Pset_SlabCommon',$,(#13622,#13623,#13624));
#13626= IFCRELDEFINESBYPROPERTIES('152FyiJpjC7u87JO3Jf9if',$,$,$,(#8016),#13625);
#13627= IFCQUANTITYAREA('NetArea',$,$,6.121700000000024,$);
#13628= IFCQUANTITYVOLUME('NetVolume',$,$,0.061217,$);
#13629= IFCQUANTITYWEIGHT('NetWeight',$,$,0.0428519,$);
#13630= IFCQUANTITYLENGTH('Perimeter',$,$,10620.072445684660124,$);
#13631= IFCQUANTITYLENGTH('Width',$,$,10.,$);
#13632= IFCELEMENTQUANTITY('0McQWH1h1AvOQXZXFVKtT5',$,'Qto_SlabBaseQuantities',$,$,(#13627,#13628,#13629,#13630,#13631));
#13633= IFCRELDEFINESBYPROPERTIES('2dF0vNEbH6j96M_I0AanFk',$,$,$,(#8016),#13632);
#13634= IFCPROPERTYSINGLEVALUE('MassDensity',$,IFCMASSDENSITYMEASURE(0.7),$);
#13635= IFCMATERIALPROPERTIES('Pset_MaterialCommon',$,(#13634),#8082);
#13636= IFCPROPERTYSINGLEVALUE('ThermalConductivity',$,IFCTHERMALCONDUCTIVITYMEASURE(0.7),$);
#13637= IFCMATERIALPROPERTIES('Pset_MaterialThermal',$,(#13636),#8082);
#13638= IFCPROPERTYSINGLEVALUE('Description',$,IFCLABEL('(\X2\043D04350442\X0\)'),$);
#13639= IFCPROPERTYSET('3sSuPQfeX6L8s6PUsAvilW',$,'Pset_ReinforcementBarPitchOfSlab',$,(#13638));
#13640= IFCRELDEFINESBYPROPERTIES('3iSCM8bMz0pubOY2pjwmnR',$,$,$,(#8089),#13639);
#13641= IFCPROPERTYSINGLEVALUE('FireRating',$,$,$);
#13642= IFCPROPERTYSINGLEVALUE('Reference',$,$,$);
#13643= IFCPROPERTYSINGLEVALUE('ThermalTransmittance',$,$,$);
#13644= IFCPROPERTYSET('3fXZsO7hP21Bi0oOmnc1Oa',$,'Pset_SlabCommon',$,(#13641,#13642,#13643));
#13645= IFCRELDEFINESBYPROPERTIES('2rEakZRuv9xBdiqnjVar$i',$,$,$,(#8089),#13644);
#13646= IFCQUANTITYAREA('NetArea',$,$,7.22879999999995,$);
#13647= IFCQUANTITYVOLUME('NetVolume',$,$,0.072288,$);
#13648= IFCQUANTITYWEIGHT('NetWeight',$,$,$,$);
#13649= IFCQUANTITYLENGTH('Perimeter',$,$,11439.99999999996362,$);
#13650= IFCQUANTITYLENGTH('Width',$,$,10.,$);
#13651= IFCELEMENTQUANTITY('1D8Ly9wET6L8JJ_3iUTJCP',$,'Qto_SlabBaseQuantities',$,$,(#13646,#13647,#13648,#13649,#13650));
#13652= IFCRELDEFINESBYPROPERTIES('1k3Y$wc3f0bh9TIfn4Kgio',$,$,$,(#8089),#13651);
#13653= IFCPROPERTYSINGLEVALUE('Description',$,IFCLABEL('(\X2\043D04350442\X0\)'),$);
#13654= IFCPROPERTYSET('0AnnN_Z312gRn98QEwaRfs',$,'Pset_ReinforcementBarPitchOfSlab',$,(#13653));
#13655= IFCRELDEFINESBYPROPERTIES('2pYyz7Z9v1Iwby4j63Emb6',$,$,$,(#8160),#13654);
#13656= IFCPROPERTYSINGLEVALUE('FireRating',$,$,$);
#13657= IFCPROPERTYSINGLEVALUE('Reference',$,$,$);
#13658= IFCPROPERTYSINGLEVALUE('ThermalTransmittance',$,$,$);
#13659= IFCPROPERTYSET('049cc3Os95W8$gSgnk9IXw',$,'Pset_SlabCommon',$,(#13656,#13657,#13658));
#13660= IFCRELDEFINESBYPROPERTIES('0hULehZQXCbeHoH48uk_VJ',$,$,$,(#8160),#13659);
#13661= IFCQUANTITYAREA('NetArea',$,$,83.903599999997198,$);
#13662= IFCQUANTITYVOLUME('NetVolume',$,$,6.712287999999777,$);
#13663= IFCQUANTITYWEIGHT('NetWeight',$,$,15438.262399999486661,$);
#13664= IFCQUANTITYLENGTH('Perimeter',$,$,63359.999999999869033,$);
#13665= IFCQUANTITYLENGTH('Width',$,$,80.,$);
#13666= IFCELEMENTQUANTITY('235VGObaH36AeUFcLgjgXT',$,'Qto_SlabBaseQuantities',$,$,(#13661,#13662,#13663,#13664,#13665));
#13667= IFCRELDEFINESBYPROPERTIES('2xPcF3J0bC2RvRnJVPJAiR',$,$,$,(#8160),#13666);
#13668= IFCPROPERTYSINGLEVALUE('MassDensity',$,IFCMASSDENSITYMEASURE(2300.),$);
#13669= IFCMATERIALPROPERTIES('Pset_MaterialCommon',$,(#13668),#8297);
#13670= IFCPROPERTYSINGLEVALUE('ThermalConductivity',$,IFCTHERMALCONDUCTIVITYMEASURE(2.3),$);
#13671= IFCMATERIALPROPERTIES('Pset_MaterialThermal',$,(#13670),#8297);
#13672= IFCPROPERTYSINGLEVALUE('Description',$,IFCLABEL('(\X2\043D04350442\X0\)'),$);
#13673= IFCPROPERTYSET('2AHavZHdX0RQ8rl4doQz7h',$,'Pset_ReinforcementBarPitchOfSlab',$,(#13672));
#13674= IFCRELDEFINESBYPROPERTIES('0kNHUG4wj4EQeYjaWkYVZU',$,$,$,(#8304),#13673);
#13675= IFCPROPERTYSINGLEVALUE('FireRating',$,$,$);
#13676= IFCPROPERTYSINGLEVALUE('Reference',$,$,$);
#13677= IFCPROPERTYSINGLEVALUE('ThermalTransmittance',$,$,$);
#13678= IFCPROPERTYSET('2zTVouFuD3G8lhxecNSYMW',$,'Pset_SlabCommon',$,(#13675,#13676,#13677));
#13679= IFCRELDEFINESBYPROPERTIES('2QwlatbYL9CAkFnqdCyBFT',$,$,$,(#8304),#13678);
#13680= IFCQUANTITYAREA('NetArea',$,$,6.121700000000024,$);
#13681= IFCQUANTITYVOLUME('NetVolume',$,$,0.489736000000002,$);
#13682= IFCQUANTITYWEIGHT('NetWeight',$,$,1126.392800000004399,$);
#13683= IFCQUANTITYLENGTH('Perimeter',$,$,10620.072445684660124,$);
#13684= IFCQUANTITYLENGTH('Width',$,$,80.,$);
#13685= IFCELEMENTQUANTITY('0TZQaLUR930OR1Ja4W_Wjh',$,'Qto_SlabBaseQuantities',$,$,(#13680,#13681,#13682,#13683,#13684));
#13686= IFCRELDEFINESBYPROPERTIES('0pKm5oBeT62hQRONLS4moy',$,$,$,(#8304),#13685);
#13687= IFCPROPERTYSINGLEVALUE('Description',$,IFCLABEL('(\X2\043D04350442\X0\)'),$);
#13688= IFCPROPERTYSET('1ujs0wXjP7Zw5E3_ZA7jyj',$,'Pset_ReinforcementBarPitchOfSlab',$,(#13687));
#13689= IFCRELDEFINESBYPROPERTIES('3w8_LDwofEVAQQGZSjUEqA',$,$,$,(#8367),#13688);
#13690= IFCPROPERTYSINGLEVALUE('FireRating',$,$,$);
#13691= IFCPROPERTYSINGLEVALUE('Reference',$,$,$);
#13692= IFCPROPERTYSINGLEVALUE('ThermalTransmittance',$,$,$);
#13693= IFCPROPERTYSET('3TVQdcVZfCfB34KbWrTFLd',$,'Pset_SlabCommon',$,(#13690,#13691,#13692));
#13694= IFCRELDEFINESBYPROPERTIES('1RfGQh8sT56w3rAxB0B9Nm',$,$,$,(#8367),#13693);
#13695= IFCQUANTITYAREA('NetArea',$,$,7.228799999999951,$);
#13696= IFCQUANTITYVOLUME('NetVolume',$,$,0.578303999999996,$);
#13697= IFCQUANTITYWEIGHT('NetWeight',$,$,1330.099199999991242,$);
#13698= IFCQUANTITYLENGTH('Perimeter',$,$,11439.999999999959982,$);
#13699= IFCQUANTITYLENGTH('Width',$,$,80.,$);
#13700= IFCELEMENTQUANTITY('05UD_oJYH6gAZWgyNZwRmO',$,'Qto_SlabBaseQuantities',$,$,(#13695,#13696,#13697,#13698,#13699));
#13701= IFCRELDEFINESBYPROPERTIES('302m1WfrPBne6N6eQM7D0f',$,$,$,(#8367),#13700);
#13702= IFCPROPERTYSINGLEVALUE('Description',$,IFCLABEL('(\X2\043D04350442\X0\)'),$);
#13703= IFCPROPERTYSET('1q2T6AOH9Egf96FqAvw6t_',$,'Pset_ReinforcementBarPitchOfSlab',$,(#13702));
#13704= IFCRELDEFINESBYPROPERTIES('1zx3MnG719gh_OkKY80M7P',$,$,$,(#8430),#13703);
#13705= IFCPROPERTYSINGLEVALUE('FireRating',$,$,$);
#13706= IFCPROPERTYSINGLEVALUE('Reference',$,$,$);
#13707= IFCPROPERTYSINGLEVALUE('ThermalTransmittance',$,$,$);
#13708= IFCPROPERTYSET('1Yl1tazpnDz92P56Mbsldk',$,'Pset_SlabCommon',$,(#13705,#13706,#13707));
#13709= IFCRELDEFINESBYPROPERTIES('3N4oRbBAHBV8mVmCIbRxXN',$,$,$,(#8430),#13708);
#13710= IFCQUANTITYAREA('NetArea',$,$,83.903599999997198,$);
#13711= IFCQUANTITYVOLUME('NetVolume',$,$,8.390359999999719,$);
#13712= IFCQUANTITYWEIGHT('NetWeight',$,$,964.891399999967689,$);
#13713= IFCQUANTITYLENGTH('Perimeter',$,$,63359.999999999869033,$);
#13714= IFCQUANTITYLENGTH('Width',$,$,100.,$);
#13715= IFCELEMENTQUANTITY('0bjcXcVlz5fxV67RgOpPR$',$,'Qto_SlabBaseQuantities',$,$,(#13710,#13711,#13712,#13713,#13714));
#13716= IFCRELDEFINESBYPROPERTIES('3QRcPwsMD3$wQSMUZ1$XPH',$,$,$,(#8430),#13715);
#13717= IFCPROPERTYSINGLEVALUE('MassDensity',$,IFCMASSDENSITYMEASURE(115.),$);
#13718= IFCMATERIALPROPERTIES('Pset_MaterialCommon',$,(#13717),#8552);
#13719= IFCPROPERTYSINGLEVALUE('ThermalConductivity',$,IFCTHERMALCONDUCTIVITYMEASURE(0.03),$);
#13720= IFCMATERIALPROPERTIES('Pset_MaterialThermal',$,(#13719),#8552);
#13721= IFCPROPERTYSINGLEVALUE('Description',$,IFCLABEL('(\X2\043D04350442\X0\)'),$);
#13722= IFCPROPERTYSET('1Owc_DK2H1uwXna7P29SqY',$,'Pset_ReinforcementBarPitchOfSlab',$,(#13721));
#13723= IFCRELDEFINESBYPROPERTIES('1Pky$bCETBQu68SH4A72jM',$,$,$,(#8559),#13722);
#13724= IFCPROPERTYSINGLEVALUE('FireRating',$,$,$);
#13725= IFCPROPERTYSINGLEVALUE('Reference',$,$,$);
#13726= IFCPROPERTYSINGLEVALUE('ThermalTransmittance',$,$,$);
#13727= IFCPROPERTYSET('3Bic0T25T2u8BlE1cKUHZs',$,'Pset_SlabCommon',$,(#13724,#13725,#13726));
#13728= IFCRELDEFINESBYPROPERTIES('2iVZtuwJ115B1AoXoz3POW',$,$,$,(#8559),#13727);
#13729= IFCQUANTITYAREA('NetArea',$,$,6.121700000000024,$);
#13730= IFCQUANTITYVOLUME('NetVolume',$,$,0.612170000000002,$);
#13731= IFCQUANTITYWEIGHT('NetWeight',$,$,70.399550000000275,$);
#13732= IFCQUANTITYLENGTH('Perimeter',$,$,10620.072445684660124,$);
#13733= IFCQUANTITYLENGTH('Width',$,$,100.,$);
#13734= IFCELEMENTQUANTITY('2Ty8jUvBDEZvjRGcM1pE9e',$,'Qto_SlabBaseQuantities',$,$,(#13729,#13730,#13731,#13732,#13733));
#13735= IFCRELDEFINESBYPROPERTIES('33Gm4BOzf1xA6Xdpwy$7$a',$,$,$,(#8559),#13734);
#13736= IFCPROPERTYSINGLEVALUE('Description',$,IFCLABEL('(\X2\043D04350442\X0\)'),$);
#13737= IFCPROPERTYSET('3gg8J0z3X0kgGNDz7vaAhV',$,'Pset_ReinforcementBarPitchOfSlab',$,(#13736));
#13738= IFCRELDEFINESBYPROPERTIES('3_gHzgNeb87uaMiqhnpeGq',$,$,$,(#8622),#13737);
#13739= IFCPROPERTYSINGLEVALUE('FireRating',$,$,$);
#13740= IFCPROPERTYSINGLEVALUE('Reference',$,$,$);
#13741= IFCPROPERTYSINGLEVALUE('ThermalTransmittance',$,$,$);
#13742= IFCPROPERTYSET('30gov0L9nC$OBQYsNk2eVV',$,'Pset_SlabCommon',$,(#13739,#13740,#13741));
#13743= IFCRELDEFINESBYPROPERTIES('2BrKqQUNn0ww7kWV0k0Sea',$,$,$,(#8622),#13742);
#13744= IFCQUANTITYAREA('NetArea',$,$,7.228799999999949,$);
#13745= IFCQUANTITYVOLUME('NetVolume',$,$,0.722879999999995,$);
#13746= IFCQUANTITYWEIGHT('NetWeight',$,$,83.131199999999424,$);
#13747= IFCQUANTITYLENGTH('Perimeter',$,$,11439.99999999996362,$);
#13748= IFCQUANTITYLENGTH('Width',$,$,100.,$);
#13749= IFCELEMENTQUANTITY('0SyWR21f12dgQwJ0kCrQzw',$,'Qto_SlabBaseQuantities',$,$,(#13744,#13745,#13746,#13747,#13748));
#13750= IFCRELDEFINESBYPROPERTIES('3D2LsuDHX038TH8pTBpWsw',$,$,$,(#8622),#13749);
#13751= IFCPROPERTYSINGLEVALUE('Description',$,IFCLABEL('(\X2\043D04350442\X0\)'),$);
#13752= IFCPROPERTYSET('2Rtv1rYVXAjezkBsq_zc6k',$,'Pset_ReinforcementBarPitchOfSlab',$,(#13751));
#13753= IFCRELDEFINESBYPROPERTIES('2yCrqytFz4JAgwmbGOZwO4',$,$,$,(#8685),#13752);
#13754= IFCPROPERTYSINGLEVALUE('FireRating',$,$,$);
#13755= IFCPROPERTYSINGLEVALUE('Reference',$,$,$);
#13756= IFCPROPERTYSINGLEVALUE('ThermalTransmittance',$,$,$);
#13757= IFCPROPERTYSET('06cgK4QBb19gGwS3Z6a6yM',$,'Pset_SlabCommon',$,(#13754,#13755,#13756));
#13758= IFCRELDEFINESBYPROPERTIES('1Y2Ruk6P5ApuhsiDCYVn_m',$,$,$,(#8685),#13757);
#13759= IFCQUANTITYAREA('NetArea',$,$,17.560400000000062,$);
#13760= IFCQUANTITYVOLUME('NetVolume',$,$,7.902180000000029,$);
#13761= IFCQUANTITYWEIGHT('NetWeight',$,$,18175.014000000064698,$);
#13762= IFCQUANTITYLENGTH('Perimeter',$,$,17999.999999999989086,$);
#13763= IFCQUANTITYLENGTH('Width',$,$,450.,$);
#13764= IFCELEMENTQUANTITY('2pyiP27hT6gRLJOHoUwxGm',$,'Qto_SlabBaseQuantities',$,$,(#13759,#13760,#13761,#13762,#13763));
#13765= IFCRELDEFINESBYPROPERTIES('00m4m9UH1DDPK33ZNnyp75',$,$,$,(#8685),#13764);
#13766= IFCPROPERTYSINGLEVALUE('Description',$,IFCLABEL('(\X2\043D04350442\X0\)'),$);
#13767= IFCPROPERTYSET('2nGvtq_XLFjP7OsKVATARV',$,'Pset_ReinforcementBarPitchOfSlab',$,(#13766));
#13768= IFCRELDEFINESBYPROPERTIES('1s9xSVQCr7Xv4fo9dP3RfF',$,$,$,(#8735),#13767);
#13769= IFCPROPERTYSINGLEVALUE('FireRating',$,$,$);
#13770= IFCPROPERTYSINGLEVALUE('Reference',$,$,$);
#13771= IFCPROPERTYSINGLEVALUE('ThermalTransmittance',$,$,$);
#13772= IFCPROPERTYSET('2e0ZoAcZr1ou0k7pUCAIK5',$,'Pset_SlabCommon',$,(#13769,#13770,#13771));
#13773= IFCRELDEFINESBYPROPERTIES('3FpfrgW0T0nOmezeKDP6GP',$,$,$,(#8735),#13772);
#13774= IFCQUANTITYAREA('NetArea',$,$,1.349999999999998,$);
#13775= IFCQUANTITYVOLUME('NetVolume',$,$,0.607499999999999,$);
#13776= IFCQUANTITYWEIGHT('NetWeight',$,$,1397.249999999997726,$);
#13777= IFCQUANTITYLENGTH('Perimeter',$,$,4799.999999999996362,$);
#13778= IFCQUANTITYLENGTH('Width',$,$,450.,$);
#13779= IFCELEMENTQUANTITY('31tVNF0RL6$etsAKZMQhXF',$,'Qto_SlabBaseQuantities',$,$,(#13774,#13775,#13776,#13777,#13778));
#13780= IFCRELDEFINESBYPROPERTIES('2pJ52DcRL59R8TH2TLoiZt',$,$,$,(#8735),#13779);
#13781= IFCPROPERTYSINGLEVALUE('Description',$,IFCLABEL('(\X2\043D04350442\X0\)'),$);
#13782= IFCPROPERTYSET('3j1hzIcgr0xwmCVEh_mkpy',$,'Pset_ReinforcementBarPitchOfSlab',$,(#13781));
#13783= IFCRELDEFINESBYPROPERTIES('2rUjPQqIvFHxYmaqOj7bbO',$,$,$,(#8784),#13782);
#13784= IFCPROPERTYSINGLEVALUE('FireRating',$,$,$);
#13785= IFCPROPERTYSINGLEVALUE('Reference',$,$,$);
#13786= IFCPROPERTYSINGLEVALUE('ThermalTransmittance',$,$,$);
#13787= IFCPROPERTYSET('2a3qtz4hX62QLecuSsTTjo',$,'Pset_SlabCommon',$,(#13784,#13785,#13786));
#13788= IFCRELDEFINESBYPROPERTIES('2ZVBwTrJv51A2_442kiteC',$,$,$,(#8784),#13787);
#13789= IFCQUANTITYAREA('NetArea',$,$,4.785000000000047,$);
#13790= IFCQUANTITYVOLUME('NetVolume',$,$,2.153250000000022,$);
#13791= IFCQUANTITYWEIGHT('NetWeight',$,$,4952.475000000049477,$);
#13792= IFCQUANTITYLENGTH('Perimeter',$,$,9500.000000000032742,$);
#13793= IFCQUANTITYLENGTH('Width',$,$,450.,$);
#13794= IFCELEMENTQUANTITY('2kXp$LgET5afQCeRifnluy',$,'Qto_SlabBaseQuantities',$,$,(#13789,#13790,#13791,#13792,#13793));
#13795= IFCRELDEFINESBYPROPERTIES('1tkAbZGAXECgbPmctJN5ST',$,$,$,(#8784),#13794);
#13796= IFCPRESENTATIONLAYERASSIGNMENT('A-M-Stair',$,(#8899,#8968,#9091,#9105,#9173),$);
#13797= IFCPROPERTYSINGLEVALUE('NumberOfRiser',$,IFCINTEGER(3),$);
#13798= IFCPROPERTYSINGLEVALUE('NumberOfTreads',$,IFCINTEGER(3),$);
#13799= IFCPROPERTYSINGLEVALUE('Reference',$,$,$);
#13800= IFCPROPERTYSINGLEVALUE('RiserHeight',$,IFCNONNEGATIVELENGTHMEASURE(150.),$);
#13801= IFCPROPERTYSET('3vYjJIevzDzfOJs$a3Q4xi',$,'Pset_StairFlightCommon',$,(#13797,#13798,#13799,#13800));
#13802= IFCRELDEFINESBYPROPERTIES('3xiUlilczAPAhXThEKGdnM',$,$,$,(#8833),#13801);
#13803= IFCQUANTITYVOLUME('NetVolume',$,$,1.329900000000025,$);
#13804= IFCELEMENTQUANTITY('2raJbh6eTCRQqeb$Zs5wLi',$,'Qto_StairFlightBaseQuantities',$,$,(#13803));
#13805= IFCRELDEFINESBYPROPERTIES('1EWf9ScvjDgAOsbGcNQZ4I',$,$,$,(#8833),#13804);
#13806= IFCPROPERTYSINGLEVALUE('NumberOfRiser',$,IFCINTEGER(3),$);
#13807= IFCPROPERTYSINGLEVALUE('NumberOfTreads',$,IFCINTEGER(3),$);
#13808= IFCPROPERTYSINGLEVALUE('Reference',$,$,$);
#13809= IFCPROPERTYSINGLEVALUE('RiserHeight',$,IFCNONNEGATIVELENGTHMEASURE(150.),$);
#13810= IFCPROPERTYSET('0lPWc6D2P5teVB3dhQ8sPJ',$,'Pset_StairFlightCommon',$,(#13806,#13807,#13808,#13809));
#13811= IFCRELDEFINESBYPROPERTIES('0pkraO9Oj9_8jwtMaon7XI',$,$,$,(#8902),#13810);
#13812= IFCQUANTITYVOLUME('NetVolume',$,$,0.388457111267749,$);
#13813= IFCELEMENTQUANTITY('0cCQNCURXC6g4YL$QyI6jA',$,'Qto_StairFlightBaseQuantities',$,$,(#13812));
#13814= IFCRELDEFINESBYPROPERTIES('1VUbkBByP0xOC8jgdd8lOz',$,$,$,(#8902),#13813);
#13815= IFCPROPERTYSINGLEVALUE('NumberOfRiser',$,IFCINTEGER(8),$);
#13816= IFCPROPERTYSINGLEVALUE('NumberOfTreads',$,IFCINTEGER(8),$);
#13817= IFCPROPERTYSINGLEVALUE('Reference',$,$,$);
#13818= IFCPROPERTYSINGLEVALUE('RiserHeight',$,IFCNONNEGATIVELENGTHMEASURE(200.),$);
#13819= IFCPROPERTYSET('21PfgpiXTDpA_TxXoY7Ney',$,'Pset_StairFlightCommon',$,(#13815,#13816,#13817,#13818));
#13820= IFCRELDEFINESBYPROPERTIES('2gwIV40bb67fPsxz7pKtts',$,$,$,(#8970),#13819);
#13821= IFCQUANTITYVOLUME('NetVolume',$,$,0.494517626116342,$);
#13822= IFCELEMENTQUANTITY('2ziaHoaDbBWx5bo9rTiL_o',$,'Qto_StairFlightBaseQuantities',$,$,(#13821));
#13823= IFCRELDEFINESBYPROPERTIES('29Eo$HxLLCyhJqut5$MLpa',$,$,$,(#8970),#13822);
#13824= IFCPROPERTYSINGLEVALUE('NumberOfRiser',$,IFCINTEGER(8),$);
#13825= IFCPROPERTYSINGLEVALUE('NumberOfTreads',$,IFCINTEGER(8),$);
#13826= IFCPROPERTYSINGLEVALUE('Reference',$,$,$);
#13827= IFCPROPERTYSINGLEVALUE('RiserHeight',$,IFCNONNEGATIVELENGTHMEASURE(200.),$);
#13828= IFCPROPERTYSET('2RWJ_gw_5Bd9RLtsPwDTR7',$,'Pset_StairFlightCommon',$,(#13824,#13825,#13826,#13827));
#13829= IFCRELDEFINESBYPROPERTIES('1BXgqDMOn5wPvmoY7Io8pq',$,$,$,(#9093),#13828);
#13830= IFCQUANTITYVOLUME('NetVolume',$,$,0.494517626116342,$);
#13831= IFCELEMENTQUANTITY('33VWjK9H974xoX5ZiRS0I$',$,'Qto_StairFlightBaseQuantities',$,$,(#13830));
#13832= IFCRELDEFINESBYPROPERTIES('1vXXFoTa99aQH$0H1$DgDr',$,$,$,(#9093),#13831);
#13833= IFCPROPERTYSINGLEVALUE('NumberOfRiser',$,IFCINTEGER(3),$);
#13834= IFCPROPERTYSINGLEVALUE('NumberOfTreads',$,IFCINTEGER(3),$);
#13835= IFCPROPERTYSINGLEVALUE('Reference',$,$,$);
#13836= IFCPROPERTYSINGLEVALUE('RiserHeight',$,IFCNONNEGATIVELENGTHMEASURE(150.),$);
#13837= IFCPROPERTYSET('2FsG$OTCb8j8c27_MbuqDH',$,'Pset_StairFlightCommon',$,(#13833,#13834,#13835,#13836));
#13838= IFCRELDEFINESBYPROPERTIES('3iP0MdrSn8ofw5AhZriC_7',$,$,$,(#9107),#13837);
#13839= IFCQUANTITYVOLUME('NetVolume',$,$,0.854605644789048,$);
#13840= IFCELEMENTQUANTITY('2Q2dciXnb1xAGR2A7sxrzE',$,'Qto_StairFlightBaseQuantities',$,$,(#13839));
#13841= IFCRELDEFINESBYPROPERTIES('0oKUsQA1DCHQK6GX3Wnkfk',$,$,$,(#9107),#13840);
#13842= IFCPRESENTATIONLAYERASSIGNMENT('A-M-Railing',$,(#9579,#9955,#10134,#10308,#10578,#10849),$);
#13843= IFCPROPERTYSINGLEVALUE('Height',$,IFCNONNEGATIVELENGTHMEASURE(1000.),$);
#13844= IFCPROPERTYSINGLEVALUE('Reference',$,$,$);
#13845= IFCPROPERTYSET('3PgmxkKz92s89bhZiktzqp',$,'Pset_RailingCommon',$,(#13843,#13844));
#13846= IFCRELDEFINESBYPROPERTIES('0K7eHcsvT06fOAfqYA3TOZ',$,$,$,(#9175),#13845);
#13847= IFCQUANTITYLENGTH('Length',$,$,5926.921694842690158,$);
#13848= IFCELEMENTQUANTITY('1cagrrG6j2Q98KErp5dFGs',$,'Qto_RailingBaseQuantities',$,$,(#13847));
#13849= IFCRELDEFINESBYPROPERTIES('3yl0G71bv2RgmLszXLfED9',$,$,$,(#9175),#13848);
#13850= IFCPROPERTYSINGLEVALUE('Height',$,IFCNONNEGATIVELENGTHMEASURE(1000.),$);
#13851= IFCPROPERTYSINGLEVALUE('Reference',$,$,$);
#13852= IFCPROPERTYSET('3y_ZNhlpLC1v4zq2BIfJZn',$,'Pset_RailingCommon',$,(#13850,#13851));
#13853= IFCRELDEFINESBYPROPERTIES('3_pBrXIT17uuaO5liZb$Jh',$,$,$,(#9599),#13852);
#13854= IFCQUANTITYLENGTH('Length',$,$,2749.917572043334076,$);
#13855= IFCELEMENTQUANTITY('3IsHIvVqX6UBNH0iUM2nsC',$,'Qto_RailingBaseQuantities',$,$,(#13854));
#13856= IFCRELDEFINESBYPROPERTIES('2fPRrNMof4KwS1lTK16aq2',$,$,$,(#9599),#13855);
#13857= IFCPROPERTYSINGLEVALUE('Height',$,IFCNONNEGATIVELENGTHMEASURE(1000.),$);
#13858= IFCPROPERTYSINGLEVALUE('Reference',$,$,$);
#13859= IFCPROPERTYSET('0po6DOscjBBhgeSurXpCUB',$,'Pset_RailingCommon',$,(#13857,#13858));
#13860= IFCRELDEFINESBYPROPERTIES('1GIDeOG1v9RfsQpLgesbD4',$,$,$,(#9964),#13859);
#13861= IFCQUANTITYLENGTH('Length',$,$,833.028679699098575,$);
#13862= IFCELEMENTQUANTITY('39jhrJkPL88QJx4d2SOKds',$,'Qto_RailingBaseQuantities',$,$,(#13861));
#13863= IFCRELDEFINESBYPROPERTIES('1bn0FJ2ZjEwfOqEsbu_B_D',$,$,$,(#9964),#13862);
#13864= IFCPROPERTYSINGLEVALUE('Height',$,IFCNONNEGATIVELENGTHMEASURE(1000.),$);
#13865= IFCPROPERTYSINGLEVALUE('Reference',$,$,$);
#13866= IFCPROPERTYSET('3Hn$N4CsX2OOyGvLdd8Aow',$,'Pset_RailingCommon',$,(#13864,#13865));
#13867= IFCRELDEFINESBYPROPERTIES('2ZMIl8bjrBX9G6YwGrZuof',$,$,$,(#10138),#13866);
#13868= IFCQUANTITYLENGTH('Length',$,$,833.028679699098575,$);
#13869= IFCELEMENTQUANTITY('06GRKRsxbF1RA$hJosMuiG',$,'Qto_RailingBaseQuantities',$,$,(#13868));
#13870= IFCRELDEFINESBYPROPERTIES('3JwW1iwHjAGBDVajVQ9cJG',$,$,$,(#10138),#13869);
#13871= IFCPROPERTYSINGLEVALUE('Height',$,IFCNONNEGATIVELENGTHMEASURE(1000.),$);
#13872= IFCPROPERTYSINGLEVALUE('Reference',$,$,$);
#13873= IFCPROPERTYSET('3q1QxJYyr168EkdKJlUAMc',$,'Pset_RailingCommon',$,(#13871,#13872));
#13874= IFCRELDEFINESBYPROPERTIES('0yj$bbsfD4HeTOxTjvQYZ9',$,$,$,(#10312),#13873);
#13875= IFCQUANTITYLENGTH('Length',$,$,1325.268261756051743,$);
#13876= IFCELEMENTQUANTITY('0rvINCm7nBWPiuL4I8Ow1T',$,'Qto_RailingBaseQuantities',$,$,(#13875));
#13877= IFCRELDEFINESBYPROPERTIES('0hP_vjMM98zPAnCwlHO85P',$,$,$,(#10312),#13876);
#13878= IFCPROPERTYSINGLEVALUE('Height',$,IFCNONNEGATIVELENGTHMEASURE(1000.),$);
#13879= IFCPROPERTYSINGLEVALUE('Reference',$,$,$);
#13880= IFCPROPERTYSET('3CyU8Drs97jhC$AK7HBMAR',$,'Pset_RailingCommon',$,(#13878,#13879));
#13881= IFCRELDEFINESBYPROPERTIES('0Vz_ScArrBCwyCfdy8lCtu',$,$,$,(#10583),#13880);
#13882= IFCQUANTITYLENGTH('Length',$,$,1325.268261756051743,$);
#13883= IFCELEMENTQUANTITY('1pM8Nc1JL8FQlEkjvI9KGK',$,'Qto_RailingBaseQuantities',$,$,(#13882));
#13884= IFCRELDEFINESBYPROPERTIES('3zL$UW6GLFCfjQ6u$tSnt5',$,$,$,(#10583),#13883);
#13885= IFCPRESENTATIONLAYERASSIGNMENT('A-M-Space',$,(#10864,#10872,#10885,#10893,#10905,#10913,#10925,#10933,#10945,#10953,#10965,#10973),$);
#13886= IFCPROPERTYSINGLEVALUE('CeilingCovering',$,$,$);
#13887= IFCPROPERTYSINGLEVALUE('FloorCovering',$,$,$);
#13888= IFCPROPERTYSINGLEVALUE('WallCovering',$,$,$);
#13889= IFCPROPERTYSET('0jxsNx$rHDNR01eHJ$rCuJ',$,'Pset_SpaceCoveringRequirements',$,(#13886,#13887,#13888));
#13890= IFCRELDEFINESBYPROPERTIES('1oz_6R2VD83QU5$XFi4H_z',$,$,$,(#10854),#13889);
#13891= IFCQUANTITYAREA('GrossCeilingArea',$,$,20.339199999999909,$);
#13892= IFCQUANTITYAREA('GrossFloorArea',$,$,20.339199999999909,$);
#13893= IFCQUANTITYLENGTH('GrossPerimeter',$,$,18039.999999999967258,$);
#13894= IFCQUANTITYVOLUME('GrossVolume',$,$,56.949759999999777,$);
#13895= IFCQUANTITYAREA('GrossWallArea',$,$,50.511999999999901,$);
#13896= IFCQUANTITYLENGTH('Height',$,$,2800.,$);
#13897= IFCQUANTITYAREA('NetCeilingArea',$,$,0.,$);
#13898= IFCQUANTITYAREA('NetFloorArea',$,$,0.,$);
#13899= IFCQUANTITYLENGTH('NetPerimeter',$,$,0.,$);
#13900= IFCQUANTITYVOLUME('NetVolume',$,$,56.949759999999777,$);
#13901= IFCQUANTITYAREA('NetWallArea',$,$,39.451999999999892,$);
#13902= IFCELEMENTQUANTITY('16rX4dIpT7MQ0bLxGOKDBh',$,'Qto_SpaceBaseQuantities',$,$,(#13891,#13892,#13893,#13894,#13895,#13896,#13897,#13898,#13899,#13900,#13901));
#13903= IFCRELDEFINESBYPROPERTIES('1c3BDrYg17jAzt$t1p_3WX',$,$,$,(#10854),#13902);
#13904= IFCPROPERTYSINGLEVALUE('CeilingCovering',$,$,$);
#13905= IFCPROPERTYSINGLEVALUE('FloorCovering',$,$,$);
#13906= IFCPROPERTYSINGLEVALUE('WallCovering',$,$,$);
#13907= IFCPROPERTYSET('1fE8lbLDnBbhRviGArmLhr',$,'Pset_SpaceCoveringRequirements',$,(#13904,#13905,#13906));
#13908= IFCRELDEFINESBYPROPERTIES('3YD449xQz0tvEIuiBe1bdm',$,$,$,(#10875),#13907);
#13909= IFCQUANTITYAREA('GrossCeilingArea',$,$,5.659499832222887,$);
#13910= IFCQUANTITYAREA('GrossFloorArea',$,$,5.659499832222887,$);
#13911= IFCQUANTITYLENGTH('GrossPerimeter',$,$,9730.01666357551585,$);
#13912= IFCQUANTITYVOLUME('GrossVolume',$,$,15.846599530224072,$);
#13913= IFCQUANTITYAREA('GrossWallArea',$,$,27.244046658011442,$);
#13914= IFCQUANTITYLENGTH('Height',$,$,2800.,$);
#13915= IFCQUANTITYAREA('NetCeilingArea',$,$,0.,$);
#13916= IFCQUANTITYAREA('NetFloorArea',$,$,5.659499832222887,$);
#13917= IFCQUANTITYLENGTH('NetPerimeter',$,$,8830.016663575517669,$);
#13918= IFCQUANTITYVOLUME('NetVolume',$,$,15.846599530224072,$);
#13919= IFCQUANTITYAREA('NetWallArea',$,$,24.634046658011442,$);
#13920= IFCELEMENTQUANTITY('31Cyo_0Hb2jvpfe2GtzCzV',$,'Qto_SpaceBaseQuantities',$,$,(#13909,#13910,#13911,#13912,#13913,#13914,#13915,#13916,#13917,#13918,#13919));
#13921= IFCRELDEFINESBYPROPERTIES('0qr3Z5gaLAbPpeb4JHtrQ6',$,$,$,(#10875),#13920);
#13922= IFCPROPERTYSINGLEVALUE('CeilingCovering',$,$,$);
#13923= IFCPROPERTYSINGLEVALUE('FloorCovering',$,$,$);
#13924= IFCPROPERTYSINGLEVALUE('WallCovering',$,$,$);
#13925= IFCPROPERTYSET('1$k11gzK91pxvPC2Z1bUmb',$,'Pset_SpaceCoveringRequirements',$,(#13922,#13923,#13924));
#13926= IFCRELDEFINESBYPROPERTIES('1kJY_g8K98VBm4HHVVfb4D',$,$,$,(#10895),#13925);
#13927= IFCQUANTITYAREA('GrossCeilingArea',$,$,6.64439999999997,$);
#13928= IFCQUANTITYAREA('GrossFloorArea',$,$,6.64439999999997,$);
#13929= IFCQUANTITYLENGTH('GrossPerimeter',$,$,10399.999999999996362,$);
#13930= IFCQUANTITYVOLUME('GrossVolume',$,$,18.604319999999944,$);
#13931= IFCQUANTITYAREA('GrossWallArea',$,$,29.119999999999987,$);
#13932= IFCQUANTITYLENGTH('Height',$,$,2800.,$);
#13933= IFCQUANTITYAREA('NetCeilingArea',$,$,0.,$);
#13934= IFCQUANTITYAREA('NetFloorArea',$,$,6.64439999999997,$);
#13935= IFCQUANTITYLENGTH('NetPerimeter',$,$,9400.000000000003638,$);
#13936= IFCQUANTITYVOLUME('NetVolume',$,$,18.604319999999944,$);
#13937= IFCQUANTITYAREA('NetWallArea',$,$,27.020000000000007,$);
#13938= IFCELEMENTQUANTITY('2MGCAFjBv2FfS6gu3Hev5l',$,'Qto_SpaceBaseQuantities',$,$,(#13927,#13928,#13929,#13930,#13931,#13932,#13933,#13934,#13935,#13936,#13937));
#13939= IFCRELDEFINESBYPROPERTIES('3oUWhTNG15Dw4FzFZ2BKci',$,$,$,(#10895),#13938);
#13940= IFCPROPERTYSINGLEVALUE('CeilingCovering',$,$,$);
#13941= IFCPROPERTYSINGLEVALUE('FloorCovering',$,$,$);
#13942= IFCPROPERTYSINGLEVALUE('WallCovering',$,$,$);
#13943= IFCPROPERTYSET('3UzkJk1GX5EekTK6E9fK1x',$,'Pset_SpaceCoveringRequirements',$,(#13940,#13941,#13942));
#13944= IFCRELDEFINESBYPROPERTIES('0ELZrSTrX6lfPztQD9mr2o',$,$,$,(#10915),#13943);
#13945= IFCQUANTITYAREA('GrossCeilingArea',$,$,17.146799999999928,$);
#13946= IFCQUANTITYAREA('GrossFloorArea',$,$,17.146799999999928,$);
#13947= IFCQUANTITYLENGTH('GrossPerimeter',$,$,23259.999999999941792,$);
#13948= IFCQUANTITYVOLUME('GrossVolume',$,$,42.326459999999777,$);
#13949= IFCQUANTITYAREA('GrossWallArea',$,$,53.841999999999878,$);
#13950= IFCQUANTITYLENGTH('Height',$,$,2800.,$);
#13951= IFCQUANTITYAREA('NetCeilingArea',$,$,1.960199999999988,$);
#13952= IFCQUANTITYAREA('NetFloorArea',$,$,1.960199999999988,$);
#13953= IFCQUANTITYLENGTH('NetPerimeter',$,$,3959.999999999983629,$);
#13954= IFCQUANTITYVOLUME('NetVolume',$,$,42.326459999999777,$);
#13955= IFCQUANTITYAREA('NetWallArea',$,$,44.457999999999878,$);
#13956= IFCELEMENTQUANTITY('0ArBzQrtr7egN6naXod2ed',$,'Qto_SpaceBaseQuantities',$,$,(#13945,#13946,#13947,#13948,#13949,#13950,#13951,#13952,#13953,#13954,#13955));
#13957= IFCRELDEFINESBYPROPERTIES('0t7liCAXP7zxITHYDs6nNS',$,$,$,(#10915),#13956);
#13958= IFCPROPERTYSINGLEVALUE('CeilingCovering',$,$,$);
#13959= IFCPROPERTYSINGLEVALUE('FloorCovering',$,$,$);
#13960= IFCPROPERTYSINGLEVALUE('WallCovering',$,$,$);
#13961= IFCPROPERTYSET('3fAiDNaw1CsuNNKZXb8GFA',$,'Pset_SpaceCoveringRequirements',$,(#13958,#13959,#13960));
#13962= IFCRELDEFINESBYPROPERTIES('20K4LB1mDFrBmUY6qPjMmv',$,$,$,(#10935),#13961);
#13963= IFCQUANTITYAREA('GrossCeilingArea',$,$,14.468999999999975,$);
#13964= IFCQUANTITYAREA('GrossFloorArea',$,$,14.468999999999975,$);
#13965= IFCQUANTITYLENGTH('GrossPerimeter',$,$,15459.999999999996362,$);
#13966= IFCQUANTITYVOLUME('GrossVolume',$,$,40.513199999999941,$);
#13967= IFCQUANTITYAREA('GrossWallArea',$,$,43.287999999999982,$);
#13968= IFCQUANTITYLENGTH('Height',$,$,2800.,$);
#13969= IFCQUANTITYAREA('NetCeilingArea',$,$,0.,$);
#13970= IFCQUANTITYAREA('NetFloorArea',$,$,0.,$);
#13971= IFCQUANTITYLENGTH('NetPerimeter',$,$,0.,$);
#13972= IFCQUANTITYVOLUME('NetVolume',$,$,40.513199999999941,$);
#13973= IFCQUANTITYAREA('NetWallArea',$,$,38.338000000000029,$);
#13974= IFCELEMENTQUANTITY('27nwCH4xX6WhXJZUkAJnUj',$,'Qto_SpaceBaseQuantities',$,$,(#13963,#13964,#13965,#13966,#13967,#13968,#13969,#13970,#13971,#13972,#13973));
#13975= IFCRELDEFINESBYPROPERTIES('2ZnEa4$QL8KxUz_L1$gj83',$,$,$,(#10935),#13974);
#13976= IFCPROPERTYSINGLEVALUE('CeilingCovering',$,$,$);
#13977= IFCPROPERTYSINGLEVALUE('FloorCovering',$,$,$);
#13978= IFCPROPERTYSINGLEVALUE('WallCovering',$,$,$);
#13979= IFCPROPERTYSET('3mK8HqVf15d8Ml_bBWUw9d',$,'Pset_SpaceCoveringRequirements',$,(#13976,#13977,#13978));
#13980= IFCRELDEFINESBYPROPERTIES('02KMGj0qr9Ug9zpBPavMMH',$,$,$,(#10955),#13979);
#13981= IFCQUANTITYAREA('GrossCeilingArea',$,$,3.266999999999982,$);
#13982= IFCQUANTITYAREA('GrossFloorArea',$,$,3.266999999999982,$);
#13983= IFCQUANTITYLENGTH('GrossPerimeter',$,$,7259.999999999975444,$);
#13984= IFCQUANTITYVOLUME('GrossVolume',$,$,9.147599999999944,$);
#13985= IFCQUANTITYAREA('GrossWallArea',$,$,20.327999999999932,$);
#13986= IFCQUANTITYLENGTH('Height',$,$,2800.,$);
#13987= IFCQUANTITYAREA('NetCeilingArea',$,$,0.,$);
#13988= IFCQUANTITYAREA('NetFloorArea',$,$,0.,$);
#13989= IFCQUANTITYLENGTH('NetPerimeter',$,$,0.,$);
#13990= IFCQUANTITYVOLUME('NetVolume',$,$,9.147599999999944,$);
#13991= IFCQUANTITYAREA('NetWallArea',$,$,16.547999999999927,$);
#13992= IFCELEMENTQUANTITY('0D6XQREXr7YQE6q7CKhY3D',$,'Qto_SpaceBaseQuantities',$,$,(#13981,#13982,#13983,#13984,#13985,#13986,#13987,#13988,#13989,#13990,#13991));
#13993= IFCRELDEFINESBYPROPERTIES('274FXQj9XFwBCldYhtWyal',$,$,$,(#10955),#13992);
#13994= IFCPRESENTATIONLAYERASSIGNMENT('MV-M-Equipment',$,(#11191,#11324,#11353),$);
#13995= IFCPROPERTYSINGLEVALUE('MassDensity',$,IFCMASSDENSITYMEASURE(7800.),$);
#13996= IFCMATERIALPROPERTIES('Pset_MaterialCommon',$,(#13995),#11193);
#13997= IFCPROPERTYSINGLEVALUE('ThermalConductivity',$,IFCTHERMALCONDUCTIVITYMEASURE(50.),$);
#13998= IFCMATERIALPROPERTIES('Pset_MaterialThermal',$,(#13997),#11193);
#13999= IFCPROPERTYSINGLEVALUE('Reference',$,$,$);
#14000= IFCPROPERTYSET('0K90MN$Nr3SgcaG_b9wjNY',$,'Pset_UnitaryEquipmentTypeCommon',$,(#13999));
#14001= IFCPROPERTYSINGLEVALUE('Reference',$,$,$);
#14002= IFCPROPERTYSET('2gaOnfQJLFCAtcwnb2CuEa',$,'Pset_UnitaryEquipmentTypeCommon',$,(#14001));
ENDSEC;
END-ISO-10303-21; 
